  0
SECTION
  2
HEADER
  9
$ACADVER
  1
AC1024
  9
$ACADMAINTVER
 70
     6
  9
$DWGCODEPAGE
  3
ANSI_936
  9
$INSBASE
 10
0.0
 20
0.0
 30
0.0
  9
$EXTMIN
 10
-31.43978168052141
 20
-39.60608509418764
 30
0.0
  9
$EXTMAX
 10
395.5934014487846
 20
140.2449274830227
 30
0.0
  9
$LIMMIN
 10
-105.0
 20
-148.5
  9
$LIMMAX
 10
105.0
 20
148.5
  9
$ORTHOMODE
 70
     0
  9
$REGENMODE
 70
     1
  9
$FILLMODE
 70
     1
  9
$QTEXTMODE
 70
     0
  9
$MIRRTEXT
 70
     1
  9
$LTSCALE
 40
1.0
  9
$ATTMODE
 70
     1
  9
$TEXTSIZE
 40
2.5
  9
$TRACEWID
 40
1.0
  9
$TEXTSTYLE
  7
标准
  9
$CLAYER
  8
粗实线层
  9
$CELTYPE
  6
ByLayer
  9
$CECOLOR
 62
   256
  9
$CELTSCALE
 40
1.0
  9
$DISPSILH
 70
     0
  9
$DIMSCALE
 40
1.0
  9
$DIMASZ
 40
4.0
  9
$DIMEXO
 40
0.0
  9
$DIMDLI
 40
10.0
  9
$DIMRND
 40
0.0
  9
$DIMDLE
 40
6.0
  9
$DIMEXE
 40
2.0
  9
$DIMTP
 40
0.0
  9
$DIMTM
 40
0.0
  9
$DIMTXT
 40
3.5
  9
$DIMCEN
 40
0.0
  9
$DIMTSZ
 40
0.0
  9
$DIMTOL
 70
     0
  9
$DIMLIM
 70
     0
  9
$DIMTIH
 70
     0
  9
$DIMTOH
 70
     0
  9
$DIMSE1
 70
     0
  9
$DIMSE2
 70
     0
  9
$DIMTAD
 70
     1
  9
$DIMZIN
 70
     8
  9
$DIMBLK
  1
CAXARROW
  9
$DIMASO
 70
     1
  9
$DIMSHO
 70
     1
  9
$DIMPOST
  1

  9
$DIMAPOST
  1

  9
$DIMALT
 70
     0
  9
$DIMALTD
 70
     2
  9
$DIMALTF
 40
1.0
  9
$DIMLFAC
 40
1.0
  9
$DIMTOFL
 70
     1
  9
$DIMTVP
 40
0.0
  9
$DIMTIX
 70
     0
  9
$DIMSOXD
 70
     0
  9
$DIMSAH
 70
     0
  9
$DIMBLK1
  1

  9
$DIMBLK2
  1

  9
$DIMSTYLE
  2
GB_尺寸
  9
$DIMCLRD
 70
     0
  9
$DIMCLRE
 70
     0
  9
$DIMCLRT
 70
     0
  9
$DIMTFAC
 40
0.7071067811865475
  9
$DIMGAP
 40
0.625
  9
$DIMJUST
 70
     0
  9
$DIMSD1
 70
     0
  9
$DIMSD2
 70
     0
  9
$DIMTOLJ
 70
     1
  9
$DIMTZIN
 70
     0
  9
$DIMALTZ
 70
     0
  9
$DIMALTTZ
 70
     0
  9
$DIMUPT
 70
     0
  9
$DIMDEC
 70
     2
  9
$DIMTDEC
 70
     3
  9
$DIMALTU
 70
     2
  9
$DIMALTTD
 70
     3
  9
$DIMTXSTY
  7
标准
  9
$DIMAUNIT
 70
     0
  9
$DIMADEC
 70
     2
  9
$DIMALTRND
 40
0.0
  9
$DIMAZIN
 70
     2
  9
$DIMDSEP
 70
    46
  9
$DIMATFIT
 70
     3
  9
$DIMFRAC
 70
     2
  9
$DIMLDRBLK
  1

  9
$DIMLUNIT
 70
     2
  9
$DIMLWD
 70
    -2
  9
$DIMLWE
 70
    -2
  9
$DIMTMOVE
 70
     2
  9
$DIMFXL
 40
1.0
  9
$DIMFXLON
 70
     0
  9
$DIMJOGANG
 40
0.7853981633974483
  9
$DIMTFILL
 70
     0
  9
$DIMTFILLCLR
 70
     0
  9
$DIMARCSYM
 70
     1
  9
$DIMLTYPE
  6
Continuous
  9
$DIMLTEX1
  6
Continuous
  9
$DIMLTEX2
  6
Continuous
  9
$DIMTXTDIRECTION
 70
     0
  9
$LUNITS
 70
     2
  9
$LUPREC
 70
     4
  9
$SKETCHINC
 40
1.0
  9
$FILLETRAD
 40
10.0
  9
$AUNITS
 70
     0
  9
$AUPREC
 70
     0
  9
$MENU
  1
.
  9
$ELEVATION
 40
0.0
  9
$PELEVATION
 40
0.0
  9
$THICKNESS
 40
0.0
  9
$LIMCHECK
 70
     0
  9
$CHAMFERA
 40
0.0
  9
$CHAMFERB
 40
0.0
  9
$CHAMFERC
 40
0.0
  9
$CHAMFERD
 40
0.0
  9
$SKPOLY
 70
     0
  9
$TDCREATE
 40
2460378.812861806
  9
$TDUCREATE
 40
2460378.479528472
  9
$TDUPDATE
 40
2460378.812862801
  9
$TDUUPDATE
 40
2460378.479529467
  9
$TDINDWG
 40
0.0000000116
  9
$TDUSRTIMER
 40
0.0000000116
  9
$USRTIMER
 70
     1
  9
$ANGBASE
 50
0.0
  9
$ANGDIR
 70
     0
  9
$PDMODE
 70
     0
  9
$PDSIZE
 40
-5.0
  9
$PLINEWID
 40
0.0
  9
$SPLFRAME
 70
     0
  9
$SPLINETYPE
 70
     6
  9
$SPLINESEGS
 70
     8
  9
$HANDSEED
  5
349
  9
$SURFTAB1
 70
     6
  9
$SURFTAB2
 70
     6
  9
$SURFTYPE
 70
     6
  9
$SURFU
 70
     6
  9
$SURFV
 70
     6
  9
$UCSBASE
  2

  9
$UCSNAME
  2

  9
$UCSORG
 10
0.0
 20
0.0
 30
0.0
  9
$UCSXDIR
 10
1.0
 20
0.0
 30
0.0
  9
$UCSYDIR
 10
0.0
 20
1.0
 30
0.0
  9
$UCSORTHOREF
  2

  9
$UCSORTHOVIEW
 70
     0
  9
$UCSORGTOP
 10
0.0
 20
0.0
 30
0.0
  9
$UCSORGBOTTOM
 10
0.0
 20
0.0
 30
0.0
  9
$UCSORGLEFT
 10
0.0
 20
0.0
 30
0.0
  9
$UCSORGRIGHT
 10
0.0
 20
0.0
 30
0.0
  9
$UCSORGFRONT
 10
0.0
 20
0.0
 30
0.0
  9
$UCSORGBACK
 10
0.0
 20
0.0
 30
0.0
  9
$PUCSBASE
  2

  9
$PUCSNAME
  2

  9
$PUCSORG
 10
0.0
 20
0.0
 30
0.0
  9
$PUCSXDIR
 10
1.0
 20
0.0
 30
0.0
  9
$PUCSYDIR
 10
0.0
 20
1.0
 30
0.0
  9
$PUCSORTHOREF
  2

  9
$PUCSORTHOVIEW
 70
     0
  9
$PUCSORGTOP
 10
0.0
 20
0.0
 30
0.0
  9
$PUCSORGBOTTOM
 10
0.0
 20
0.0
 30
0.0
  9
$PUCSORGLEFT
 10
0.0
 20
0.0
 30
0.0
  9
$PUCSORGRIGHT
 10
0.0
 20
0.0
 30
0.0
  9
$PUCSORGFRONT
 10
0.0
 20
0.0
 30
0.0
  9
$PUCSORGBACK
 10
0.0
 20
0.0
 30
0.0
  9
$USERI1
 70
     0
  9
$USERI2
 70
     0
  9
$USERI3
 70
     0
  9
$USERI4
 70
     0
  9
$USERI5
 70
     0
  9
$USERR1
 40
0.0
  9
$USERR2
 40
0.0
  9
$USERR3
 40
0.0
  9
$USERR4
 40
0.0
  9
$USERR5
 40
0.0
  9
$WORLDVIEW
 70
     1
  9
$SHADEDGE
 70
     3
  9
$SHADEDIF
 70
    70
  9
$TILEMODE
 70
     1
  9
$MAXACTVP
 70
    64
  9
$PINSBASE
 10
0.0
 20
0.0
 30
0.0
  9
$PLIMCHECK
 70
     0
  9
$PEXTMIN
 10
1.000000000000000E+20
 20
1.000000000000000E+20
 30
1.000000000000000E+20
  9
$PEXTMAX
 10
-1.000000000000000E+20
 20
-1.000000000000000E+20
 30
-1.000000000000000E+20
  9
$PLIMMIN
 10
0.0
 20
0.0
  9
$PLIMMAX
 10
420.0
 20
297.0
  9
$UNITMODE
 70
     0
  9
$VISRETAIN
 70
     1
  9
$PLINEGEN
 70
     0
  9
$PSLTSCALE
 70
     1
  9
$TREEDEPTH
 70
  3020
  9
$CMLSTYLE
  2
Standard
  9
$CMLJUST
 70
     0
  9
$CMLSCALE
 40
20.0
  9
$PROXYGRAPHICS
 70
     1
  9
$MEASUREMENT
 70
     1
  9
$CELWEIGHT
370
    -1
  9
$ENDCAPS
280
     0
  9
$JOINSTYLE
280
     0
  9
$LWDISPLAY
290
     0
  9
$INSUNITS
 70
     4
  9
$HYPERLINKBASE
  1

  9
$STYLESHEET
  1

  9
$XEDIT
290
     1
  9
$CEPSNTYPE
380
     0
  9
$PSTYLEMODE
290
     1
  9
$FINGERPRINTGUID
  2
{506FAA2D-B122-48B4-B5A2-5A8A6FFB0285}
  9
$VERSIONGUID
  2
{FAEB1C32-E019-11D5-929B-00C0DF256EC4}
  9
$EXTNAMES
290
     1
  9
$PSVPSCALE
 40
0.0
  9
$OLESTARTUP
290
     0
  9
$SORTENTS
280
   127
  9
$INDEXCTL
280
     0
  9
$HIDETEXT
280
     1
  9
$XCLIPFRAME
280
     2
  9
$HALOGAP
280
     0
  9
$OBSCOLOR
 70
   257
  9
$OBSLTYPE
280
     0
  9
$INTERSECTIONDISPLAY
280
     0
  9
$INTERSECTIONCOLOR
 70
   257
  9
$DIMASSOC
280
     2
  9
$PROJECTNAME
  1

  9
$CAMERADISPLAY
290
     0
  9
$LENSLENGTH
 40
50.0
  9
$CAMERAHEIGHT
 40
0.0
  9
$STEPSPERSEC
 40
2.0
  9
$STEPSIZE
 40
6.0
  9
$3DDWFPREC
 40
2.0
  9
$PSOLWIDTH
 40
5.0
  9
$PSOLHEIGHT
 40
80.0
  9
$LOFTANG1
 40
1.570796326794897
  9
$LOFTANG2
 40
1.570796326794897
  9
$LOFTMAG1
 40
0.0
  9
$LOFTMAG2
 40
0.0
  9
$LOFTPARAM
 70
     7
  9
$LOFTNORMALS
280
     1
  9
$LATITUDE
 40
37.795
  9
$LONGITUDE
 40
-122.394
  9
$NORTHDIRECTION
 40
0.0
  9
$TIMEZONE
 70
 -8000
  9
$LIGHTGLYPHDISPLAY
280
     1
  9
$TILEMODELIGHTSYNCH
280
     1
  9
$CMATERIAL
347
44
  9
$SOLIDHIST
280
     0
  9
$SHOWHIST
280
     1
  9
$DWFFRAME
280
     2
  9
$DGNFRAME
280
     2
  9
$REALWORLDSCALE
290
     1
  9
$INTERFERECOLOR
 62
   256
  9
$CSHADOW
280
     0
  9
$SHADOWPLANELOCATION
 40
0.0
  0
ENDSEC
  0
SECTION
  2
CLASSES
  0
CLASS
  1
ACDBDICTIONARYWDFLT
  2
AcDbDictionaryWithDefault
  3
ObjectDBX Classes
 90
        0
 91
        4
280
     0
281
     0
  0
CLASS
  1
VISUALSTYLE
  2
AcDbVisualStyle
  3
ObjectDBX Classes
 90
     4095
 91
        4
280
     0
281
     0
  0
CLASS
  1
MATERIAL
  2
AcDbMaterial
  3
ObjectDBX Classes
 90
     1153
 91
        4
280
     0
281
     0
  0
CLASS
  1
SCALE
  2
AcDbScale
  3
ObjectDBX Classes
 90
     1153
 91
        4
280
     0
281
     0
  0
CLASS
  1
TABLESTYLE
  2
AcDbTableStyle
  3
ObjectDBX Classes
 90
     4095
 91
        4
280
     0
281
     0
  0
CLASS
  1
MLEADERSTYLE
  2
AcDbMLeaderStyle
  3
ACDB_MLEADERSTYLE_CLASS
 90
     4095
 91
        4
280
     0
281
     0
  0
CLASS
  1
SUN
  2
AcDbSun
  3
SCENEOE
 90
     1153
 91
        4
280
     0
281
     0
  0
CLASS
  1
WIPEOUTVARIABLES
  2
AcDbWipeoutVariables
  3
WipeOut|AutoCAD Express Tool|expresstools@autodesk.com
 90
        0
 91
        4
280
     0
281
     0
  0
CLASS
  1
DICTIONARYVAR
  2
AcDbDictionaryVar
  3
ObjectDBX Classes
 90
        0
 91
        4
280
     0
281
     0
  0
CLASS
  1
CELLSTYLEMAP
  2
AcDbCellStyleMap
  3
ObjectDBX Classes
 90
     1152
 91
        4
280
     0
281
     0
  0
ENDSEC
  0
SECTION
  2
TABLES
  0
TABLE
  2
VPORT
  5
8
330
0
100
AcDbSymbolTable
 70
     1
  0
VPORT
  5
29
330
8
100
AcDbSymbolTableRecord
100
AcDbViewportTableRecord
  2
*Active
 70
     0
 10
0.0
 20
0.0
 11
1.0
 21
1.0
 12
182.0768098841316
 22
50.31942119441752
 13
0.0
 23
0.0
 14
10.0
 24
10.0
 15
10.0
 25
10.0
 16
0.0
 26
0.0
 36
1.0
 17
0.0
 27
0.0
 37
0.0
 40
179.8510125772103
 41
2.374371859296482
 42
50.0
 43
0.0
 44
0.0
 50
0.0
 51
0.0
 71
     0
 72
   100
 73
     1
 74
     3
 75
     0
 76
     0
 77
     0
 78
     0
281
     0
 65
     1
110
0.0
120
0.0
130
0.0
111
1.0
121
0.0
131
0.0
112
0.0
122
1.0
132
0.0
 79
     0
146
0.0
348
2F
 60
     3
 61
     5
292
     1
282
     1
141
0.0
142
0.0
 63
   250
361
6D
  0
ENDTAB
  0
TABLE
  2
LTYPE
  5
5
330
0
100
AcDbSymbolTable
 70
     4
  0
LTYPE
  5
14
330
5
100
AcDbSymbolTableRecord
100
AcDbLinetypeTableRecord
  2
ByBlock
 70
     0
  3

 72
    65
 73
     0
 40
0.0
  0
LTYPE
  5
15
330
5
100
AcDbSymbolTableRecord
100
AcDbLinetypeTableRecord
  2
ByLayer
 70
     0
  3

 72
    65
 73
     0
 40
0.0
  0
LTYPE
  5
16
330
5
100
AcDbSymbolTableRecord
100
AcDbLinetypeTableRecord
  2
Continuous
 70
     0
  3
Solid line
 72
    65
 73
     0
 40
0.0
  0
LTYPE
  5
E1
330
5
100
AcDbSymbolTableRecord
100
AcDbLinetypeTableRecord
  2
虚线
 70
     0
  3
虚线: __ __ __ __ __ __ __ __ __ __ __ __ __
 72
    65
 73
     2
 40
2.0
 49
1.0
 74
     0
 49
-1.0
 74
     0
  0
LTYPE
  5
E2
330
5
100
AcDbSymbolTableRecord
100
AcDbLinetypeTableRecord
  2
点画线
 70
     0
  3
点画线: ____ . ____ . ____ . ____ . ____ . ____
 72
    65
 73
     4
 40
18.0
 49
12.0
 74
     0
 49
-2.0
 74
     0
 49
2.0
 74
     0
 49
-2.0
 74
     0
  0
LTYPE
  5
E3
330
5
100
AcDbSymbolTableRecord
100
AcDbLinetypeTableRecord
  2
双点画线
 70
     0
  3
双点画线: ____ . . ____ . . ____ . . ____ . . ____ 
 72
    65
 73
     6
 40
22.0
 49
12.0
 74
     0
 49
-2.0
 74
     0
 49
2.0
 74
     0
 49
-2.0
 74
     0
 49
2.0
 74
     0
 49
-2.0
 74
     0
  0
ENDTAB
  0
TABLE
  2
LAYER
  5
2
330
0
100
AcDbSymbolTable
 70
     8
  0
LAYER
  5
10
330
2
100
AcDbSymbolTableRecord
100
AcDbLayerTableRecord
  2
0
 70
     0
 62
     7
  6
Continuous
370
    35
390
F
347
46
1001
AcAecLayerStandard
1000

1000
0层
  0
LAYER
  5
E5
330
2
100
AcDbSymbolTableRecord
100
AcDbLayerTableRecord
  2
中心线层
 70
     0
 62
     1
  6
点画线
370
    18
390
F
347
46
1001
AcAecLayerStandard
1000

1000
中心线层
  0
LAYER
  5
E6
330
2
100
AcDbSymbolTableRecord
100
AcDbLayerTableRecord
  2
虚线层
 70
     0
 62
     6
  6
虚线
370
    18
390
F
347
46
1001
AcAecLayerStandard
1000

1000
虚线层
  0
LAYER
  5
E7
330
2
100
AcDbSymbolTableRecord
100
AcDbLayerTableRecord
  2
细实线层
 70
     0
 62
     7
  6
Continuous
370
    18
390
F
347
46
1001
AcAecLayerStandard
1000

1000
细实线层
  0
LAYER
  5
E8
330
2
100
AcDbSymbolTableRecord
100
AcDbLayerTableRecord
  2
粗实线层
 70
     0
 62
     7
  6
Continuous
370
    35
390
F
347
46
1001
AcAecLayerStandard
1000

1000
粗实线层
  0
LAYER
  5
E9
330
2
100
AcDbSymbolTableRecord
100
AcDbLayerTableRecord
  2
尺寸线层
 70
     0
 62
     3
  6
Continuous
370
    18
390
F
347
46
1001
AcAecLayerStandard
1000

1000
尺寸线层
  0
LAYER
  5
EA
330
2
100
AcDbSymbolTableRecord
100
AcDbLayerTableRecord
  2
剖面线层
 70
     0
 62
     4
  6
Continuous
370
    18
390
F
347
46
1001
AcAecLayerStandard
1000

1000
剖面线层
  0
LAYER
  5
EB
330
2
100
AcDbSymbolTableRecord
100
AcDbLayerTableRecord
  2
隐藏层
 70
     0
 62
    -7
  6
Continuous
370
    18
390
F
347
46
1001
AcAecLayerStandard
1000

1000
隐藏层
  0
ENDTAB
  0
TABLE
  2
STYLE
  5
3
330
0
100
AcDbSymbolTable
 70
     3
  0
STYLE
  5
11
330
3
100
AcDbSymbolTableRecord
100
AcDbTextStyleTableRecord
  2
Standard
 70
     0
 40
0.0
 41
1.0
 50
0.0
 71
     0
 42
2.5
  3
txt
  4

  0
STYLE
  5
EC
330
3
100
AcDbSymbolTableRecord
100
AcDbTextStyleTableRecord
  2
标准
 70
     0
 40
0.0
 41
0.667
 50
0.0
 71
     0
 42
2.5
  3

  4

1001
CAXA_DRAFT_TXTSTYLE
1041
0.1
1041
1.918
1001
ACAD
1000
宋体
1071
    34306
  0
STYLE
  5
ED
330
3
100
AcDbSymbolTableRecord
100
AcDbTextStyleTableRecord
  2
机械
 70
     0
 40
0.0
 41
0.667
 50
0.0
 71
     0
 42
2.5
  3
isocp
  4
gbcbig.shx
1001
CAXA_DRAFT_TXTSTYLE
1041
0.1
1041
1.918
  0
ENDTAB
  0
TABLE
  2
VIEW
  5
6
330
0
100
AcDbSymbolTable
 70
     0
  0
ENDTAB
  0
TABLE
  2
UCS
  5
7
330
0
100
AcDbSymbolTable
 70
     0
  0
ENDTAB
  0
TABLE
  2
APPID
  5
9
330
0
100
AcDbSymbolTable
 70
   116
  0
APPID
  5
12
330
9
100
AcDbSymbolTableRecord
100
AcDbRegAppTableRecord
  2
ACAD
 70
     0
  0
APPID
  5
6E
330
9
100
AcDbSymbolTableRecord
100
AcDbRegAppTableRecord
  2
CAXA_DRAFT_PAPERORDER
 70
     0
  0
APPID
  5
6F
330
9
100
AcDbSymbolTableRecord
100
AcDbRegAppTableRecord
  2
CAXA_DRAFT_ROUGH
 70
     0
  0
APPID
  5
70
330
9
100
AcDbSymbolTableRecord
100
AcDbRegAppTableRecord
  2
CAXA_DRAFT_ROUGH_STD
 70
     0
  0
APPID
  5
71
330
9
100
AcDbSymbolTableRecord
100
AcDbRegAppTableRecord
  2
CAXA_DRAFT_FORMATED_TXT
 70
     0
  0
APPID
  5
72
330
9
100
AcDbSymbolTableRecord
100
AcDbRegAppTableRecord
  2
CAXA_DRAFT_DATUM
 70
     0
  0
APPID
  5
73
330
9
100
AcDbSymbolTableRecord
100
AcDbRegAppTableRecord
  2
CAXA_DRAFT_WELD
 70
     0
  0
APPID
  5
74
330
9
100
AcDbSymbolTableRecord
100
AcDbRegAppTableRecord
  2
CAXA_DRAFT_GEOTOL
 70
     0
  0
APPID
  5
75
330
9
100
AcDbSymbolTableRecord
100
AcDbRegAppTableRecord
  2
CAXA_DRAFT_CUTS
 70
     0
  0
APPID
  5
76
330
9
100
AcDbSymbolTableRecord
100
AcDbRegAppTableRecord
  2
CAXA_DRAFT_DIMHALF
 70
     0
  0
APPID
  5
77
330
9
100
AcDbSymbolTableRecord
100
AcDbRegAppTableRecord
  2
CAXA_DRAFT_DIMRAY
 70
     0
  0
APPID
  5
78
330
9
100
AcDbSymbolTableRecord
100
AcDbRegAppTableRecord
  2
CAXA_DRAFT_DIMARCLEN
 70
     0
  0
APPID
  5
79
330
9
100
AcDbSymbolTableRecord
100
AcDbRegAppTableRecord
  2
CAXA_DRAFT_DIMTAPER
 70
     0
  0
APPID
  5
7A
330
9
100
AcDbSymbolTableRecord
100
AcDbRegAppTableRecord
  2
CAXA_DRAFT_DIMPITCH
 70
     0
  0
APPID
  5
7B
330
9
100
AcDbSymbolTableRecord
100
AcDbRegAppTableRecord
  2
CAXA_DRAFT_DIMCOORD
 70
     0
  0
APPID
  5
7C
330
9
100
AcDbSymbolTableRecord
100
AcDbRegAppTableRecord
  2
CAXA_DRAFT_DIMORIALIGN
 70
     0
  0
APPID
  5
7D
330
9
100
AcDbSymbolTableRecord
100
AcDbRegAppTableRecord
  2
CAXA_DRAFT_DIMHOLEPOS
 70
     0
  0
APPID
  5
7E
330
9
100
AcDbSymbolTableRecord
100
AcDbRegAppTableRecord
  2
CAXA_DRAFT_DIMCRDLEADER
 70
     0
  0
APPID
  5
7F
330
9
100
AcDbSymbolTableRecord
100
AcDbRegAppTableRecord
  2
CAXA_DRAFT_DIMCHAMFER
 70
     0
  0
APPID
  5
80
330
9
100
AcDbSymbolTableRecord
100
AcDbRegAppTableRecord
  2
CAXA_DRAFT_DIMCENTERHOLE
 70
     0
  0
APPID
  5
81
330
9
100
AcDbSymbolTableRecord
100
AcDbRegAppTableRecord
  2
CAXA_DRAFT_DIMLEADER
 70
     0
  0
APPID
  5
82
330
9
100
AcDbSymbolTableRecord
100
AcDbRegAppTableRecord
  2
CAXA_DRAFT_DIMCRDLIST
 70
     0
  0
APPID
  5
83
330
9
100
AcDbSymbolTableRecord
100
AcDbRegAppTableRecord
  2
CAXA_DRAFT_PAPERSCALE
 70
     0
  0
APPID
  5
84
330
9
100
AcDbSymbolTableRecord
100
AcDbRegAppTableRecord
  2
CAXA_DRAFT_FILEVERSION
 70
     0
  0
APPID
  5
85
330
9
100
AcDbSymbolTableRecord
100
AcDbRegAppTableRecord
  2
CAXA_DRAFT_PRODUCTVERSION
 70
     0
  0
APPID
  5
86
330
9
100
AcDbSymbolTableRecord
100
AcDbRegAppTableRecord
  2
CAXA_DRAFT_DATATABLE
 70
     0
  0
APPID
  5
87
330
9
100
AcDbSymbolTableRecord
100
AcDbRegAppTableRecord
  2
CAXA_DRAFT_PAPERINFO
 70
     0
  0
APPID
  5
88
330
9
100
AcDbSymbolTableRecord
100
AcDbRegAppTableRecord
  2
CAXA_DRAFT_PAPERFRAME
 70
     0
  0
APPID
  5
89
330
9
100
AcDbSymbolTableRecord
100
AcDbRegAppTableRecord
  2
CAXA_DRAFT_PAPERTITLE
 70
     0
  0
APPID
  5
8A
330
9
100
AcDbSymbolTableRecord
100
AcDbRegAppTableRecord
  2
CAXA_DRAFT_PAPERPAREATABLE
 70
     0
  0
APPID
  5
8B
330
9
100
AcDbSymbolTableRecord
100
AcDbRegAppTableRecord
  2
CAXA_DRAFT_PARTNO
 70
     0
  0
APPID
  5
8C
330
9
100
AcDbSymbolTableRecord
100
AcDbRegAppTableRecord
  2
CAXA_DRAFT_BOMTABLE
 70
     0
  0
APPID
  5
8D
330
9
100
AcDbSymbolTableRecord
100
AcDbRegAppTableRecord
  2
CAXA_DRAFT_BLKREF_EXTATT
 70
     0
  0
APPID
  5
8E
330
9
100
AcDbSymbolTableRecord
100
AcDbRegAppTableRecord
  2
CAXA_DRAFT_DBVIEWDATA
 70
     0
  0
APPID
  5
8F
330
9
100
AcDbSymbolTableRecord
100
AcDbRegAppTableRecord
  2
CAXA_DRAFT_DIMSYMTOL
 70
     0
  0
APPID
  5
90
330
9
100
AcDbSymbolTableRecord
100
AcDbRegAppTableRecord
  2
CAXA_DRAFT_DIMASSEMTOL
 70
     0
  0
APPID
  5
91
330
9
100
AcDbSymbolTableRecord
100
AcDbRegAppTableRecord
  2
CAXA_DRAFT_DIMANGLETOL
 70
     0
  0
APPID
  5
92
330
9
100
AcDbSymbolTableRecord
100
AcDbRegAppTableRecord
  2
CAXA_DRAFT_DRAFTDATA
 70
     0
  0
APPID
  5
93
330
9
100
AcDbSymbolTableRecord
100
AcDbRegAppTableRecord
  2
CAXA_DRAFT_DIMORIGIN
 70
     0
  0
APPID
  5
94
330
9
100
AcDbSymbolTableRecord
100
AcDbRegAppTableRecord
  2
CAXA_DRAFT_ENLARGE_EDGE
 70
     0
  0
APPID
  5
95
330
9
100
AcDbSymbolTableRecord
100
AcDbRegAppTableRecord
  2
CAXA_DRAFT_DIMSTY_T_VPOS
 70
     0
  0
APPID
  5
96
330
9
100
AcDbSymbolTableRecord
100
AcDbRegAppTableRecord
  2
CAXA_DRAFT_DIMSTY_AT_VPOS
 70
     0
  0
APPID
  5
97
330
9
100
AcDbSymbolTableRecord
100
AcDbRegAppTableRecord
  2
CAXA_DRAFT_BLKHIDE
 70
     0
  0
APPID
  5
98
330
9
100
AcDbSymbolTableRecord
100
AcDbRegAppTableRecord
  2
CAXA_DRAFT_DIMARROWREVERSE
 70
     0
  0
APPID
  5
99
330
9
100
AcDbSymbolTableRecord
100
AcDbRegAppTableRecord
  2
CAXA_DRAFT_TXTSTYLE
 70
     0
  0
APPID
  5
9A
330
9
100
AcDbSymbolTableRecord
100
AcDbRegAppTableRecord
  2
CAXA_DRAFT_ATTRIBUTE_2PT
 70
     0
  0
APPID
  5
9B
330
9
100
AcDbSymbolTableRecord
100
AcDbRegAppTableRecord
  2
CAXA_DRAFT_ATTDEF_2PT
 70
     0
  0
APPID
  5
9C
330
9
100
AcDbSymbolTableRecord
100
AcDbRegAppTableRecord
  2
CAXA_DRAFT_DIMBIGARC
 70
     0
  0
APPID
  5
9D
330
9
100
AcDbSymbolTableRecord
100
AcDbRegAppTableRecord
  2
CAXA_DRAFT_ISNEB09R3
 70
     0
  0
APPID
  5
9E
330
9
100
AcDbSymbolTableRecord
100
AcDbRegAppTableRecord
  2
CAXA_DRAFT_WIPEOUT_B_HIDE
 70
     0
  0
APPID
  5
9F
330
9
100
AcDbSymbolTableRecord
100
AcDbRegAppTableRecord
  2
CAXA_DRAFT_BLKREF_SYMBOL
 70
     0
  0
APPID
  5
A0
330
9
100
AcDbSymbolTableRecord
100
AcDbRegAppTableRecord
  2
CAXA_DRAFT_ENL_COMMENTS
 70
     0
  0
APPID
  5
A1
330
9
100
AcDbSymbolTableRecord
100
AcDbRegAppTableRecord
  2
CAXA_DRAFT_ENL_TSCALE
 70
     0
  0
APPID
  5
A2
330
9
100
AcDbSymbolTableRecord
100
AcDbRegAppTableRecord
  2
CAXA_DRAFT_TXTSCALE
 70
     0
  0
APPID
  5
A3
330
9
100
AcDbSymbolTableRecord
100
AcDbRegAppTableRecord
  2
CAXA_DRAFT_KEEPLTSEG_ZOOM
 70
     0
  0
APPID
  5
A4
330
9
100
AcDbSymbolTableRecord
100
AcDbRegAppTableRecord
  2
CAXA_DRAFT_SPECLIB
 70
     0
  0
APPID
  5
A5
330
9
100
AcDbSymbolTableRecord
100
AcDbRegAppTableRecord
  2
CAXA_DRAFT_DATUM_2011R2
 70
     0
  0
APPID
  5
A6
330
9
100
AcDbSymbolTableRecord
100
AcDbRegAppTableRecord
  2
CAXA_DRAFT_ROUGH_2011R2
 70
     0
  0
APPID
  5
A7
330
9
100
AcDbSymbolTableRecord
100
AcDbRegAppTableRecord
  2
CAXA_DRAFT_GEOTOL_2011R2
 70
     0
  0
APPID
  5
A8
330
9
100
AcDbSymbolTableRecord
100
AcDbRegAppTableRecord
  2
CAXA_DRAFT_DMOVMAP_2011R3
 70
     0
  0
APPID
  5
A9
330
9
100
AcDbSymbolTableRecord
100
AcDbRegAppTableRecord
  2
CAXA_DRAFT_DDTSTY_2011R3
 70
     0
  0
APPID
  5
AA
330
9
100
AcDbSymbolTableRecord
100
AcDbRegAppTableRecord
  2
CAXA_DRAFT_SDTSTY_2011R3
 70
     0
  0
APPID
  5
AB
330
9
100
AcDbSymbolTableRecord
100
AcDbRegAppTableRecord
  2
CDRAFT_TXTROT_2011R3
 70
     0
  0
APPID
  5
AC
330
9
100
AcDbSymbolTableRecord
100
AcDbRegAppTableRecord
  2
CDRAFT_TOLOUT_2011R3
 70
     0
  0
APPID
  5
AD
330
9
100
AcDbSymbolTableRecord
100
AcDbRegAppTableRecord
  2
CAXA_DRAFT_DIMARCLENSTYLE
 70
     0
  0
APPID
  5
AE
330
9
100
AcDbSymbolTableRecord
100
AcDbRegAppTableRecord
  2
CAXA_DRAFT_DMOVMAP_2013
 70
     0
  0
APPID
  5
AF
330
9
100
AcDbSymbolTableRecord
100
AcDbRegAppTableRecord
  2
CAXA_DRAFT_DS_DLLNTYPE
 70
     0
  0
APPID
  5
B0
330
9
100
AcDbSymbolTableRecord
100
AcDbRegAppTableRecord
  2
CAXA_DRAFT_DS_LBLLNTYPE
 70
     0
  0
APPID
  5
B1
330
9
100
AcDbSymbolTableRecord
100
AcDbRegAppTableRecord
  2
CAXA_DRAFT_DS_RBLLNTYPE
 70
     0
  0
APPID
  5
B2
330
9
100
AcDbSymbolTableRecord
100
AcDbRegAppTableRecord
  2
CAXA_DRAFT_DS_ISFILLDFM
 70
     0
  0
APPID
  5
B3
330
9
100
AcDbSymbolTableRecord
100
AcDbRegAppTableRecord
  2
CAXA_DRAFT_DS_DISPZTOOL
 70
     0
  0
APPID
  5
B4
330
9
100
AcDbSymbolTableRecord
100
AcDbRegAppTableRecord
  2
CAXA_DRAFT_DS_SYMCOLOR
 70
     0
  0
APPID
  5
B5
330
9
100
AcDbSymbolTableRecord
100
AcDbRegAppTableRecord
  2
CAXA_DRAFT_HATCH_SCALE_ANGLE
 70
     0
  0
APPID
  5
B6
330
9
100
AcDbSymbolTableRecord
100
AcDbRegAppTableRecord
  2
CAXA_DRAFT_GEOTOL_ISFROMDWG
 70
     0
  0
APPID
  5
B7
330
9
100
AcDbSymbolTableRecord
100
AcDbRegAppTableRecord
  2
CxDragDiaDimLnStyle
 70
     0
  0
APPID
  5
B8
330
9
100
AcDbSymbolTableRecord
100
AcDbRegAppTableRecord
  2
CxDragRadDimLnStyle
 70
     0
  0
APPID
  5
B9
330
9
100
AcDbSymbolTableRecord
100
AcDbRegAppTableRecord
  2
CX_DbAnnotate_SimDimOriTxt
 70
     0
  0
APPID
  5
BA
330
9
100
AcDbSymbolTableRecord
100
AcDbRegAppTableRecord
  2
CX_DbAnnotate_TxtLocPara
 70
     0
  0
APPID
  5
BB
330
9
100
AcDbSymbolTableRecord
100
AcDbRegAppTableRecord
  2
CX_DbAnnotate_DragTxtLoc
 70
     0
  0
APPID
  5
BC
330
9
100
AcDbSymbolTableRecord
100
AcDbRegAppTableRecord
  2
UserSetTxtLoc
 70
     0
  0
APPID
  5
BD
330
9
100
AcDbSymbolTableRecord
100
AcDbRegAppTableRecord
  2
UserSetTxtLocType
 70
     0
  0
APPID
  5
BE
330
9
100
AcDbSymbolTableRecord
100
AcDbRegAppTableRecord
  2
UserSetTxtLocPt
 70
     0
  0
APPID
  5
BF
330
9
100
AcDbSymbolTableRecord
100
AcDbRegAppTableRecord
  2
CAXA_DRAFT_IMAGE_BINARY
 70
     0
  0
APPID
  5
C0
330
9
100
AcDbSymbolTableRecord
100
AcDbRegAppTableRecord
  2
DimTxtFrmStyle_2015R1
 70
     0
  0
APPID
  5
C1
330
9
100
AcDbSymbolTableRecord
100
AcDbRegAppTableRecord
  2
CAXA_DRAFT_GEOTOL_ISSHX
 70
     0
  0
APPID
  5
C2
330
9
100
AcDbSymbolTableRecord
100
AcDbRegAppTableRecord
  2
CAXA_SUPGRAPHICDIM
 70
     0
  0
APPID
  5
C3
330
9
100
AcDbSymbolTableRecord
100
AcDbRegAppTableRecord
  2
CAXA_GRAPHICARCLEN_HASLN
 70
     0
  0
APPID
  5
C4
330
9
100
AcDbSymbolTableRecord
100
AcDbRegAppTableRecord
  2
CAXA_GRAPHICDIM_OUT
 70
     0
  0
APPID
  5
C5
330
9
100
AcDbSymbolTableRecord
100
AcDbRegAppTableRecord
  2
CAXA_DATUM_LEADLNBKMODE
 70
     0
  0
APPID
  5
C6
330
9
100
AcDbSymbolTableRecord
100
AcDbRegAppTableRecord
  2
CX_DbDim_CrdDimLineAndArrow
 70
     0
  0
APPID
  5
C7
330
9
100
AcDbSymbolTableRecord
100
AcDbRegAppTableRecord
  2
CX_DbDim_TaperAngleStd
 70
     0
  0
APPID
  5
C8
330
9
100
AcDbSymbolTableRecord
100
AcDbRegAppTableRecord
  2
CX_DbAttribDef_OptionalVal
 70
     0
  0
APPID
  5
C9
330
9
100
AcDbSymbolTableRecord
100
AcDbRegAppTableRecord
  2
CAXA_DRAFT_LEADER_MLEADERLINE
 70
     0
  0
APPID
  5
CA
330
9
100
AcDbSymbolTableRecord
100
AcDbRegAppTableRecord
  2
CAXA_DRAFT_WELD_MLEADERLINE
 70
     0
  0
APPID
  5
CB
330
9
100
AcDbSymbolTableRecord
100
AcDbRegAppTableRecord
  2
CAXA_DRAFT_GEOTOL_MLEADERLINE
 70
     0
  0
APPID
  5
CC
330
9
100
AcDbSymbolTableRecord
100
AcDbRegAppTableRecord
  2
CAXA_DRAFT_ROUGH_MLEADERLINE
 70
     0
  0
APPID
  5
CD
330
9
100
AcDbSymbolTableRecord
100
AcDbRegAppTableRecord
  2
CAXA_DRAFT_DATUM_MLEADERLINE
 70
     0
  0
APPID
  5
CE
330
9
100
AcDbSymbolTableRecord
100
AcDbRegAppTableRecord
  2
CAXA_DRAFT_ROUGH_STDSPTDATA
 70
     0
  0
APPID
  5
CF
330
9
100
AcDbSymbolTableRecord
100
AcDbRegAppTableRecord
  2
CAXA_DRAFT_CUTS_LABLEDATA
 70
     0
  0
APPID
  5
D0
330
9
100
AcDbSymbolTableRecord
100
AcDbRegAppTableRecord
  2
CAXA_DRAFT_LEADER_DISPREFLINE
 70
     0
  0
APPID
  5
D1
330
9
100
AcDbSymbolTableRecord
100
AcDbRegAppTableRecord
  2
CAXA_DRAFT_TAPER_TEXTTYPE
 70
     0
  0
APPID
  5
D2
330
9
100
AcDbSymbolTableRecord
100
AcDbRegAppTableRecord
  2
CAXA_DRAFT_TAPER_RATEFORMAT
 70
     0
  0
APPID
  5
D3
330
9
100
AcDbSymbolTableRecord
100
AcDbRegAppTableRecord
  2
CAXA_DRAFT_TAPER_RATESEPAR
 70
     0
  0
APPID
  5
D4
330
9
100
AcDbSymbolTableRecord
100
AcDbRegAppTableRecord
  2
CX_DIMSTYLE_TXTFRAME
 70
     0
  0
APPID
  5
D5
330
9
100
AcDbSymbolTableRecord
100
AcDbRegAppTableRecord
  2
CX_DBDIM_TXTFRAME
 70
     0
  0
APPID
  5
D6
330
9
100
AcDbSymbolTableRecord
100
AcDbRegAppTableRecord
  2
CAXA_DRAFT_TABLEENT
 70
     0
  0
APPID
  5
D7
330
9
100
AcDbSymbolTableRecord
100
AcDbRegAppTableRecord
  2
CDRAFT_DIM_STD_REV_NAME
 70
     0
  0
APPID
  5
D8
330
9
100
AcDbSymbolTableRecord
100
AcDbRegAppTableRecord
  2
CAXA_DRAFT_BOM_STDSPTDATA
 70
     0
  0
APPID
  5
D9
330
9
100
AcDbSymbolTableRecord
100
AcDbRegAppTableRecord
  2
CAXA_DRAFT_PARTNO_STDSPTDATA
 70
     0
  0
APPID
  5
DA
330
9
100
AcDbSymbolTableRecord
100
AcDbRegAppTableRecord
  2
CAXA_DRAFT_DATUM_LOCPTEDIT
 70
     0
  0
APPID
  5
DB
330
9
100
AcDbSymbolTableRecord
100
AcDbRegAppTableRecord
  2
CAXA_DRAFT_INFO_WMFLAG
 70
     0
  0
APPID
  5
DC
330
9
100
AcDbSymbolTableRecord
100
AcDbRegAppTableRecord
  2
CX_DbDim_CrdDimTypeAndData
 70
     0
  0
APPID
  5
DD
330
9
100
AcDbSymbolTableRecord
100
AcDbRegAppTableRecord
  2
CX_DbDim_DimOriginBiText
 70
     0
  0
APPID
  5
DE
330
9
100
AcDbSymbolTableRecord
100
AcDbRegAppTableRecord
  2
CX_DbDim_DimCrdLeaderPts
 70
     0
  0
APPID
  5
E4
330
9
100
AcDbSymbolTableRecord
100
AcDbRegAppTableRecord
  2
AcAecLayerStandard
 70
     0
  0
APPID
  5
16A
330
9
100
AcDbSymbolTableRecord
100
AcDbRegAppTableRecord
  2
ACAD_DSTYLE_DIMINSPECT
 70
     0
  0
ENDTAB
  0
TABLE
  2
DIMSTYLE
  5
A
330
0
100
AcDbSymbolTable
 70
     5
100
AcDbDimStyleTable
  0
DIMSTYLE
105
EE
330
A
100
AcDbSymbolTableRecord
100
AcDbDimStyleTableRecord
  2
标准
 70
     0
 41
4.0
 42
0.0
 43
10.0
 44
2.0
 46
6.0
 90
        1
 73
     0
 74
     0
 77
     1
 78
     8
 79
     2
140
3.5
141
0.0
143
1.0
146
0.7071067811865475
147
0.625
172
     1
178
     0
179
     2
271
     2
272
     3
274
     3
276
     2
279
     2
340
EC
342
EF
345
16
346
16
347
16
1001
CAXA_DRAFT_DIMSTY_AT_VPOS
1070
     1
1001
CAXA_DRAFT_SDTSTY_2011R3
1070
     0
1001
CAXA_DRAFT_DS_ISFILLDFM
1070
     1
1001
CAXA_DRAFT_DS_DISPZTOOL
1070
     0
1001
CAXA_DRAFT_DS_SYMCOLOR
1071
1090519039
1001
DimTxtFrmStyle_2015R1
1070
     3
1001
CX_DIMSTYLE_TXTFRAME
1070
     0
1070
     0
  0
DIMSTYLE
105
F3
102
{ACAD_REACTORS
330
16B
330
175
330
17F
330
189
330
193
330
19D
330
1A7
330
1B1
330
1BB
330
1C5
330
1CF
330
1D9
330
1E3
330
1ED
330
1F7
330
246
330
250
330
25A
330
264
330
26E
330
278
330
282
330
28C
330
2CE
330
2D8
330
2E2
330
2EC
330
2F6
330
300
102
}
330
A
100
AcDbSymbolTableRecord
100
AcDbDimStyleTableRecord
  2
GB_尺寸
 70
     0
 41
4.0
 42
0.0
 43
10.0
 44
2.0
 46
6.0
 90
        1
 73
     0
 74
     0
 77
     1
 78
     8
 79
     2
140
3.5
141
0.0
143
1.0
146
0.7071067811865475
147
0.625
172
     1
178
     0
179
     2
271
     2
272
     3
274
     3
276
     2
279
     2
340
EC
342
EF
345
16
346
16
347
16
1001
CAXA_DRAFT_DIMSTY_AT_VPOS
1070
     1
1001
CAXA_DRAFT_SDTSTY_2011R3
1070
     0
1001
CAXA_DRAFT_DS_ISFILLDFM
1070
     1
1001
CAXA_DRAFT_DS_DISPZTOOL
1070
     0
1001
CAXA_DRAFT_DS_SYMCOLOR
1071
1090519039
1001
DimTxtFrmStyle_2015R1
1070
     3
1001
CX_DIMSTYLE_TXTFRAME
1070
     0
1070
     0
  0
DIMSTYLE
105
F4
330
A
100
AcDbSymbolTableRecord
100
AcDbDimStyleTableRecord
  2
GB_引出说明(1984)
 70
     0
 41
4.0
 42
0.0
 43
10.0
 44
2.0
 46
6.0
 90
        1
 73
     0
 74
     0
 77
     1
 78
     8
 79
     2
140
3.5
141
0.0
143
1.0
146
0.7071067811865475
147
0.625
172
     1
178
     0
179
     2
271
     2
272
     3
274
     3
276
     2
279
     2
340
EC
342
EF
345
16
346
16
347
16
1001
CAXA_DRAFT_DIMSTY_AT_VPOS
1070
     1
1001
CAXA_DRAFT_SDTSTY_2011R3
1070
     0
1001
CAXA_DRAFT_DS_ISFILLDFM
1070
     1
1001
CAXA_DRAFT_DS_DISPZTOOL
1070
     0
1001
CAXA_DRAFT_DS_SYMCOLOR
1071
1090519039
1001
DimTxtFrmStyle_2015R1
1070
     3
1001
CX_DIMSTYLE_TXTFRAME
1070
     0
1070
     0
  0
DIMSTYLE
105
F5
330
A
100
AcDbSymbolTableRecord
100
AcDbDimStyleTableRecord
  2
GB_锥度(2003)
 70
     0
 41
4.0
 42
0.0
 43
10.0
 44
2.0
 46
6.0
 90
        1
 73
     0
 74
     0
 77
     1
 78
     8
 79
     2
140
3.5
141
0.0
143
1.0
146
0.7071067811865475
147
0.625
172
     1
178
     0
179
     2
271
     2
272
     3
274
     3
276
     2
279
     2
340
EC
342
EF
345
16
346
16
347
16
1001
CAXA_DRAFT_DIMSTY_AT_VPOS
1070
     1
1001
CAXA_DRAFT_SDTSTY_2011R3
1070
     0
1001
CAXA_DRAFT_DS_ISFILLDFM
1070
     1
1001
CAXA_DRAFT_DS_DISPZTOOL
1070
     0
1001
CAXA_DRAFT_DS_SYMCOLOR
1071
1090519039
1001
DimTxtFrmStyle_2015R1
1070
     3
1001
CX_DIMSTYLE_TXTFRAME
1070
     0
1070
     0
  0
ENDTAB
  0
TABLE
  2
BLOCK_RECORD
  5
1
330
0
100
AcDbSymbolTable
 70
    31
  0
BLOCK_RECORD
  5
1F
330
1
100
AcDbSymbolTableRecord
100
AcDbBlockTableRecord
  2
*Model_Space
340
22
 70
     0
280
     1
281
     0
1001
CAXA_DRAFT_PAPERSCALE
1041
1.0
1001
CAXA_DRAFT_PAPERINFO
1041
210.0
1041
297.0
1071
        0
1070
     1
1070
     1
1070
     1
1070
     0
1001
CAXA_DRAFT_KEEPLTSEG_ZOOM
1070
     0
  0
BLOCK_RECORD
  5
1B
330
1
100
AcDbSymbolTableRecord
100
AcDbBlockTableRecord
  2
*Paper_Space
340
1E
 70
     0
280
     1
281
     0
  0
BLOCK_RECORD
  5
EF
330
1
100
AcDbSymbolTableRecord
100
AcDbBlockTableRecord
  2
_CAXARROW
340
0
 70
     0
280
     1
281
     0
  0
BLOCK_RECORD
  5
161
330
1
100
AcDbSymbolTableRecord
100
AcDbBlockTableRecord
  2
*X2
340
0
 70
     0
280
     1
281
     0
  0
BLOCK_RECORD
  5
16C
330
1
100
AcDbSymbolTableRecord
100
AcDbBlockTableRecord
  2
*X3
340
0
 70
     0
280
     1
281
     0
  0
BLOCK_RECORD
  5
176
330
1
100
AcDbSymbolTableRecord
100
AcDbBlockTableRecord
  2
*X4
340
0
 70
     0
280
     1
281
     0
  0
BLOCK_RECORD
  5
180
330
1
100
AcDbSymbolTableRecord
100
AcDbBlockTableRecord
  2
*X5
340
0
 70
     0
280
     1
281
     0
  0
BLOCK_RECORD
  5
18A
330
1
100
AcDbSymbolTableRecord
100
AcDbBlockTableRecord
  2
*X6
340
0
 70
     0
280
     1
281
     0
  0
BLOCK_RECORD
  5
194
330
1
100
AcDbSymbolTableRecord
100
AcDbBlockTableRecord
  2
*X7
340
0
 70
     0
280
     1
281
     0
  0
BLOCK_RECORD
  5
19E
330
1
100
AcDbSymbolTableRecord
100
AcDbBlockTableRecord
  2
*X8
340
0
 70
     0
280
     1
281
     0
  0
BLOCK_RECORD
  5
1A8
330
1
100
AcDbSymbolTableRecord
100
AcDbBlockTableRecord
  2
*X9
340
0
 70
     0
280
     1
281
     0
  0
BLOCK_RECORD
  5
1B2
330
1
100
AcDbSymbolTableRecord
100
AcDbBlockTableRecord
  2
*X10
340
0
 70
     0
280
     1
281
     0
  0
BLOCK_RECORD
  5
1BC
330
1
100
AcDbSymbolTableRecord
100
AcDbBlockTableRecord
  2
*X11
340
0
 70
     0
280
     1
281
     0
  0
BLOCK_RECORD
  5
1C6
330
1
100
AcDbSymbolTableRecord
100
AcDbBlockTableRecord
  2
*X12
340
0
 70
     0
280
     1
281
     0
  0
BLOCK_RECORD
  5
1D0
330
1
100
AcDbSymbolTableRecord
100
AcDbBlockTableRecord
  2
*X13
340
0
 70
     0
280
     1
281
     0
  0
BLOCK_RECORD
  5
1DA
330
1
100
AcDbSymbolTableRecord
100
AcDbBlockTableRecord
  2
*X14
340
0
 70
     0
280
     1
281
     0
  0
BLOCK_RECORD
  5
1E4
330
1
100
AcDbSymbolTableRecord
100
AcDbBlockTableRecord
  2
*X15
340
0
 70
     0
280
     1
281
     0
  0
BLOCK_RECORD
  5
1EE
330
1
100
AcDbSymbolTableRecord
100
AcDbBlockTableRecord
  2
*X16
340
0
 70
     0
280
     1
281
     0
  0
BLOCK_RECORD
  5
23D
330
1
100
AcDbSymbolTableRecord
100
AcDbBlockTableRecord
  2
*X17
340
0
 70
     0
280
     1
281
     0
  0
BLOCK_RECORD
  5
247
330
1
100
AcDbSymbolTableRecord
100
AcDbBlockTableRecord
  2
*X18
340
0
 70
     0
280
     1
281
     0
  0
BLOCK_RECORD
  5
251
330
1
100
AcDbSymbolTableRecord
100
AcDbBlockTableRecord
  2
*X19
340
0
 70
     0
280
     1
281
     0
  0
BLOCK_RECORD
  5
25B
330
1
100
AcDbSymbolTableRecord
100
AcDbBlockTableRecord
  2
*X20
340
0
 70
     0
280
     1
281
     0
  0
BLOCK_RECORD
  5
265
330
1
100
AcDbSymbolTableRecord
100
AcDbBlockTableRecord
  2
*X21
340
0
 70
     0
280
     1
281
     0
  0
BLOCK_RECORD
  5
26F
330
1
100
AcDbSymbolTableRecord
100
AcDbBlockTableRecord
  2
*X22
340
0
 70
     0
280
     1
281
     0
  0
BLOCK_RECORD
  5
279
330
1
100
AcDbSymbolTableRecord
100
AcDbBlockTableRecord
  2
*X23
340
0
 70
     0
280
     1
281
     0
  0
BLOCK_RECORD
  5
283
330
1
100
AcDbSymbolTableRecord
100
AcDbBlockTableRecord
  2
*X24
340
0
 70
     0
280
     1
281
     0
  0
BLOCK_RECORD
  5
2C5
330
1
100
AcDbSymbolTableRecord
100
AcDbBlockTableRecord
  2
*X25
340
0
 70
     0
280
     1
281
     0
  0
BLOCK_RECORD
  5
2CF
330
1
100
AcDbSymbolTableRecord
100
AcDbBlockTableRecord
  2
*X26
340
0
 70
     0
280
     1
281
     0
  0
BLOCK_RECORD
  5
2D9
330
1
100
AcDbSymbolTableRecord
100
AcDbBlockTableRecord
  2
*X27
340
0
 70
     0
280
     1
281
     0
  0
BLOCK_RECORD
  5
2E3
330
1
100
AcDbSymbolTableRecord
100
AcDbBlockTableRecord
  2
*X28
340
0
 70
     0
280
     1
281
     0
  0
BLOCK_RECORD
  5
2ED
330
1
100
AcDbSymbolTableRecord
100
AcDbBlockTableRecord
  2
*X29
340
0
 70
     0
280
     1
281
     0
  0
BLOCK_RECORD
  5
2F7
330
1
100
AcDbSymbolTableRecord
100
AcDbBlockTableRecord
  2
*X30
340
0
 70
     0
280
     1
281
     0
  0
ENDTAB
  0
ENDSEC
  0
SECTION
  2
BLOCKS
  0
BLOCK
  5
20
330
1F
100
AcDbEntity
  8
0
100
AcDbBlockBegin
  2
*Model_Space
 70
     0
 10
0.0
 20
0.0
 30
0.0
  3
*Model_Space
  1

  0
ENDBLK
  5
21
330
1F
100
AcDbEntity
  8
0
100
AcDbBlockEnd
  0
BLOCK
  5
1C
330
1B
100
AcDbEntity
 67
     1
  8
0
100
AcDbBlockBegin
  2
*Paper_Space
 70
     0
 10
0.0
 20
0.0
 30
0.0
  3
*Paper_Space
  1

  0
ENDBLK
  5
1D
330
1B
100
AcDbEntity
 67
     1
  8
0
100
AcDbBlockEnd
  0
BLOCK
  5
F1
330
EF
100
AcDbEntity
  8
0
100
AcDbBlockBegin
  2
_CAXARROW
 70
     0
 10
0.0
 20
0.0
 30
0.0
  3
_CAXARROW
  1

  0
HATCH
  5
F0
330
EF
100
AcDbEntity
  8
0
 62
     0
100
AcDbHatch
 10
0.0
 20
0.0
 30
0.0
210
0.0
220
0.0
230
1.0
  2
SOLID
 70
     1
 71
     0
 91
        1
 92
        0
 93
        3
 72
     1
 10
0.0
 20
0.0
 11
-1.0
 21
0.125
 72
     1
 10
-1.0
 20
0.125
 11
-1.0
 21
-0.125
 72
     1
 10
-1.0
 20
-0.125
 11
0.0
 21
0.0
 97
        0
 75
     0
 76
     1
 98
        1
 10
0.0
 20
0.0
  0
ENDBLK
  5
F2
330
EF
100
AcDbEntity
  8
0
100
AcDbBlockEnd
  0
BLOCK
  5
162
330
161
100
AcDbEntity
  8
0
100
AcDbBlockBegin
  2
*X2
 70
     1
 10
0.0
 20
0.0
 30
0.0
  3
*X2
  1

  0
LINE
  5
164
330
161
100
AcDbEntity
  8
尺寸线层
  6
Continuous
 62
     0
100
AcDbLine
 10
19.64229355660346
 20
94.48195783594242
 30
0.0
 11
144.9422935566035
 21
94.4819578359424
 31
0.0
  0
HATCH
  5
165
330
161
100
AcDbEntity
  8
尺寸线层
  6
Continuous
 62
     0
100
AcDbHatch
 10
0.0
 20
0.0
 30
0.0
210
0.0
220
0.0
230
1.0
  2
SOLID
 70
     1
 71
     0
 91
        1
 92
        0
 93
        3
 72
     1
 10
19.64229355660346
 20
94.48195783594242
 11
23.64229355660346
 21
94.98195783594242
 72
     1
 10
23.64229355660346
 20
94.98195783594242
 11
23.64229355660346
 21
93.98195783594242
 72
     1
 10
23.64229355660346
 20
93.98195783594242
 11
19.64229355660346
 21
94.48195783594242
 97
        0
 75
     0
 76
     1
 98
        1
 10
0.0
 20
0.0
  0
HATCH
  5
166
330
161
100
AcDbEntity
  8
尺寸线层
  6
Continuous
 62
     0
100
AcDbHatch
 10
0.0
 20
0.0
 30
0.0
210
0.0
220
0.0
230
1.0
  2
SOLID
 70
     1
 71
     0
 91
        1
 92
        0
 93
        3
 72
     1
 10
144.9422935566035
 20
94.4819578359424
 11
140.9422935566035
 21
94.98195783594237
 72
     1
 10
140.9422935566035
 20
94.98195783594237
 11
140.9422935566035
 21
93.98195783594237
 72
     1
 10
140.9422935566035
 20
93.98195783594237
 11
144.9422935566035
 21
94.4819578359424
 97
        0
 75
     0
 76
     1
 98
        1
 10
0.0
 20
0.0
  0
LINE
  5
167
330
161
100
AcDbEntity
  8
尺寸线层
  6
Continuous
 62
     0
100
AcDbLine
 10
19.64229355660346
 20
82.00000000000013
 30
0.0
 11
19.64229355660346
 21
96.48195783594242
 31
0.0
  0
LINE
  5
168
330
161
100
AcDbEntity
  8
尺寸线层
  6
Continuous
 62
     0
100
AcDbLine
 10
144.9422935566035
 20
82.00000000000013
 30
0.0
 11
144.9422935566035
 21
96.4819578359424
 31
0.0
  0
MTEXT
  5
169
330
161
100
AcDbEntity
  8
尺寸线层
 62
     0
100
AcDbMText
 10
82.29229405660348
 20
97.09578465158486
 30
0.0
 40
3.5
 41
16.85535083798885
 46
7.0
 71
     5
 72
     1
  1
\T1.1;125.3
  7
标准
 73
     1
 44
1.150569886022795
1001
CAXA_DRAFT_TXTSCALE
1041
1.0
1001
ACAD
1000
ACAD_MTEXT_DEFINED_HEIGHT_BEGIN
1070
    46
1040
7.0
1000
ACAD_MTEXT_DEFINED_HEIGHT_END
  0
ENDBLK
  5
163
330
161
100
AcDbEntity
  8
0
100
AcDbBlockEnd
  0
BLOCK
  5
16D
330
16C
100
AcDbEntity
  8
0
100
AcDbBlockBegin
  2
*X3
 70
     1
 10
0.0
 20
0.0
 30
0.0
  3
*X3
  1

  0
LINE
  5
16F
330
16C
100
AcDbEntity
  8
尺寸线层
  6
Continuous
 62
     0
100
AcDbLine
 10
154.6246766829619
 20
85.00000000000013
 30
0.0
 11
154.6246766829619
 21
0.0000000000000284
 31
0.0
  0
HATCH
  5
170
330
16C
100
AcDbEntity
  8
尺寸线层
  6
Continuous
 62
     0
100
AcDbHatch
 10
0.0
 20
0.0
 30
0.0
210
0.0
220
0.0
230
1.0
  2
SOLID
 70
     1
 71
     0
 91
        1
 92
        0
 93
        3
 72
     1
 10
154.6246766829619
 20
85.00000000000013
 11
155.1246766829619
 21
81.00000000000013
 72
     1
 10
155.1246766829619
 20
81.00000000000013
 11
154.1246766829619
 21
81.00000000000013
 72
     1
 10
154.1246766829619
 20
81.00000000000013
 11
154.6246766829619
 21
85.00000000000013
 97
        0
 75
     0
 76
     1
 98
        1
 10
0.0
 20
0.0
  0
HATCH
  5
171
330
16C
100
AcDbEntity
  8
尺寸线层
  6
Continuous
 62
     0
100
AcDbHatch
 10
0.0
 20
0.0
 30
0.0
210
0.0
220
0.0
230
1.0
  2
SOLID
 70
     1
 71
     0
 91
        1
 92
        0
 93
        3
 72
     1
 10
154.6246766829619
 20
0.0000000000000284
 11
155.1246766829619
 21
4.000000000000028
 72
     1
 10
155.1246766829619
 20
4.000000000000028
 11
154.1246766829619
 21
4.000000000000028
 72
     1
 10
154.1246766829619
 20
4.000000000000028
 11
154.6246766829619
 21
0.0000000000000284
 97
        0
 75
     0
 76
     1
 98
        1
 10
0.0
 20
0.0
  0
LINE
  5
172
330
16C
100
AcDbEntity
  8
尺寸线层
  6
Continuous
 62
     0
100
AcDbLine
 10
141.9422935566034
 20
85.00000000000013
 30
0.0
 11
156.6246766829619
 21
85.00000000000013
 31
0.0
  0
LINE
  5
173
330
16C
100
AcDbEntity
  8
尺寸线层
  6
Continuous
 62
     0
100
AcDbLine
 10
141.9422935566034
 20
0.0000000000000284
 30
0.0
 11
156.6246766829619
 21
0.0000000000000284
 31
0.0
  0
MTEXT
  5
174
330
16C
100
AcDbEntity
  8
尺寸线层
 62
     0
100
AcDbMText
 10
152.2692297555876
 20
42.49999950000008
 30
0.0
 40
3.5
 41
7.0
 46
7.0
 71
     5
 72
     1
  1
\T1.1;85
  7
标准
 11
6.123233995736766E-17
 21
1.0
 31
0.0
 73
     1
 44
1.150569886022795
1001
CAXA_DRAFT_TXTSCALE
1041
1.0
1001
ACAD
1000
ACAD_MTEXT_DEFINED_HEIGHT_BEGIN
1070
    46
1040
7.0
1000
ACAD_MTEXT_DEFINED_HEIGHT_END
  0
ENDBLK
  5
16E
330
16C
100
AcDbEntity
  8
0
100
AcDbBlockEnd
  0
BLOCK
  5
177
330
176
100
AcDbEntity
  8
0
100
AcDbBlockBegin
  2
*X4
 70
     1
 10
0.0
 20
0.0
 30
0.0
  3
*X4
  1

  0
LINE
  5
179
330
176
100
AcDbEntity
  8
尺寸线层
  6
Continuous
 62
     0
100
AcDbLine
 10
15.10199010692404
 20
56.00000000000013
 30
0.0
 11
15.10199010692404
 21
29.00000000000013
 31
0.0
  0
HATCH
  5
17A
330
176
100
AcDbEntity
  8
尺寸线层
  6
Continuous
 62
     0
100
AcDbHatch
 10
0.0
 20
0.0
 30
0.0
210
0.0
220
0.0
230
1.0
  2
SOLID
 70
     1
 71
     0
 91
        1
 92
        0
 93
        3
 72
     1
 10
15.10199010692404
 20
56.00000000000013
 11
15.60199010692404
 21
52.00000000000013
 72
     1
 10
15.60199010692404
 20
52.00000000000013
 11
14.60199010692404
 21
52.00000000000013
 72
     1
 10
14.60199010692404
 20
52.00000000000013
 11
15.10199010692404
 21
56.00000000000013
 97
        0
 75
     0
 76
     1
 98
        1
 10
0.0
 20
0.0
  0
HATCH
  5
17B
330
176
100
AcDbEntity
  8
尺寸线层
  6
Continuous
 62
     0
100
AcDbHatch
 10
0.0
 20
0.0
 30
0.0
210
0.0
220
0.0
230
1.0
  2
SOLID
 70
     1
 71
     0
 91
        1
 92
        0
 93
        3
 72
     1
 10
15.10199010692404
 20
29.00000000000013
 11
15.60199010692404
 21
33.00000000000013
 72
     1
 10
15.60199010692404
 20
33.00000000000013
 11
14.60199010692404
 21
33.00000000000013
 72
     1
 10
14.60199010692404
 20
33.00000000000013
 11
15.10199010692404
 21
29.00000000000013
 97
        0
 75
     0
 76
     1
 98
        1
 10
0.0
 20
0.0
  0
LINE
  5
17C
330
176
100
AcDbEntity
  8
尺寸线层
  6
Continuous
 62
     0
100
AcDbLine
 10
25.14229355660346
 20
56.00000000000013
 30
0.0
 11
13.10199010692404
 21
56.00000000000013
 31
0.0
  0
LINE
  5
17D
330
176
100
AcDbEntity
  8
尺寸线层
  6
Continuous
 62
     0
100
AcDbLine
 10
25.14229355660346
 20
29.00000000000013
 30
0.0
 11
13.10199010692404
 21
29.00000000000013
 31
0.0
  0
MTEXT
  5
17E
330
176
100
AcDbEntity
  8
尺寸线层
 62
     0
100
AcDbMText
 10
12.49933647563913
 20
42.49999950000013
 30
0.0
 40
3.5
 41
7.0
 46
7.0
 71
     5
 72
     1
  1
\T1.1;27
  7
标准
 11
6.123233995736766E-17
 21
1.0
 31
0.0
 73
     1
 44
1.150569886022795
1001
CAXA_DRAFT_TXTSCALE
1041
1.0
1001
ACAD
1000
ACAD_MTEXT_DEFINED_HEIGHT_BEGIN
1070
    46
1040
7.0
1000
ACAD_MTEXT_DEFINED_HEIGHT_END
  0
ENDBLK
  5
178
330
176
100
AcDbEntity
  8
0
100
AcDbBlockEnd
  0
BLOCK
  5
181
330
180
100
AcDbEntity
  8
0
100
AcDbBlockBegin
  2
*X5
 70
     1
 10
0.0
 20
0.0
 30
0.0
  3
*X5
  1

  0
LINE
  5
183
330
180
100
AcDbEntity
  8
尺寸线层
  6
Continuous
 62
     0
100
AcDbLine
 10
4.557960893854753
 20
61.85000000000016
 30
0.0
 11
4.557960893854746
 21
23.15000000000011
 31
0.0
  0
HATCH
  5
184
330
180
100
AcDbEntity
  8
尺寸线层
  6
Continuous
 62
     0
100
AcDbHatch
 10
0.0
 20
0.0
 30
0.0
210
0.0
220
0.0
230
1.0
  2
SOLID
 70
     1
 71
     0
 91
        1
 92
        0
 93
        3
 72
     1
 10
4.557960893854753
 20
61.85000000000016
 11
5.057960893854752
 21
57.85000000000016
 72
     1
 10
5.057960893854752
 20
57.85000000000016
 11
4.057960893854752
 21
57.85000000000016
 72
     1
 10
4.057960893854752
 20
57.85000000000016
 11
4.557960893854753
 21
61.85000000000016
 97
        0
 75
     0
 76
     1
 98
        1
 10
0.0
 20
0.0
  0
HATCH
  5
185
330
180
100
AcDbEntity
  8
尺寸线层
  6
Continuous
 62
     0
100
AcDbHatch
 10
0.0
 20
0.0
 30
0.0
210
0.0
220
0.0
230
1.0
  2
SOLID
 70
     1
 71
     0
 91
        1
 92
        0
 93
        3
 72
     1
 10
4.557960893854746
 20
23.15000000000011
 11
5.057960893854741
 21
27.15000000000011
 72
     1
 10
5.057960893854741
 20
27.15000000000011
 11
4.057960893854741
 21
27.15000000000011
 72
     1
 10
4.057960893854741
 20
27.15000000000011
 11
4.557960893854746
 21
23.15000000000011
 97
        0
 75
     0
 76
     1
 98
        1
 10
0.0
 20
0.0
  0
LINE
  5
186
330
180
100
AcDbEntity
  8
尺寸线层
  6
Continuous
 62
     0
100
AcDbLine
 10
30.74229355660348
 20
61.85000000000015
 30
0.0
 11
2.557960893854753
 21
61.85000000000016
 31
0.0
  0
LINE
  5
187
330
180
100
AcDbEntity
  8
尺寸线层
  6
Continuous
 62
     0
100
AcDbLine
 10
30.74229355660348
 20
23.15000000000011
 30
0.0
 11
2.557960893854746
 21
23.15000000000011
 31
0.0
  0
MTEXT
  5
188
330
180
100
AcDbEntity
  8
尺寸线层
 62
     0
100
AcDbMText
 10
1.955307262569832
 20
42.49999950000013
 30
0.0
 40
3.5
 41
13.57400893854748
 46
7.0
 71
     5
 72
     1
  1
\T1.1;38.7
  7
标准
 11
6.123233995736766E-17
 21
1.0
 31
0.0
 73
     1
 44
1.150569886022795
1001
CAXA_DRAFT_TXTSCALE
1041
1.0
1001
ACAD
1000
ACAD_MTEXT_DEFINED_HEIGHT_BEGIN
1070
    46
1040
7.0
1000
ACAD_MTEXT_DEFINED_HEIGHT_END
  0
ENDBLK
  5
182
330
180
100
AcDbEntity
  8
0
100
AcDbBlockEnd
  0
BLOCK
  5
18B
330
18A
100
AcDbEntity
  8
0
100
AcDbBlockBegin
  2
*X6
 70
     1
 10
0.0
 20
0.0
 30
0.0
  3
*X6
  1

  0
LINE
  5
18D
330
18A
100
AcDbEntity
  8
尺寸线层
  6
Continuous
 62
     0
100
AcDbLine
 10
62.79229355660332
 20
22.71561296984553
 30
0.0
 11
76.29229355660331
 21
22.71561296984553
 31
0.0
  0
HATCH
  5
18E
330
18A
100
AcDbEntity
  8
尺寸线层
  6
Continuous
 62
     0
100
AcDbHatch
 10
0.0
 20
0.0
 30
0.0
210
0.0
220
0.0
230
1.0
  2
SOLID
 70
     1
 71
     0
 91
        1
 92
        0
 93
        3
 72
     1
 10
62.79229355660332
 20
22.71561296984553
 11
66.79229355660331
 21
23.21561296984553
 72
     1
 10
66.79229355660331
 20
23.21561296984553
 11
66.79229355660331
 21
22.21561296984553
 72
     1
 10
66.79229355660331
 20
22.21561296984553
 11
62.79229355660332
 21
22.71561296984553
 97
        0
 75
     0
 76
     1
 98
        1
 10
0.0
 20
0.0
  0
HATCH
  5
18F
330
18A
100
AcDbEntity
  8
尺寸线层
  6
Continuous
 62
     0
100
AcDbHatch
 10
0.0
 20
0.0
 30
0.0
210
0.0
220
0.0
230
1.0
  2
SOLID
 70
     1
 71
     0
 91
        1
 92
        0
 93
        3
 72
     1
 10
76.29229355660331
 20
22.71561296984553
 11
72.29229355660331
 21
23.21561296984553
 72
     1
 10
72.29229355660331
 20
23.21561296984553
 11
72.29229355660331
 21
22.21561296984553
 72
     1
 10
72.29229355660331
 20
22.21561296984553
 11
76.29229355660331
 21
22.71561296984553
 97
        0
 75
     0
 76
     1
 98
        1
 10
0.0
 20
0.0
  0
LINE
  5
190
330
18A
100
AcDbEntity
  8
尺寸线层
  6
Continuous
 62
     0
100
AcDbLine
 10
62.79229355660332
 20
19.50000000000014
 30
0.0
 11
62.79229355660332
 21
24.71561296984553
 31
0.0
  0
LINE
  5
191
330
18A
100
AcDbEntity
  8
尺寸线层
  6
Continuous
 62
     0
100
AcDbLine
 10
76.29229355660331
 20
19.50000000000014
 30
0.0
 11
76.29229355660331
 21
24.71561296984553
 31
0.0
  0
MTEXT
  5
192
330
18A
100
AcDbEntity
  8
尺寸线层
 62
     0
100
AcDbMText
 10
69.54229405660331
 20
25.32943978548798
 30
0.0
 40
3.5
 41
13.18275195530725
 46
7.0
 71
     5
 72
     1
  1
\T1.1;13.5
  7
标准
 73
     1
 44
1.150569886022795
1001
CAXA_DRAFT_TXTSCALE
1041
1.0
1001
ACAD
1000
ACAD_MTEXT_DEFINED_HEIGHT_BEGIN
1070
    46
1040
7.0
1000
ACAD_MTEXT_DEFINED_HEIGHT_END
  0
ENDBLK
  5
18C
330
18A
100
AcDbEntity
  8
0
100
AcDbBlockEnd
  0
BLOCK
  5
195
330
194
100
AcDbEntity
  8
0
100
AcDbBlockBegin
  2
*X7
 70
     1
 10
0.0
 20
0.0
 30
0.0
  3
*X7
  1

  0
LINE
  5
197
330
194
100
AcDbEntity
  8
尺寸线层
  6
Continuous
 62
     0
100
AcDbLine
 10
62.95179886909074
 20
42.50000000000013
 30
0.0
 11
62.95179886909074
 21
19.50000000000014
 31
0.0
  0
HATCH
  5
198
330
194
100
AcDbEntity
  8
尺寸线层
  6
Continuous
 62
     0
100
AcDbHatch
 10
0.0
 20
0.0
 30
0.0
210
0.0
220
0.0
230
1.0
  2
SOLID
 70
     1
 71
     0
 91
        1
 92
        0
 93
        3
 72
     1
 10
62.95179886909074
 20
42.50000000000013
 11
63.45179886909074
 21
38.50000000000013
 72
     1
 10
63.45179886909074
 20
38.50000000000013
 11
62.45179886909074
 21
38.50000000000013
 72
     1
 10
62.45179886909074
 20
38.50000000000013
 11
62.95179886909074
 21
42.50000000000013
 97
        0
 75
     0
 76
     1
 98
        1
 10
0.0
 20
0.0
  0
HATCH
  5
199
330
194
100
AcDbEntity
  8
尺寸线层
  6
Continuous
 62
     0
100
AcDbHatch
 10
0.0
 20
0.0
 30
0.0
210
0.0
220
0.0
230
1.0
  2
SOLID
 70
     1
 71
     0
 91
        1
 92
        0
 93
        3
 72
     1
 10
62.95179886909074
 20
19.50000000000014
 11
63.45179886909074
 21
23.50000000000014
 72
     1
 10
63.45179886909074
 20
23.50000000000014
 11
62.45179886909074
 21
23.50000000000014
 72
     1
 10
62.45179886909074
 20
23.50000000000014
 11
62.95179886909074
 21
19.50000000000014
 97
        0
 75
     0
 76
     1
 98
        1
 10
0.0
 20
0.0
  0
LINE
  5
19A
330
194
100
AcDbEntity
  8
尺寸线层
  6
Continuous
 62
     0
100
AcDbLine
 10
62.79229355660332
 20
42.50000000000013
 30
0.0
 11
64.95179886909074
 21
42.50000000000013
 31
0.0
  0
LINE
  5
19B
330
194
100
AcDbEntity
  8
尺寸线层
  6
Continuous
 62
     0
100
AcDbLine
 10
62.79229355660332
 20
19.50000000000014
 30
0.0
 11
64.95179886909074
 21
19.50000000000009
 31
0.0
  0
MTEXT
  5
19C
330
194
100
AcDbEntity
  8
尺寸线层
 62
     0
100
AcDbMText
 10
60.34914523780583
 20
30.99999950000014
 30
0.0
 40
3.5
 41
7.0
 46
7.0
 71
     5
 72
     1
  1
\T1.1;23
  7
标准
 11
6.123233995736766E-17
 21
1.0
 31
0.0
 73
     1
 44
1.150569886022795
1001
CAXA_DRAFT_TXTSCALE
1041
1.0
1001
ACAD
1000
ACAD_MTEXT_DEFINED_HEIGHT_BEGIN
1070
    46
1040
7.0
1000
ACAD_MTEXT_DEFINED_HEIGHT_END
  0
ENDBLK
  5
196
330
194
100
AcDbEntity
  8
0
100
AcDbBlockEnd
  0
BLOCK
  5
19F
330
19E
100
AcDbEntity
  8
0
100
AcDbBlockBegin
  2
*X8
 70
     1
 10
0.0
 20
0.0
 30
0.0
  3
*X8
  1

  0
LINE
  5
1A1
330
19E
100
AcDbEntity
  8
尺寸线层
  6
Continuous
 62
     0
100
AcDbLine
 10
62.95179886909074
 20
65.50000000000013
 30
0.0
 11
62.95179886909074
 21
42.50000000000013
 31
0.0
  0
HATCH
  5
1A2
330
19E
100
AcDbEntity
  8
尺寸线层
  6
Continuous
 62
     0
100
AcDbHatch
 10
0.0
 20
0.0
 30
0.0
210
0.0
220
0.0
230
1.0
  2
SOLID
 70
     1
 71
     0
 91
        1
 92
        0
 93
        3
 72
     1
 10
62.95179886909074
 20
65.50000000000013
 11
63.45179886909074
 21
61.50000000000013
 72
     1
 10
63.45179886909074
 20
61.50000000000013
 11
62.45179886909074
 21
61.50000000000013
 72
     1
 10
62.45179886909074
 20
61.50000000000013
 11
62.95179886909074
 21
65.50000000000013
 97
        0
 75
     0
 76
     1
 98
        1
 10
0.0
 20
0.0
  0
HATCH
  5
1A3
330
19E
100
AcDbEntity
  8
尺寸线层
  6
Continuous
 62
     0
100
AcDbHatch
 10
0.0
 20
0.0
 30
0.0
210
0.0
220
0.0
230
1.0
  2
SOLID
 70
     1
 71
     0
 91
        1
 92
        0
 93
        3
 72
     1
 10
62.95179886909074
 20
42.50000000000013
 11
63.45179886909074
 21
46.50000000000013
 72
     1
 10
63.45179886909074
 20
46.50000000000013
 11
62.45179886909074
 21
46.50000000000013
 72
     1
 10
62.45179886909074
 20
46.50000000000013
 11
62.95179886909074
 21
42.50000000000013
 97
        0
 75
     0
 76
     1
 98
        1
 10
0.0
 20
0.0
  0
LINE
  5
1A4
330
19E
100
AcDbEntity
  8
尺寸线层
  6
Continuous
 62
     0
100
AcDbLine
 10
62.79229355660332
 20
65.50000000000013
 30
0.0
 11
64.95179886909074
 21
65.50000000000013
 31
0.0
  0
LINE
  5
1A5
330
19E
100
AcDbEntity
  8
尺寸线层
  6
Continuous
 62
     0
100
AcDbLine
 10
62.79229355660332
 20
42.50000000000013
 30
0.0
 11
64.95179886909074
 21
42.50000000000013
 31
0.0
  0
MTEXT
  5
1A6
330
19E
100
AcDbEntity
  8
尺寸线层
 62
     0
100
AcDbMText
 10
60.34914523780583
 20
53.99999950000013
 30
0.0
 40
3.5
 41
7.0
 46
7.0
 71
     5
 72
     1
  1
\T1.1;23
  7
标准
 11
6.123233995736766E-17
 21
1.0
 31
0.0
 73
     1
 44
1.150569886022795
1001
CAXA_DRAFT_TXTSCALE
1041
1.0
1001
ACAD
1000
ACAD_MTEXT_DEFINED_HEIGHT_BEGIN
1070
    46
1040
7.0
1000
ACAD_MTEXT_DEFINED_HEIGHT_END
  0
ENDBLK
  5
1A0
330
19E
100
AcDbEntity
  8
0
100
AcDbBlockEnd
  0
BLOCK
  5
1A9
330
1A8
100
AcDbEntity
  8
0
100
AcDbBlockBegin
  2
*X9
 70
     1
 10
0.0
 20
0.0
 30
0.0
  3
*X9
  1

  0
LINE
  5
1AB
330
1A8
100
AcDbEntity
  8
尺寸线层
  6
Continuous
 62
     0
100
AcDbLine
 10
68.1922935566034
 20
5.973479811950937
 30
0.0
 11
133.1922935566034
 21
5.973479811950937
 31
0.0
  0
HATCH
  5
1AC
330
1A8
100
AcDbEntity
  8
尺寸线层
  6
Continuous
 62
     0
100
AcDbHatch
 10
0.0
 20
0.0
 30
0.0
210
0.0
220
0.0
230
1.0
  2
SOLID
 70
     1
 71
     0
 91
        1
 92
        0
 93
        3
 72
     1
 10
68.1922935566034
 20
5.973479811950937
 11
72.1922935566034
 21
6.473479811950937
 72
     1
 10
72.1922935566034
 20
6.473479811950937
 11
72.1922935566034
 21
5.473479811950937
 72
     1
 10
72.1922935566034
 20
5.473479811950937
 11
68.1922935566034
 21
5.973479811950937
 97
        0
 75
     0
 76
     1
 98
        1
 10
0.0
 20
0.0
  0
HATCH
  5
1AD
330
1A8
100
AcDbEntity
  8
尺寸线层
  6
Continuous
 62
     0
100
AcDbHatch
 10
0.0
 20
0.0
 30
0.0
210
0.0
220
0.0
230
1.0
  2
SOLID
 70
     1
 71
     0
 91
        1
 92
        0
 93
        3
 72
     1
 10
133.1922935566034
 20
5.973479811950937
 11
129.1922935566034
 21
6.473479811950937
 72
     1
 10
129.1922935566034
 20
6.473479811950937
 11
129.1922935566034
 21
5.473479811950937
 72
     1
 10
129.1922935566034
 20
5.473479811950937
 11
133.1922935566034
 21
5.973479811950937
 97
        0
 75
     0
 76
     1
 98
        1
 10
0.0
 20
0.0
  0
LINE
  5
1AE
330
1A8
100
AcDbEntity
  8
尺寸线层
  6
Continuous
 62
     0
100
AcDbLine
 10
68.1922935566034
 20
12.00000000000014
 30
0.0
 11
68.1922935566034
 21
3.973479811950937
 31
0.0
  0
LINE
  5
1AF
330
1A8
100
AcDbEntity
  8
尺寸线层
  6
Continuous
 62
     0
100
AcDbLine
 10
133.1922935566034
 20
12.00000000000014
 30
0.0
 11
133.1922935566034
 21
3.973479811950937
 31
0.0
  0
MTEXT
  5
1B0
330
1A8
100
AcDbEntity
  8
尺寸线层
 62
     0
100
AcDbMText
 10
100.6922940566034
 20
8.576133443235854
 30
0.0
 40
3.5
 41
7.0
 46
7.0
 71
     5
 72
     1
  1
\T1.1;65
  7
标准
 73
     1
 44
1.150569886022795
1001
CAXA_DRAFT_TXTSCALE
1041
1.0
1001
ACAD
1000
ACAD_MTEXT_DEFINED_HEIGHT_BEGIN
1070
    46
1040
7.0
1000
ACAD_MTEXT_DEFINED_HEIGHT_END
  0
ENDBLK
  5
1AA
330
1A8
100
AcDbEntity
  8
0
100
AcDbBlockEnd
  0
BLOCK
  5
1B3
330
1B2
100
AcDbEntity
  8
0
100
AcDbBlockBegin
  2
*X10
 70
     1
 10
0.0
 20
0.0
 30
0.0
  3
*X10
  1

  0
LINE
  5
1B5
330
1B2
100
AcDbEntity
  8
尺寸线层
  6
Continuous
 62
     0
100
AcDbLine
 10
30.74229355660348
 20
5.973479811950937
 30
0.0
 11
68.1922935566034
 21
5.973479811950937
 31
0.0
  0
HATCH
  5
1B6
330
1B2
100
AcDbEntity
  8
尺寸线层
  6
Continuous
 62
     0
100
AcDbHatch
 10
0.0
 20
0.0
 30
0.0
210
0.0
220
0.0
230
1.0
  2
SOLID
 70
     1
 71
     0
 91
        1
 92
        0
 93
        3
 72
     1
 10
30.74229355660348
 20
5.973479811950937
 11
34.74229355660348
 21
6.473479811950937
 72
     1
 10
34.74229355660348
 20
6.473479811950937
 11
34.74229355660348
 21
5.473479811950937
 72
     1
 10
34.74229355660348
 20
5.473479811950937
 11
30.74229355660348
 21
5.973479811950937
 97
        0
 75
     0
 76
     1
 98
        1
 10
0.0
 20
0.0
  0
HATCH
  5
1B7
330
1B2
100
AcDbEntity
  8
尺寸线层
  6
Continuous
 62
     0
100
AcDbHatch
 10
0.0
 20
0.0
 30
0.0
210
0.0
220
0.0
230
1.0
  2
SOLID
 70
     1
 71
     0
 91
        1
 92
        0
 93
        3
 72
     1
 10
68.1922935566034
 20
5.973479811950937
 11
64.1922935566034
 21
6.473479811950937
 72
     1
 10
64.1922935566034
 20
6.473479811950937
 11
64.1922935566034
 21
5.473479811950937
 72
     1
 10
64.1922935566034
 20
5.473479811950937
 11
68.1922935566034
 21
5.973479811950937
 97
        0
 75
     0
 76
     1
 98
        1
 10
0.0
 20
0.0
  0
LINE
  5
1B8
330
1B2
100
AcDbEntity
  8
尺寸线层
  6
Continuous
 62
     0
100
AcDbLine
 10
30.74229355660348
 20
23.15000000000011
 30
0.0
 11
30.74229355660348
 21
3.973479811950937
 31
0.0
  0
LINE
  5
1B9
330
1B2
100
AcDbEntity
  8
尺寸线层
  6
Continuous
 62
     0
100
AcDbLine
 10
68.1922935566034
 20
12.00000000000014
 30
0.0
 11
68.1922935566034
 21
3.973479811950937
 31
0.0
  0
MTEXT
  5
1BA
330
1B2
100
AcDbEntity
  8
尺寸线层
 62
     0
100
AcDbMText
 10
49.46729405660344
 20
8.576133443235854
 30
0.0
 40
3.5
 41
17.22052402234638
 46
7.0
 71
     5
 72
     1
  1
\T1.1;37.45
  7
标准
 73
     1
 44
1.150569886022795
1001
CAXA_DRAFT_TXTSCALE
1041
1.0
1001
ACAD
1000
ACAD_MTEXT_DEFINED_HEIGHT_BEGIN
1070
    46
1040
7.0
1000
ACAD_MTEXT_DEFINED_HEIGHT_END
  0
ENDBLK
  5
1B4
330
1B2
100
AcDbEntity
  8
0
100
AcDbBlockEnd
  0
BLOCK
  5
1BD
330
1BC
100
AcDbEntity
  8
0
100
AcDbBlockBegin
  2
*X11
 70
     1
 10
0.0
 20
0.0
 30
0.0
  3
*X11
  1

  0
LINE
  5
1BF
330
1BC
100
AcDbEntity
  8
尺寸线层
  6
Continuous
 62
     0
100
AcDbLine
 10
136.8269495778014
 20
73.00000000000024
 30
0.0
 11
136.8269495778014
 21
12.00000000000014
 31
0.0
  0
HATCH
  5
1C0
330
1BC
100
AcDbEntity
  8
尺寸线层
  6
Continuous
 62
     0
100
AcDbHatch
 10
0.0
 20
0.0
 30
0.0
210
0.0
220
0.0
230
1.0
  2
SOLID
 70
     1
 71
     0
 91
        1
 92
        0
 93
        3
 72
     1
 10
136.8269495778014
 20
73.00000000000024
 11
137.3269495778014
 21
69.00000000000024
 72
     1
 10
137.3269495778014
 20
69.00000000000024
 11
136.3269495778014
 21
69.00000000000024
 72
     1
 10
136.3269495778014
 20
69.00000000000024
 11
136.8269495778014
 21
73.00000000000024
 97
        0
 75
     0
 76
     1
 98
        1
 10
0.0
 20
0.0
  0
HATCH
  5
1C1
330
1BC
100
AcDbEntity
  8
尺寸线层
  6
Continuous
 62
     0
100
AcDbHatch
 10
0.0
 20
0.0
 30
0.0
210
0.0
220
0.0
230
1.0
  2
SOLID
 70
     1
 71
     0
 91
        1
 92
        0
 93
        3
 72
     1
 10
136.8269495778014
 20
12.00000000000014
 11
137.3269495778014
 21
16.00000000000014
 72
     1
 10
137.3269495778014
 20
16.00000000000014
 11
136.3269495778014
 21
16.00000000000014
 72
     1
 10
136.3269495778014
 20
16.00000000000014
 11
136.8269495778014
 21
12.00000000000014
 97
        0
 75
     0
 76
     1
 98
        1
 10
0.0
 20
0.0
  0
LINE
  5
1C2
330
1BC
100
AcDbEntity
  8
尺寸线层
  6
Continuous
 62
     0
100
AcDbLine
 10
133.1922935566034
 20
73.00000000000024
 30
0.0
 11
138.8269495778014
 21
73.00000000000024
 31
0.0
  0
LINE
  5
1C3
330
1BC
100
AcDbEntity
  8
尺寸线层
  6
Continuous
 62
     0
100
AcDbLine
 10
133.1922935566034
 20
12.00000000000014
 30
0.0
 11
138.8269495778014
 21
12.00000000000014
 31
0.0
  0
MTEXT
  5
1C4
330
1BC
100
AcDbEntity
  8
尺寸线层
 62
     0
100
AcDbMText
 10
134.2131227621589
 20
42.4999995000002
 30
0.0
 40
3.5
 41
7.0
 46
7.0
 71
     5
 72
     1
  1
\T1.1;61
  7
标准
 11
6.123233995736766E-17
 21
1.0
 31
0.0
 73
     1
 44
1.150569886022795
1001
CAXA_DRAFT_TXTSCALE
1041
1.0
1001
ACAD
1000
ACAD_MTEXT_DEFINED_HEIGHT_BEGIN
1070
    46
1040
7.0
1000
ACAD_MTEXT_DEFINED_HEIGHT_END
  0
ENDBLK
  5
1BE
330
1BC
100
AcDbEntity
  8
0
100
AcDbBlockEnd
  0
BLOCK
  5
1C7
330
1C6
100
AcDbEntity
  8
0
100
AcDbBlockBegin
  2
*X12
 70
     1
 10
0.0
 20
0.0
 30
0.0
  3
*X12
  1

  0
LINE
  5
1C9
330
1C6
100
AcDbEntity
  8
尺寸线层
  6
Continuous
 62
     0
100
AcDbLine
 10
57.79229355660332
 20
13.95681621613196
 30
0.0
 11
78.29229355660331
 21
13.95681621613196
 31
0.0
  0
HATCH
  5
1CA
330
1C6
100
AcDbEntity
  8
尺寸线层
  6
Continuous
 62
     0
100
AcDbHatch
 10
0.0
 20
0.0
 30
0.0
210
0.0
220
0.0
230
1.0
  2
SOLID
 70
     1
 71
     0
 91
        1
 92
        0
 93
        3
 72
     1
 10
57.79229355660332
 20
13.95681621613196
 11
61.79229355660332
 21
14.45681621613196
 72
     1
 10
61.79229355660332
 20
14.45681621613196
 11
61.79229355660332
 21
13.45681621613196
 72
     1
 10
61.79229355660332
 20
13.45681621613196
 11
57.79229355660332
 21
13.95681621613196
 97
        0
 75
     0
 76
     1
 98
        1
 10
0.0
 20
0.0
  0
HATCH
  5
1CB
330
1C6
100
AcDbEntity
  8
尺寸线层
  6
Continuous
 62
     0
100
AcDbHatch
 10
0.0
 20
0.0
 30
0.0
210
0.0
220
0.0
230
1.0
  2
SOLID
 70
     1
 71
     0
 91
        1
 92
        0
 93
        3
 72
     1
 10
78.29229355660331
 20
13.95681621613196
 11
74.29229355660331
 21
14.45681621613196
 72
     1
 10
74.29229355660331
 20
14.45681621613196
 11
74.29229355660331
 21
13.45681621613196
 72
     1
 10
74.29229355660331
 20
13.45681621613196
 11
78.29229355660331
 21
13.95681621613196
 97
        0
 75
     0
 76
     1
 98
        1
 10
0.0
 20
0.0
  0
LINE
  5
1CC
330
1C6
100
AcDbEntity
  8
尺寸线层
  6
Continuous
 62
     0
100
AcDbLine
 10
57.79229355660332
 20
14.50000000000014
 30
0.0
 11
57.79229355660332
 21
11.95681621613196
 31
0.0
  0
LINE
  5
1CD
330
1C6
100
AcDbEntity
  8
尺寸线层
  6
Continuous
 62
     0
100
AcDbLine
 10
78.29229355660331
 20
14.50000000000014
 30
0.0
 11
78.29229355660331
 21
11.95681621613196
 31
0.0
  0
MTEXT
  5
1CE
330
1C6
100
AcDbEntity
  8
尺寸线层
 62
     0
100
AcDbMText
 10
68.04229405660331
 20
16.55946984741688
 30
0.0
 40
3.5
 41
13.60009273743015
 46
7.0
 71
     5
 72
     1
  1
\T1.1;20.5
  7
标准
 73
     1
 44
1.150569886022795
1001
CAXA_DRAFT_TXTSCALE
1041
1.0
1001
ACAD
1000
ACAD_MTEXT_DEFINED_HEIGHT_BEGIN
1070
    46
1040
7.0
1000
ACAD_MTEXT_DEFINED_HEIGHT_END
  0
ENDBLK
  5
1C8
330
1C6
100
AcDbEntity
  8
0
100
AcDbBlockEnd
  0
BLOCK
  5
1D1
330
1D0
100
AcDbEntity
  8
0
100
AcDbBlockBegin
  2
*X13
 70
     1
 10
0.0
 20
0.0
 30
0.0
  3
*X13
  1

  0
LINE
  5
1D3
330
1D0
100
AcDbEntity
  8
尺寸线层
  6
Continuous
 62
     0
100
AcDbLine
 10
51.72157092945656
 20
70.50000000000013
 30
0.0
 11
51.72157092945655
 21
14.50000000000014
 31
0.0
  0
HATCH
  5
1D4
330
1D0
100
AcDbEntity
  8
尺寸线层
  6
Continuous
 62
     0
100
AcDbHatch
 10
0.0
 20
0.0
 30
0.0
210
0.0
220
0.0
230
1.0
  2
SOLID
 70
     1
 71
     0
 91
        1
 92
        0
 93
        3
 72
     1
 10
51.72157092945656
 20
70.50000000000013
 11
52.22157092945656
 21
66.50000000000013
 72
     1
 10
52.22157092945656
 20
66.50000000000013
 11
51.22157092945656
 21
66.50000000000013
 72
     1
 10
51.22157092945656
 20
66.50000000000013
 11
51.72157092945656
 21
70.50000000000013
 97
        0
 75
     0
 76
     1
 98
        1
 10
0.0
 20
0.0
  0
HATCH
  5
1D5
330
1D0
100
AcDbEntity
  8
尺寸线层
  6
Continuous
 62
     0
100
AcDbHatch
 10
0.0
 20
0.0
 30
0.0
210
0.0
220
0.0
230
1.0
  2
SOLID
 70
     1
 71
     0
 91
        1
 92
        0
 93
        3
 72
     1
 10
51.72157092945655
 20
14.50000000000014
 11
52.22157092945653
 21
18.50000000000014
 72
     1
 10
52.22157092945653
 20
18.50000000000014
 11
51.22157092945653
 21
18.50000000000014
 72
     1
 10
51.22157092945653
 20
18.50000000000014
 11
51.72157092945655
 21
14.50000000000014
 97
        0
 75
     0
 76
     1
 98
        1
 10
0.0
 20
0.0
  0
LINE
  5
1D6
330
1D0
100
AcDbEntity
  8
尺寸线层
  6
Continuous
 62
     0
100
AcDbLine
 10
57.79229355660332
 20
70.50000000000013
 30
0.0
 11
49.72157092945656
 21
70.50000000000013
 31
0.0
  0
LINE
  5
1D7
330
1D0
100
AcDbEntity
  8
尺寸线层
  6
Continuous
 62
     0
100
AcDbLine
 10
57.79229355660332
 20
14.50000000000014
 30
0.0
 11
49.72157092945655
 21
14.50000000000014
 31
0.0
  0
MTEXT
  5
1D8
330
1D0
100
AcDbEntity
  8
尺寸线层
 62
     0
100
AcDbMText
 10
49.11891729817164
 20
42.49999950000014
 30
0.0
 40
3.5
 41
7.0
 46
7.0
 71
     5
 72
     1
  1
\T1.1;56
  7
标准
 11
6.123233995736766E-17
 21
1.0
 31
0.0
 73
     1
 44
1.150569886022795
1001
CAXA_DRAFT_TXTSCALE
1041
1.0
1001
ACAD
1000
ACAD_MTEXT_DEFINED_HEIGHT_BEGIN
1070
    46
1040
7.0
1000
ACAD_MTEXT_DEFINED_HEIGHT_END
  0
ENDBLK
  5
1D2
330
1D0
100
AcDbEntity
  8
0
100
AcDbBlockEnd
  0
BLOCK
  5
1DB
330
1DA
100
AcDbEntity
  8
0
100
AcDbBlockBegin
  2
*X14
 70
     1
 10
0.0
 20
0.0
 30
0.0
  3
*X14
  1

  0
LINE
  5
1DD
330
1DA
100
AcDbEntity
  8
尺寸线层
  6
Continuous
 62
     0
100
AcDbLine
 10
19.14229355660346
 20
36.35032587817434
 30
0.0
 11
41.77456829962024
 21
36.35032587817434
 31
0.0
  0
HATCH
  5
1DE
330
1DA
100
AcDbEntity
  8
尺寸线层
  6
Continuous
 62
     0
100
AcDbHatch
 10
0.0
 20
0.0
 30
0.0
210
0.0
220
0.0
230
1.0
  2
SOLID
 70
     1
 71
     0
 91
        1
 92
        0
 93
        3
 72
     1
 10
25.14229355660346
 20
36.35032587817434
 11
21.14229355660346
 21
36.85032587817434
 72
     1
 10
21.14229355660346
 20
36.85032587817434
 11
21.14229355660346
 21
35.85032587817434
 72
     1
 10
21.14229355660346
 20
35.85032587817434
 11
25.14229355660346
 21
36.35032587817434
 97
        0
 75
     0
 76
     1
 98
        1
 10
0.0
 20
0.0
  0
HATCH
  5
1DF
330
1DA
100
AcDbEntity
  8
尺寸线层
  6
Continuous
 62
     0
100
AcDbHatch
 10
0.0
 20
0.0
 30
0.0
210
0.0
220
0.0
230
1.0
  2
SOLID
 70
     1
 71
     0
 91
        1
 92
        0
 93
        3
 72
     1
 10
30.74229355660348
 20
36.35032587817434
 11
34.74229355660348
 21
36.85032587817434
 72
     1
 10
34.74229355660348
 20
36.85032587817434
 11
34.74229355660348
 21
35.85032587817434
 72
     1
 10
34.74229355660348
 20
35.85032587817434
 11
30.74229355660348
 21
36.35032587817434
 97
        0
 75
     0
 76
     1
 98
        1
 10
0.0
 20
0.0
  0
LINE
  5
1E0
330
1DA
100
AcDbEntity
  8
尺寸线层
  6
Continuous
 62
     0
100
AcDbLine
 10
25.14229355660346
 20
29.00000000000013
 30
0.0
 11
25.14229355660346
 21
38.35032587817434
 31
0.0
  0
LINE
  5
1E1
330
1DA
100
AcDbEntity
  8
尺寸线层
  6
Continuous
 62
     0
100
AcDbLine
 10
30.74229355660348
 20
23.15000000000011
 30
0.0
 11
30.74229355660348
 21
38.35032587817434
 31
0.0
  0
MTEXT
  5
1E2
330
1DA
100
AcDbEntity
  8
尺寸线层
 62
     0
100
AcDbMText
 10
39.28617388621242
 20
38.95297950945925
 30
0.0
 40
3.5
 41
9.953577653631271
 46
7.0
 71
     5
 72
     1
  1
\T1.1;5.6
  7
标准
 73
     1
 44
1.150569886022795
1001
CAXA_DRAFT_TXTSCALE
1041
1.0
1001
ACAD
1000
ACAD_MTEXT_DEFINED_HEIGHT_BEGIN
1070
    46
1040
7.0
1000
ACAD_MTEXT_DEFINED_HEIGHT_END
  0
ENDBLK
  5
1DC
330
1DA
100
AcDbEntity
  8
0
100
AcDbBlockEnd
  0
BLOCK
  5
1E5
330
1E4
100
AcDbEntity
  8
0
100
AcDbBlockBegin
  2
*X15
 70
     1
 10
0.0
 20
0.0
 30
0.0
  3
*X15
  1

  0
LINE
  5
1E7
330
1E4
100
AcDbEntity
  8
尺寸线层
  6
Continuous
 62
     0
100
AcDbLine
 10
87.29229355660331
 20
17.97358924968217
 30
0.0
 11
116.2922935566033
 21
17.97358924968217
 31
0.0
  0
HATCH
  5
1E8
330
1E4
100
AcDbEntity
  8
尺寸线层
  6
Continuous
 62
     0
100
AcDbHatch
 10
0.0
 20
0.0
 30
0.0
210
0.0
220
0.0
230
1.0
  2
SOLID
 70
     1
 71
     0
 91
        1
 92
        0
 93
        3
 72
     1
 10
87.29229355660331
 20
17.97358924968217
 11
91.29229355660331
 21
18.47358924968217
 72
     1
 10
91.29229355660331
 20
18.47358924968217
 11
91.29229355660331
 21
17.47358924968217
 72
     1
 10
91.29229355660331
 20
17.47358924968217
 11
87.29229355660331
 21
17.97358924968217
 97
        0
 75
     0
 76
     1
 98
        1
 10
0.0
 20
0.0
  0
HATCH
  5
1E9
330
1E4
100
AcDbEntity
  8
尺寸线层
  6
Continuous
 62
     0
100
AcDbHatch
 10
0.0
 20
0.0
 30
0.0
210
0.0
220
0.0
230
1.0
  2
SOLID
 70
     1
 71
     0
 91
        1
 92
        0
 93
        3
 72
     1
 10
116.2922935566033
 20
17.97358924968217
 11
112.2922935566033
 21
18.47358924968217
 72
     1
 10
112.2922935566033
 20
18.47358924968217
 11
112.2922935566033
 21
17.47358924968217
 72
     1
 10
112.2922935566033
 20
17.47358924968217
 11
116.2922935566033
 21
17.97358924968217
 97
        0
 75
     0
 76
     1
 98
        1
 10
0.0
 20
0.0
  0
LINE
  5
1EA
330
1E4
100
AcDbEntity
  8
尺寸线层
  6
Continuous
 62
     0
100
AcDbLine
 10
87.29229355660331
 20
20.25000000000013
 30
0.0
 11
87.29229355660331
 21
15.97358924968217
 31
0.0
  0
LINE
  5
1EB
330
1E4
100
AcDbEntity
  8
尺寸线层
  6
Continuous
 62
     0
100
AcDbLine
 10
116.2922935566033
 20
20.25000000000013
 30
0.0
 11
116.2922935566033
 21
15.97358924968217
 31
0.0
  0
MTEXT
  5
1EC
330
1E4
100
AcDbEntity
  8
尺寸线层
 62
     0
100
AcDbMText
 10
101.7922940566033
 20
20.57624288096709
 30
0.0
 40
3.5
 41
7.0
 46
7.0
 71
     5
 72
     1
  1
\T1.1;29
  7
标准
 73
     1
 44
1.150569886022795
1001
CAXA_DRAFT_TXTSCALE
1041
1.0
1001
ACAD
1000
ACAD_MTEXT_DEFINED_HEIGHT_BEGIN
1070
    46
1040
7.0
1000
ACAD_MTEXT_DEFINED_HEIGHT_END
  0
ENDBLK
  5
1E6
330
1E4
100
AcDbEntity
  8
0
100
AcDbBlockEnd
  0
BLOCK
  5
1EF
330
1EE
100
AcDbEntity
  8
0
100
AcDbBlockBegin
  2
*X16
 70
     1
 10
0.0
 20
0.0
 30
0.0
  3
*X16
  1

  0
LINE
  5
1F1
330
1EE
100
AcDbEntity
  8
尺寸线层
  6
Continuous
 62
     0
100
AcDbLine
 10
87.72189924265024
 20
64.75000000000013
 30
0.0
 11
87.72189924265024
 21
20.25000000000013
 31
0.0
  0
HATCH
  5
1F2
330
1EE
100
AcDbEntity
  8
尺寸线层
  6
Continuous
 62
     0
100
AcDbHatch
 10
0.0
 20
0.0
 30
0.0
210
0.0
220
0.0
230
1.0
  2
SOLID
 70
     1
 71
     0
 91
        1
 92
        0
 93
        3
 72
     1
 10
87.72189924265024
 20
64.75000000000013
 11
88.22189924265024
 21
60.75000000000013
 72
     1
 10
88.22189924265024
 20
60.75000000000013
 11
87.22189924265024
 21
60.75000000000013
 72
     1
 10
87.22189924265024
 20
60.75000000000013
 11
87.72189924265024
 21
64.75000000000013
 97
        0
 75
     0
 76
     1
 98
        1
 10
0.0
 20
0.0
  0
HATCH
  5
1F3
330
1EE
100
AcDbEntity
  8
尺寸线层
  6
Continuous
 62
     0
100
AcDbHatch
 10
0.0
 20
0.0
 30
0.0
210
0.0
220
0.0
230
1.0
  2
SOLID
 70
     1
 71
     0
 91
        1
 92
        0
 93
        3
 72
     1
 10
87.72189924265024
 20
20.25000000000013
 11
88.22189924265024
 21
24.25000000000013
 72
     1
 10
88.22189924265024
 20
24.25000000000013
 11
87.22189924265024
 21
24.25000000000013
 72
     1
 10
87.22189924265024
 20
24.25000000000013
 11
87.72189924265024
 21
20.25000000000013
 97
        0
 75
     0
 76
     1
 98
        1
 10
0.0
 20
0.0
  0
LINE
  5
1F4
330
1EE
100
AcDbEntity
  8
尺寸线层
  6
Continuous
 62
     0
100
AcDbLine
 10
87.29229355660331
 20
64.75000000000013
 30
0.0
 11
89.72189924265024
 21
64.75000000000013
 31
0.0
  0
LINE
  5
1F5
330
1EE
100
AcDbEntity
  8
尺寸线层
  6
Continuous
 62
     0
100
AcDbLine
 10
87.29229355660331
 20
20.25000000000013
 30
0.0
 11
89.72189924265024
 21
20.25000000000013
 31
0.0
  0
MTEXT
  5
1F6
330
1EE
100
AcDbEntity
  8
尺寸线层
 62
     0
100
AcDbMText
 10
85.11924561136533
 20
42.49999950000013
 30
0.0
 40
3.5
 41
13.7044279329609
 46
7.0
 71
     5
 72
     1
  1
\T1.1;44.5
  7
标准
 11
6.123233995736766E-17
 21
1.0
 31
0.0
 73
     1
 44
1.150569886022795
1001
CAXA_DRAFT_TXTSCALE
1041
1.0
1001
ACAD
1000
ACAD_MTEXT_DEFINED_HEIGHT_BEGIN
1070
    46
1040
7.0
1000
ACAD_MTEXT_DEFINED_HEIGHT_END
  0
ENDBLK
  5
1F0
330
1EE
100
AcDbEntity
  8
0
100
AcDbBlockEnd
  0
BLOCK
  5
23E
330
23D
100
AcDbEntity
  8
0
100
AcDbBlockBegin
  2
*X17
 70
     1
 10
0.0
 20
0.0
 30
0.0
  3
*X17
  1

  0
LINE
  5
240
330
23D
100
AcDbEntity
  8
尺寸线层
  6
Continuous
 62
     0
100
AcDbLine
 10
272.3340667034404
 20
65.47010558621997
 30
0.0
 11
311.0340667034404
 21
65.47010558621997
 31
0.0
  0
HATCH
  5
241
330
23D
100
AcDbEntity
  8
尺寸线层
  6
Continuous
 62
     0
100
AcDbHatch
 10
0.0
 20
0.0
 30
0.0
210
0.0
220
0.0
230
1.0
  2
SOLID
 70
     1
 71
     0
 91
        1
 92
        0
 93
        3
 72
     1
 10
272.3340667034404
 20
65.47010558621997
 11
276.3340667034404
 21
65.97010558621997
 72
     1
 10
276.3340667034404
 20
65.97010558621997
 11
276.3340667034404
 21
64.97010558621997
 72
     1
 10
276.3340667034404
 20
64.97010558621997
 11
272.3340667034404
 21
65.47010558621997
 97
        0
 75
     0
 76
     1
 98
        1
 10
0.0
 20
0.0
  0
HATCH
  5
242
330
23D
100
AcDbEntity
  8
尺寸线层
  6
Continuous
 62
     0
100
AcDbHatch
 10
0.0
 20
0.0
 30
0.0
210
0.0
220
0.0
230
1.0
  2
SOLID
 70
     1
 71
     0
 91
        1
 92
        0
 93
        3
 72
     1
 10
311.0340667034404
 20
65.47010558621997
 11
307.0340667034404
 21
65.97010558621997
 72
     1
 10
307.0340667034404
 20
65.97010558621997
 11
307.0340667034404
 21
64.97010558621997
 72
     1
 10
307.0340667034404
 20
64.97010558621997
 11
311.0340667034404
 21
65.47010558621997
 97
        0
 75
     0
 76
     1
 98
        1
 10
0.0
 20
0.0
  0
LINE
  5
243
330
23D
100
AcDbEntity
  8
尺寸线层
  6
Continuous
 62
     0
100
AcDbLine
 10
272.3340667034404
 20
56.09510923011637
 30
0.0
 11
272.3340667034404
 21
67.47010558621997
 31
0.0
  0
LINE
  5
244
330
23D
100
AcDbEntity
  8
尺寸线层
  6
Continuous
 62
     0
100
AcDbLine
 10
311.0340667034404
 20
56.09510923011637
 30
0.0
 11
311.0340667034404
 21
67.47010558621997
 31
0.0
  0
MTEXT
  5
245
330
23D
100
AcDbEntity
  8
尺寸线层
 62
     0
100
AcDbMText
 10
291.6840672034405
 20
67.57834580968365
 30
0.0
 40
3.5
 41
13.57400893854742
 46
7.0
 71
     5
 72
     1
  1
\T1.1;38.7
  7
标准
 73
     1
 44
1.150569886022795
1001
CAXA_DRAFT_TXTSCALE
1041
1.0
1001
ACAD
1000
ACAD_MTEXT_DEFINED_HEIGHT_BEGIN
1070
    46
1040
7.0
1000
ACAD_MTEXT_DEFINED_HEIGHT_END
  0
ENDBLK
  5
23F
330
23D
100
AcDbEntity
  8
0
100
AcDbBlockEnd
  0
BLOCK
  5
248
330
247
100
AcDbEntity
  8
0
100
AcDbBlockBegin
  2
*X18
 70
     1
 10
0.0
 20
0.0
 30
0.0
  3
*X18
  1

  0
LINE
  5
24A
330
247
100
AcDbEntity
  8
尺寸线层
  6
Continuous
 62
     0
100
AcDbLine
 10
264.5879085160705
 20
21.09510923011637
 30
0.0
 11
264.5879085160705
 21
56.04682351583065
 31
0.0
  0
HATCH
  5
24B
330
247
100
AcDbEntity
  8
尺寸线层
  6
Continuous
 62
     0
100
AcDbHatch
 10
0.0
 20
0.0
 30
0.0
210
0.0
220
0.0
230
1.0
  2
SOLID
 70
     1
 71
     0
 91
        1
 92
        0
 93
        3
 72
     1
 10
264.5879085160705
 20
21.09510923011637
 11
264.0879085160705
 21
25.09510923011637
 72
     1
 10
264.0879085160705
 20
25.09510923011637
 11
265.0879085160705
 21
25.09510923011637
 72
     1
 10
265.0879085160705
 20
25.09510923011637
 11
264.5879085160705
 21
21.09510923011637
 97
        0
 75
     0
 76
     1
 98
        1
 10
0.0
 20
0.0
  0
HATCH
  5
24C
330
247
100
AcDbEntity
  8
尺寸线层
  6
Continuous
 62
     0
100
AcDbHatch
 10
0.0
 20
0.0
 30
0.0
210
0.0
220
0.0
230
1.0
  2
SOLID
 70
     1
 71
     0
 91
        1
 92
        0
 93
        3
 72
     1
 10
264.5879085160705
 20
56.04682351583065
 11
264.0879085160705
 21
52.04682351583065
 72
     1
 10
264.0879085160705
 20
52.04682351583065
 11
265.0879085160705
 21
52.04682351583065
 72
     1
 10
265.0879085160705
 20
52.04682351583065
 11
264.5879085160705
 21
56.04682351583065
 97
        0
 75
     0
 76
     1
 98
        1
 10
0.0
 20
0.0
  0
LINE
  5
24D
330
247
100
AcDbEntity
  8
尺寸线层
  6
Continuous
 62
     0
100
AcDbLine
 10
272.3340667034404
 20
21.09510923011637
 30
0.0
 11
262.5879085160705
 21
21.09510923011637
 31
0.0
  0
LINE
  5
24E
330
247
100
AcDbEntity
  8
尺寸线层
  6
Continuous
 62
     0
100
AcDbLine
 10
271.0349637476298
 20
56.04682351583065
 30
0.0
 11
262.5879085160705
 21
56.04682351583065
 31
0.0
  0
MTEXT
  5
24F
330
247
100
AcDbEntity
  8
尺寸线层
 62
     0
100
AcDbMText
 10
262.4796682926068
 20
38.57096687297351
 30
0.0
 40
3.5
 41
17.22052402234637
 46
7.0
 71
     5
 72
     1
  1
\T1.1;34.95
  7
标准
 11
6.123233995736766E-17
 21
1.0
 31
0.0
 73
     1
 44
1.150569886022795
1001
CAXA_DRAFT_TXTSCALE
1041
1.0
1001
ACAD
1000
ACAD_MTEXT_DEFINED_HEIGHT_BEGIN
1070
    46
1040
7.0
1000
ACAD_MTEXT_DEFINED_HEIGHT_END
  0
ENDBLK
  5
249
330
247
100
AcDbEntity
  8
0
100
AcDbBlockEnd
  0
BLOCK
  5
252
330
251
100
AcDbEntity
  8
0
100
AcDbBlockBegin
  2
*X19
 70
     1
 10
0.0
 20
0.0
 30
0.0
  3
*X19
  1

  0
LINE
  5
254
330
251
100
AcDbEntity
  8
尺寸线层
  6
Continuous
 62
     0
100
AcDbLine
 10
249.6840667034405
 20
14.3566687342912
 30
0.0
 11
333.6840667034405
 21
14.3566687342912
 31
0.0
  0
HATCH
  5
255
330
251
100
AcDbEntity
  8
尺寸线层
  6
Continuous
 62
     0
100
AcDbHatch
 10
0.0
 20
0.0
 30
0.0
210
0.0
220
0.0
230
1.0
  2
SOLID
 70
     1
 71
     0
 91
        1
 92
        0
 93
        3
 72
     1
 10
249.6840667034405
 20
14.3566687342912
 11
253.6840667034405
 21
14.8566687342912
 72
     1
 10
253.6840667034405
 20
14.8566687342912
 11
253.6840667034405
 21
13.8566687342912
 72
     1
 10
253.6840667034405
 20
13.8566687342912
 11
249.6840667034405
 21
14.3566687342912
 97
        0
 75
     0
 76
     1
 98
        1
 10
0.0
 20
0.0
  0
HATCH
  5
256
330
251
100
AcDbEntity
  8
尺寸线层
  6
Continuous
 62
     0
100
AcDbHatch
 10
0.0
 20
0.0
 30
0.0
210
0.0
220
0.0
230
1.0
  2
SOLID
 70
     1
 71
     0
 91
        1
 92
        0
 93
        3
 72
     1
 10
333.6840667034405
 20
14.3566687342912
 11
329.6840667034405
 21
14.8566687342912
 72
     1
 10
329.6840667034405
 20
14.8566687342912
 11
329.6840667034405
 21
13.8566687342912
 72
     1
 10
329.6840667034405
 20
13.8566687342912
 11
333.6840667034405
 21
14.3566687342912
 97
        0
 75
     0
 76
     1
 98
        1
 10
0.0
 20
0.0
  0
LINE
  5
257
330
251
100
AcDbEntity
  8
尺寸线层
  6
Continuous
 62
     0
100
AcDbLine
 10
249.6840667034405
 20
16.09510923011637
 30
0.0
 11
249.6840667034405
 21
12.3566687342912
 31
0.0
  0
LINE
  5
258
330
251
100
AcDbEntity
  8
尺寸线层
  6
Continuous
 62
     0
100
AcDbLine
 10
333.6840667034405
 20
16.09510923011637
 30
0.0
 11
333.6840667034405
 21
12.3566687342912
 31
0.0
  0
MTEXT
  5
259
330
251
100
AcDbEntity
  8
尺寸线层
 62
     0
100
AcDbMText
 10
291.6840672034405
 20
16.46490895775489
 30
0.0
 40
3.5
 41
7.0
 46
7.0
 71
     5
 72
     1
  1
\T1.1;84
  7
标准
 73
     1
 44
1.150569886022795
1001
CAXA_DRAFT_TXTSCALE
1041
1.0
1001
ACAD
1000
ACAD_MTEXT_DEFINED_HEIGHT_BEGIN
1070
    46
1040
7.0
1000
ACAD_MTEXT_DEFINED_HEIGHT_END
  0
ENDBLK
  5
253
330
251
100
AcDbEntity
  8
0
100
AcDbBlockEnd
  0
BLOCK
  5
25C
330
25B
100
AcDbEntity
  8
0
100
AcDbBlockBegin
  2
*X20
 70
     1
 10
0.0
 20
0.0
 30
0.0
  3
*X20
  1

  0
LINE
  5
25E
330
25B
100
AcDbEntity
  8
尺寸线层
  6
Continuous
 62
     0
100
AcDbLine
 10
251.583605819951
 20
50.09510923011637
 30
0.0
 11
251.583605819951
 21
16.09510923011637
 31
0.0
  0
HATCH
  5
25F
330
25B
100
AcDbEntity
  8
尺寸线层
  6
Continuous
 62
     0
100
AcDbHatch
 10
0.0
 20
0.0
 30
0.0
210
0.0
220
0.0
230
1.0
  2
SOLID
 70
     1
 71
     0
 91
        1
 92
        0
 93
        3
 72
     1
 10
251.583605819951
 20
50.09510923011637
 11
252.083605819951
 21
46.09510923011637
 72
     1
 10
252.083605819951
 20
46.09510923011637
 11
251.083605819951
 21
46.09510923011637
 72
     1
 10
251.083605819951
 20
46.09510923011637
 11
251.583605819951
 21
50.09510923011637
 97
        0
 75
     0
 76
     1
 98
        1
 10
0.0
 20
0.0
  0
HATCH
  5
260
330
25B
100
AcDbEntity
  8
尺寸线层
  6
Continuous
 62
     0
100
AcDbHatch
 10
0.0
 20
0.0
 30
0.0
210
0.0
220
0.0
230
1.0
  2
SOLID
 70
     1
 71
     0
 91
        1
 92
        0
 93
        3
 72
     1
 10
251.583605819951
 20
16.09510923011637
 11
252.083605819951
 21
20.09510923011637
 72
     1
 10
252.083605819951
 20
20.09510923011637
 11
251.083605819951
 21
20.09510923011637
 72
     1
 10
251.083605819951
 20
20.09510923011637
 11
251.583605819951
 21
16.09510923011637
 97
        0
 75
     0
 76
     1
 98
        1
 10
0.0
 20
0.0
  0
LINE
  5
261
330
25B
100
AcDbEntity
  8
尺寸线层
  6
Continuous
 62
     0
100
AcDbLine
 10
249.6840667034405
 20
50.09510923011637
 30
0.0
 11
253.583605819951
 21
50.09510923011637
 31
0.0
  0
LINE
  5
262
330
25B
100
AcDbEntity
  8
尺寸线层
  6
Continuous
 62
     0
100
AcDbLine
 10
249.6840667034405
 20
16.09510923011637
 30
0.0
 11
253.583605819951
 21
16.09510923011637
 31
0.0
  0
MTEXT
  5
263
330
25B
100
AcDbEntity
  8
尺寸线层
 62
     0
100
AcDbMText
 10
249.4753655964873
 20
33.09510873011637
 30
0.0
 40
3.5
 41
7.0
 46
7.0
 71
     5
 72
     1
  1
\T1.1;34
  7
标准
 11
6.123233995736766E-17
 21
1.0
 31
0.0
 73
     1
 44
1.150569886022795
1001
CAXA_DRAFT_TXTSCALE
1041
1.0
1001
ACAD
1000
ACAD_MTEXT_DEFINED_HEIGHT_BEGIN
1070
    46
1040
7.0
1000
ACAD_MTEXT_DEFINED_HEIGHT_END
  0
ENDBLK
  5
25D
330
25B
100
AcDbEntity
  8
0
100
AcDbBlockEnd
  0
BLOCK
  5
266
330
265
100
AcDbEntity
  8
0
100
AcDbBlockBegin
  2
*X21
 70
     1
 10
0.0
 20
0.0
 30
0.0
  3
*X21
  1

  0
LINE
  5
268
330
265
100
AcDbEntity
  8
尺寸线层
  6
Continuous
 62
     0
100
AcDbLine
 10
276.1840667034404
 20
2.607607611156297
 30
0.0
 11
307.1840667034404
 21
2.607607611156297
 31
0.0
  0
HATCH
  5
269
330
265
100
AcDbEntity
  8
尺寸线层
  6
Continuous
 62
     0
100
AcDbHatch
 10
0.0
 20
0.0
 30
0.0
210
0.0
220
0.0
230
1.0
  2
SOLID
 70
     1
 71
     0
 91
        1
 92
        0
 93
        3
 72
     1
 10
276.1840667034404
 20
2.607607611156297
 11
280.1840667034404
 21
3.107607611156297
 72
     1
 10
280.1840667034404
 20
3.107607611156297
 11
280.1840667034404
 21
2.107607611156297
 72
     1
 10
280.1840667034404
 20
2.107607611156297
 11
276.1840667034404
 21
2.607607611156297
 97
        0
 75
     0
 76
     1
 98
        1
 10
0.0
 20
0.0
  0
HATCH
  5
26A
330
265
100
AcDbEntity
  8
尺寸线层
  6
Continuous
 62
     0
100
AcDbHatch
 10
0.0
 20
0.0
 30
0.0
210
0.0
220
0.0
230
1.0
  2
SOLID
 70
     1
 71
     0
 91
        1
 92
        0
 93
        3
 72
     1
 10
307.1840667034404
 20
2.607607611156297
 11
303.1840667034404
 21
3.107607611156297
 72
     1
 10
303.1840667034404
 20
3.107607611156297
 11
303.1840667034404
 21
2.107607611156297
 72
     1
 10
303.1840667034404
 20
2.107607611156297
 11
307.1840667034404
 21
2.607607611156297
 97
        0
 75
     0
 76
     1
 98
        1
 10
0.0
 20
0.0
  0
LINE
  5
26B
330
265
100
AcDbEntity
  8
尺寸线层
  6
Continuous
 62
     0
100
AcDbLine
 10
276.1840667034404
 20
6.095109230116371
 30
0.0
 11
276.1840667034404
 21
0.6076076111562969
 31
0.0
  0
LINE
  5
26C
330
265
100
AcDbEntity
  8
尺寸线层
  6
Continuous
 62
     0
100
AcDbLine
 10
307.1840667034404
 20
6.095109230116371
 30
0.0
 11
307.1840667034404
 21
0.6076076111562969
 31
0.0
  0
MTEXT
  5
26D
330
265
100
AcDbEntity
  8
尺寸线层
 62
     0
100
AcDbMText
 10
291.6840672034404
 20
4.72422772288814
 30
0.0
 40
3.5
 41
7.0
 46
7.0
 71
     5
 72
     1
  1
\T1.1;31
  7
标准
 73
     1
 44
1.150569886022795
1001
CAXA_DRAFT_TXTSCALE
1041
1.0
1001
ACAD
1000
ACAD_MTEXT_DEFINED_HEIGHT_BEGIN
1070
    46
1040
7.0
1000
ACAD_MTEXT_DEFINED_HEIGHT_END
  0
ENDBLK
  5
267
330
265
100
AcDbEntity
  8
0
100
AcDbBlockEnd
  0
BLOCK
  5
270
330
26F
100
AcDbEntity
  8
0
100
AcDbBlockBegin
  2
*X22
 70
     1
 10
0.0
 20
0.0
 30
0.0
  3
*X22
  1

  0
LINE
  5
272
330
26F
100
AcDbEntity
  8
尺寸线层
  6
Continuous
 62
     0
100
AcDbLine
 10
268.4590667034404
 20
26.40698783494239
 30
0.0
 11
314.9090667034404
 21
26.40698783494239
 31
0.0
  0
HATCH
  5
273
330
26F
100
AcDbEntity
  8
尺寸线层
  6
Continuous
 62
     0
100
AcDbHatch
 10
0.0
 20
0.0
 30
0.0
210
0.0
220
0.0
230
1.0
  2
SOLID
 70
     1
 71
     0
 91
        1
 92
        0
 93
        3
 72
     1
 10
268.4590667034404
 20
26.40698783494239
 11
272.4590667034404
 21
26.90698783494239
 72
     1
 10
272.4590667034404
 20
26.90698783494239
 11
272.4590667034404
 21
25.90698783494239
 72
     1
 10
272.4590667034404
 20
25.90698783494239
 11
268.4590667034404
 21
26.40698783494239
 97
        0
 75
     0
 76
     1
 98
        1
 10
0.0
 20
0.0
  0
HATCH
  5
274
330
26F
100
AcDbEntity
  8
尺寸线层
  6
Continuous
 62
     0
100
AcDbHatch
 10
0.0
 20
0.0
 30
0.0
210
0.0
220
0.0
230
1.0
  2
SOLID
 70
     1
 71
     0
 91
        1
 92
        0
 93
        3
 72
     1
 10
314.9090667034404
 20
26.40698783494239
 11
310.9090667034404
 21
26.90698783494239
 72
     1
 10
310.9090667034404
 20
26.90698783494239
 11
310.9090667034404
 21
25.90698783494239
 72
     1
 10
310.9090667034404
 20
25.90698783494239
 11
314.9090667034404
 21
26.40698783494239
 97
        0
 75
     0
 76
     1
 98
        1
 10
0.0
 20
0.0
  0
LINE
  5
275
330
26F
100
AcDbEntity
  8
尺寸线层
  6
Continuous
 62
     0
100
AcDbLine
 10
268.4590667034404
 20
26.91010923011637
 30
0.0
 11
268.4590667034404
 21
24.40698783494239
 31
0.0
  0
LINE
  5
276
330
26F
100
AcDbEntity
  8
尺寸线层
  6
Continuous
 62
     0
100
AcDbLine
 10
314.9090667034404
 20
26.91010923011637
 30
0.0
 11
314.9090667034404
 21
24.40698783494239
 31
0.0
  0
MTEXT
  5
277
330
26F
100
AcDbEntity
  8
尺寸线层
 62
     0
100
AcDbMText
 10
291.6840672034405
 20
28.51522805840607
 30
0.0
 40
3.5
 41
17.37702681564247
 46
7.0
 71
     5
 72
     1
  1
\T1.1;46.45
  7
标准
 73
     1
 44
1.150569886022795
1001
CAXA_DRAFT_TXTSCALE
1041
1.0
1001
ACAD
1000
ACAD_MTEXT_DEFINED_HEIGHT_BEGIN
1070
    46
1040
7.0
1000
ACAD_MTEXT_DEFINED_HEIGHT_END
  0
ENDBLK
  5
271
330
26F
100
AcDbEntity
  8
0
100
AcDbBlockEnd
  0
BLOCK
  5
27A
330
279
100
AcDbEntity
  8
0
100
AcDbBlockBegin
  2
*X23
 70
     1
 10
0.0
 20
0.0
 30
0.0
  3
*X23
  1

  0
LINE
  5
27C
330
279
100
AcDbEntity
  8
尺寸线层
  6
Continuous
 62
     0
100
AcDbLine
 10
319.6679087386302
 20
50.28010923011637
 30
0.0
 11
319.6679087386302
 21
26.91010923011637
 31
0.0
  0
HATCH
  5
27D
330
279
100
AcDbEntity
  8
尺寸线层
  6
Continuous
 62
     0
100
AcDbHatch
 10
0.0
 20
0.0
 30
0.0
210
0.0
220
0.0
230
1.0
  2
SOLID
 70
     1
 71
     0
 91
        1
 92
        0
 93
        3
 72
     1
 10
319.6679087386302
 20
50.28010923011637
 11
320.1679087386302
 21
46.28010923011637
 72
     1
 10
320.1679087386302
 20
46.28010923011637
 11
319.1679087386302
 21
46.28010923011637
 72
     1
 10
319.1679087386302
 20
46.28010923011637
 11
319.6679087386302
 21
50.28010923011637
 97
        0
 75
     0
 76
     1
 98
        1
 10
0.0
 20
0.0
  0
HATCH
  5
27E
330
279
100
AcDbEntity
  8
尺寸线层
  6
Continuous
 62
     0
100
AcDbHatch
 10
0.0
 20
0.0
 30
0.0
210
0.0
220
0.0
230
1.0
  2
SOLID
 70
     1
 71
     0
 91
        1
 92
        0
 93
        3
 72
     1
 10
319.6679087386302
 20
26.91010923011637
 11
320.1679087386301
 21
30.91010923011637
 72
     1
 10
320.1679087386301
 20
30.91010923011637
 11
319.1679087386301
 21
30.91010923011637
 72
     1
 10
319.1679087386301
 20
30.91010923011637
 11
319.6679087386302
 21
26.91010923011637
 97
        0
 75
     0
 76
     1
 98
        1
 10
0.0
 20
0.0
  0
LINE
  5
27F
330
279
100
AcDbEntity
  8
尺寸线层
  6
Continuous
 62
     0
100
AcDbLine
 10
314.9090667034404
 20
50.28010923011637
 30
0.0
 11
321.6679087386302
 21
50.28010923011637
 31
0.0
  0
LINE
  5
280
330
279
100
AcDbEntity
  8
尺寸线层
  6
Continuous
 62
     0
100
AcDbLine
 10
314.9090667034404
 20
26.91010923011637
 30
0.0
 11
321.6679087386302
 21
26.91010923011637
 31
0.0
  0
MTEXT
  5
281
330
279
100
AcDbEntity
  8
尺寸线层
 62
     0
100
AcDbMText
 10
317.5596685151665
 20
38.59510873011637
 30
0.0
 40
3.5
 41
17.29877541899441
 46
7.0
 71
     5
 72
     1
  1
\T1.1;23.37
  7
标准
 11
6.123233995736766E-17
 21
1.0
 31
0.0
 73
     1
 44
1.150569886022795
1001
CAXA_DRAFT_TXTSCALE
1041
1.0
1001
ACAD
1000
ACAD_MTEXT_DEFINED_HEIGHT_BEGIN
1070
    46
1040
7.0
1000
ACAD_MTEXT_DEFINED_HEIGHT_END
  0
ENDBLK
  5
27B
330
279
100
AcDbEntity
  8
0
100
AcDbBlockEnd
  0
BLOCK
  5
284
330
283
100
AcDbEntity
  8
0
100
AcDbBlockBegin
  2
*X24
 70
     1
 10
0.0
 20
0.0
 30
0.0
  3
*X24
  1

  0
LINE
  5
286
330
283
100
AcDbEntity
  8
尺寸线层
  6
Continuous
 62
     0
100
AcDbLine
 10
325.6428586260365
 20
53.69510923011636
 30
0.0
 11
325.6428586260365
 21
5.495109230116345
 31
0.0
  0
HATCH
  5
287
330
283
100
AcDbEntity
  8
尺寸线层
  6
Continuous
 62
     0
100
AcDbHatch
 10
0.0
 20
0.0
 30
0.0
210
0.0
220
0.0
230
1.0
  2
SOLID
 70
     1
 71
     0
 91
        1
 92
        0
 93
        3
 72
     1
 10
325.6428586260365
 20
53.69510923011636
 11
326.1428586260365
 21
49.69510923011636
 72
     1
 10
326.1428586260365
 20
49.69510923011636
 11
325.1428586260365
 21
49.69510923011636
 72
     1
 10
325.1428586260365
 20
49.69510923011636
 11
325.6428586260365
 21
53.69510923011636
 97
        0
 75
     0
 76
     1
 98
        1
 10
0.0
 20
0.0
  0
HATCH
  5
288
330
283
100
AcDbEntity
  8
尺寸线层
  6
Continuous
 62
     0
100
AcDbHatch
 10
0.0
 20
0.0
 30
0.0
210
0.0
220
0.0
230
1.0
  2
SOLID
 70
     1
 71
     0
 91
        1
 92
        0
 93
        3
 72
     1
 10
325.6428586260365
 20
5.495109230116345
 11
326.1428586260365
 21
9.495109230116341
 72
     1
 10
326.1428586260365
 20
9.495109230116341
 11
325.1428586260365
 21
9.495109230116341
 72
     1
 10
325.1428586260365
 20
9.495109230116341
 11
325.6428586260365
 21
5.495109230116345
 97
        0
 75
     0
 76
     1
 98
        1
 10
0.0
 20
0.0
  0
LINE
  5
289
330
283
100
AcDbEntity
  8
尺寸线层
  6
Continuous
 62
     0
100
AcDbLine
 10
318.1840667034405
 20
53.69510923011637
 30
0.0
 11
327.6428586260365
 21
53.69510923011636
 31
0.0
  0
LINE
  5
28A
330
283
100
AcDbEntity
  8
尺寸线层
  6
Continuous
 62
     0
100
AcDbLine
 10
316.9840667034404
 20
5.495109230116348
 30
0.0
 11
327.6428586260365
 21
5.495109230116344
 31
0.0
  0
MTEXT
  5
28B
330
283
100
AcDbEntity
  8
尺寸线层
 62
     0
100
AcDbMText
 10
323.5346184025728
 20
29.59510873011635
 30
0.0
 40
3.5
 41
13.70442793296089
 46
7.0
 71
     5
 72
     1
  1
\T1.1;48.2
  7
标准
 11
6.123233995736766E-17
 21
1.0
 31
0.0
 73
     1
 44
1.150569886022795
1001
CAXA_DRAFT_TXTSCALE
1041
1.0
1001
ACAD
1000
ACAD_MTEXT_DEFINED_HEIGHT_BEGIN
1070
    46
1040
7.0
1000
ACAD_MTEXT_DEFINED_HEIGHT_END
  0
ENDBLK
  5
285
330
283
100
AcDbEntity
  8
0
100
AcDbBlockEnd
  0
BLOCK
  5
2C6
330
2C5
100
AcDbEntity
  8
0
100
AcDbBlockBegin
  2
*X25
 70
     1
 10
0.0
 20
0.0
 30
0.0
  3
*X25
  1

  0
LINE
  5
2C8
330
2C5
100
AcDbEntity
  8
尺寸线层
  6
Continuous
 62
     0
100
AcDbLine
 10
185.1593505407673
 20
26.60138098111134
 30
0.0
 11
207.1593503172673
 21
26.60138098111131
 31
0.0
  0
HATCH
  5
2C9
330
2C5
100
AcDbEntity
  8
尺寸线层
  6
Continuous
 62
     0
100
AcDbHatch
 10
0.0
 20
0.0
 30
0.0
210
0.0
220
0.0
230
1.0
  2
SOLID
 70
     1
 71
     0
 91
        1
 92
        0
 93
        3
 72
     1
 10
191.1593505407673
 20
26.60138098111133
 11
187.1593505407673
 21
27.10138098111134
 72
     1
 10
187.1593505407673
 20
27.10138098111134
 11
187.1593505407673
 21
26.10138098111134
 72
     1
 10
187.1593505407673
 20
26.10138098111134
 11
191.1593505407673
 21
26.60138098111133
 97
        0
 75
     0
 76
     1
 98
        1
 10
0.0
 20
0.0
  0
HATCH
  5
2CA
330
2C5
100
AcDbEntity
  8
尺寸线层
  6
Continuous
 62
     0
100
AcDbHatch
 10
0.0
 20
0.0
 30
0.0
210
0.0
220
0.0
230
1.0
  2
SOLID
 70
     1
 71
     0
 91
        1
 92
        0
 93
        3
 72
     1
 10
201.1593503172673
 20
26.60138098111132
 11
205.1593503172673
 21
27.10138098111129
 72
     1
 10
205.1593503172673
 20
27.10138098111129
 11
205.1593503172673
 21
26.10138098111129
 72
     1
 10
205.1593503172673
 20
26.10138098111129
 11
201.1593503172673
 21
26.60138098111132
 97
        0
 75
     0
 76
     1
 98
        1
 10
0.0
 20
0.0
  0
LINE
  5
2CB
330
2C5
100
AcDbEntity
  8
尺寸线层
  6
Continuous
 62
     0
100
AcDbLine
 10
191.1593505407673
 20
29.50816920312693
 30
0.0
 11
191.1593505407673
 21
24.60138098111133
 31
0.0
  0
LINE
  5
2CC
330
2C5
100
AcDbEntity
  8
尺寸线层
  6
Continuous
 62
     0
100
AcDbLine
 10
201.1593503172673
 20
24.99467176769125
 30
0.0
 11
201.1593503172673
 21
28.60138098111132
 31
0.0
  0
MTEXT
  5
2CD
330
2C5
100
AcDbEntity
  8
尺寸线层
 62
     0
100
AcDbMText
 10
196.1593509290173
 20
28.46939774088786
 30
0.0
 40
3.5
 41
7.0
 46
7.0
 71
     5
 72
     1
  1
\T1.1;10
  7
标准
 73
     1
 44
1.150569886022795
1001
CAXA_DRAFT_TXTSCALE
1041
1.0
1001
ACAD
1000
ACAD_MTEXT_DEFINED_HEIGHT_BEGIN
1070
    46
1040
7.0
1000
ACAD_MTEXT_DEFINED_HEIGHT_END
  0
ENDBLK
  5
2C7
330
2C5
100
AcDbEntity
  8
0
100
AcDbBlockEnd
  0
BLOCK
  5
2D0
330
2CF
100
AcDbEntity
  8
0
100
AcDbBlockBegin
  2
*X26
 70
     1
 10
0.0
 20
0.0
 30
0.0
  3
*X26
  1

  0
LINE
  5
2D2
330
2CF
100
AcDbEntity
  8
尺寸线层
  6
Continuous
 62
     0
100
AcDbLine
 10
206.6154556658498
 20
32.88692832767227
 30
0.0
 11
206.6154556658498
 21
10.38692743367227
 31
0.0
  0
HATCH
  5
2D3
330
2CF
100
AcDbEntity
  8
尺寸线层
  6
Continuous
 62
     0
100
AcDbHatch
 10
0.0
 20
0.0
 30
0.0
210
0.0
220
0.0
230
1.0
  2
SOLID
 70
     1
 71
     0
 91
        1
 92
        0
 93
        3
 72
     1
 10
206.6154556658498
 20
32.88692832767227
 11
207.1154556658498
 21
28.88692832767227
 72
     1
 10
207.1154556658498
 20
28.88692832767227
 11
206.1154556658498
 21
28.88692832767227
 72
     1
 10
206.1154556658498
 20
28.88692832767227
 11
206.6154556658498
 21
32.88692832767227
 97
        0
 75
     0
 76
     1
 98
        1
 10
0.0
 20
0.0
  0
HATCH
  5
2D4
330
2CF
100
AcDbEntity
  8
尺寸线层
  6
Continuous
 62
     0
100
AcDbHatch
 10
0.0
 20
0.0
 30
0.0
210
0.0
220
0.0
230
1.0
  2
SOLID
 70
     1
 71
     0
 91
        1
 92
        0
 93
        3
 72
     1
 10
206.6154556658498
 20
10.38692743367227
 11
207.1154556658498
 21
14.38692743367227
 72
     1
 10
207.1154556658498
 20
14.38692743367227
 11
206.1154556658498
 21
14.38692743367227
 72
     1
 10
206.1154556658498
 20
14.38692743367227
 11
206.6154556658498
 21
10.38692743367227
 97
        0
 75
     0
 76
     1
 98
        1
 10
0.0
 20
0.0
  0
LINE
  5
2D5
330
2CF
100
AcDbEntity
  8
尺寸线层
  6
Continuous
 62
     0
100
AcDbLine
 10
199.1593504550673
 20
32.88692832767227
 30
0.0
 11
208.6154556658498
 21
32.88692832767227
 31
0.0
  0
LINE
  5
2D6
330
2CF
100
AcDbEntity
  8
尺寸线层
  6
Continuous
 62
     0
100
AcDbLine
 10
199.1593504550673
 20
10.38692743367227
 30
0.0
 11
208.6154556658498
 21
10.38692743367227
 31
0.0
  0
MTEXT
  5
2D7
330
2CF
100
AcDbEntity
  8
尺寸线层
 62
     0
100
AcDbMText
 10
204.7544221462967
 20
21.63692738067227
 30
0.0
 40
3.5
 41
13.60009273743017
 46
7.0
 71
     5
 72
     1
  1
\T1.1;22.5
  7
标准
 11
6.123233995736766E-17
 21
1.0
 31
0.0
 73
     1
 44
1.150569886022795
1001
CAXA_DRAFT_TXTSCALE
1041
1.0
1001
ACAD
1000
ACAD_MTEXT_DEFINED_HEIGHT_BEGIN
1070
    46
1040
7.0
1000
ACAD_MTEXT_DEFINED_HEIGHT_END
  0
ENDBLK
  5
2D1
330
2CF
100
AcDbEntity
  8
0
100
AcDbBlockEnd
  0
BLOCK
  5
2DA
330
2D9
100
AcDbEntity
  8
0
100
AcDbBlockBegin
  2
*X27
 70
     1
 10
0.0
 20
0.0
 30
0.0
  3
*X27
  1

  0
LINE
  5
2DC
330
2D9
100
AcDbEntity
  8
尺寸线层
  6
Continuous
 62
     0
100
AcDbLine
 10
181.6668320463548
 20
37.50803553748717
 30
0.0
 11
210.6768595108838
 21
37.50803553748717
 31
0.0
  0
HATCH
  5
2DD
330
2D9
100
AcDbEntity
  8
尺寸线层
  6
Continuous
 62
     0
100
AcDbHatch
 10
0.0
 20
0.0
 30
0.0
210
0.0
220
0.0
230
1.0
  2
SOLID
 70
     1
 71
     0
 91
        1
 92
        0
 93
        3
 72
     1
 10
181.6668320463548
 20
37.50803553748717
 11
185.6668320463548
 21
38.00803553748717
 72
     1
 10
185.6668320463548
 20
38.00803553748717
 11
185.6668320463548
 21
37.00803553748717
 72
     1
 10
185.6668320463548
 20
37.00803553748717
 11
181.6668320463548
 21
37.50803553748717
 97
        0
 75
     0
 76
     1
 98
        1
 10
0.0
 20
0.0
  0
HATCH
  5
2DE
330
2D9
100
AcDbEntity
  8
尺寸线层
  6
Continuous
 62
     0
100
AcDbHatch
 10
0.0
 20
0.0
 30
0.0
210
0.0
220
0.0
230
1.0
  2
SOLID
 70
     1
 71
     0
 91
        1
 92
        0
 93
        3
 72
     1
 10
210.6768595108838
 20
37.50803553748717
 11
206.6768595108838
 21
38.00803553748717
 72
     1
 10
206.6768595108838
 20
38.00803553748717
 11
206.6768595108838
 21
37.00803553748717
 72
     1
 10
206.6768595108838
 20
37.00803553748717
 11
210.6768595108838
 21
37.50803553748717
 97
        0
 75
     0
 76
     1
 98
        1
 10
0.0
 20
0.0
  0
LINE
  5
2DF
330
2D9
100
AcDbEntity
  8
尺寸线层
  6
Continuous
 62
     0
100
AcDbLine
 10
181.6668320463548
 20
36.61541930780934
 30
0.0
 11
181.6668320463548
 21
39.50803553748717
 31
0.0
  0
LINE
  5
2E0
330
2D9
100
AcDbEntity
  8
尺寸线层
  6
Continuous
 62
     0
100
AcDbLine
 10
210.6768595108838
 20
36.61541930780934
 30
0.0
 11
210.6768595108838
 21
39.50803553748717
 31
0.0
  0
MTEXT
  5
2E1
330
2D9
100
AcDbEntity
  8
尺寸线层
 62
     0
100
AcDbMText
 10
196.1718462786193
 20
39.36906905704024
 30
0.0
 40
3.5
 41
7.0
 46
7.0
 71
     5
 72
     1
  1
\T1.1;29
  7
标准
 73
     1
 44
1.150569886022795
1001
CAXA_DRAFT_TXTSCALE
1041
1.0
1001
ACAD
1000
ACAD_MTEXT_DEFINED_HEIGHT_BEGIN
1070
    46
1040
7.0
1000
ACAD_MTEXT_DEFINED_HEIGHT_END
  0
ENDBLK
  5
2DB
330
2D9
100
AcDbEntity
  8
0
100
AcDbBlockEnd
  0
BLOCK
  5
2E4
330
2E3
100
AcDbEntity
  8
0
100
AcDbBlockBegin
  2
*X28
 70
     1
 10
0.0
 20
0.0
 30
0.0
  3
*X28
  1

  0
LINE
  5
2E6
330
2E3
100
AcDbEntity
  8
尺寸线层
  6
Continuous
 62
     0
100
AcDbLine
 10
182.9834409851294
 20
36.79394255374491
 30
0.0
 11
182.9834409851294
 21
6.619794756344403
 31
0.0
  0
HATCH
  5
2E7
330
2E3
100
AcDbEntity
  8
尺寸线层
  6
Continuous
 62
     0
100
AcDbHatch
 10
0.0
 20
0.0
 30
0.0
210
0.0
220
0.0
230
1.0
  2
SOLID
 70
     1
 71
     0
 91
        1
 92
        0
 93
        3
 72
     1
 10
182.9834409851294
 20
36.79394255374491
 11
183.4834409851294
 21
32.79394255374491
 72
     1
 10
183.4834409851294
 20
32.79394255374491
 11
182.4834409851294
 21
32.79394255374491
 72
     1
 10
182.4834409851294
 20
32.79394255374491
 11
182.9834409851294
 21
36.79394255374491
 97
        0
 75
     0
 76
     1
 98
        1
 10
0.0
 20
0.0
  0
HATCH
  5
2E8
330
2E3
100
AcDbEntity
  8
尺寸线层
  6
Continuous
 62
     0
100
AcDbHatch
 10
0.0
 20
0.0
 30
0.0
210
0.0
220
0.0
230
1.0
  2
SOLID
 70
     1
 71
     0
 91
        1
 92
        0
 93
        3
 72
     1
 10
182.9834409851294
 20
6.619794756344403
 11
183.4834409851294
 21
10.6197947563444
 72
     1
 10
183.4834409851294
 20
10.6197947563444
 11
182.4834409851294
 21
10.6197947563444
 72
     1
 10
182.4834409851294
 20
10.6197947563444
 11
182.9834409851294
 21
6.619794756344403
 97
        0
 75
     0
 76
     1
 98
        1
 10
0.0
 20
0.0
  0
LINE
  5
2E9
330
2E3
100
AcDbEntity
  8
尺寸线层
  6
Continuous
 62
     0
100
AcDbLine
 10
181.6222012348709
 20
36.79394255374491
 30
0.0
 11
184.9834409851294
 21
36.79394255374491
 31
0.0
  0
LINE
  5
2EA
330
2E3
100
AcDbEntity
  8
尺寸线层
  6
Continuous
 62
     0
100
AcDbLine
 10
181.6222012348709
 20
6.619794756344403
 30
0.0
 11
184.9834409851294
 21
6.619794756344403
 31
0.0
  0
MTEXT
  5
2EB
330
2E3
100
AcDbEntity
  8
尺寸线层
 62
     0
100
AcDbMText
 10
181.1224074655763
 20
21.70686815504466
 30
0.0
 40
3.5
 41
7.0
 46
7.0
 71
     5
 72
     1
  1
\T1.1;30
  7
标准
 11
6.123233995736766E-17
 21
1.0
 31
0.0
 73
     1
 44
1.150569886022795
1001
CAXA_DRAFT_TXTSCALE
1041
1.0
1001
ACAD
1000
ACAD_MTEXT_DEFINED_HEIGHT_BEGIN
1070
    46
1040
7.0
1000
ACAD_MTEXT_DEFINED_HEIGHT_END
  0
ENDBLK
  5
2E5
330
2E3
100
AcDbEntity
  8
0
100
AcDbBlockEnd
  0
BLOCK
  5
2EE
330
2ED
100
AcDbEntity
  8
0
100
AcDbBlockBegin
  2
*X29
 70
     1
 10
0.0
 20
0.0
 30
0.0
  3
*X29
  1

  0
LINE
  5
2F0
330
2ED
100
AcDbEntity
  8
尺寸线层
  6
Continuous
 62
     0
100
AcDbLine
 10
176.8578621089655
 20
1.595109230116372
 30
0.0
 11
215.485829448273
 21
1.595109230116372
 31
0.0
  0
HATCH
  5
2F1
330
2ED
100
AcDbEntity
  8
尺寸线层
  6
Continuous
 62
     0
100
AcDbHatch
 10
0.0
 20
0.0
 30
0.0
210
0.0
220
0.0
230
1.0
  2
SOLID
 70
     1
 71
     0
 91
        1
 92
        0
 93
        3
 72
     1
 10
176.8578621089655
 20
1.595109230116372
 11
180.8578621089655
 21
2.095109230116372
 72
     1
 10
180.8578621089655
 20
2.095109230116372
 11
180.8578621089655
 21
1.095109230116372
 72
     1
 10
180.8578621089655
 20
1.095109230116372
 11
176.8578621089655
 21
1.595109230116372
 97
        0
 75
     0
 76
     1
 98
        1
 10
0.0
 20
0.0
  0
HATCH
  5
2F2
330
2ED
100
AcDbEntity
  8
尺寸线层
  6
Continuous
 62
     0
100
AcDbHatch
 10
0.0
 20
0.0
 30
0.0
210
0.0
220
0.0
230
1.0
  2
SOLID
 70
     1
 71
     0
 91
        1
 92
        0
 93
        3
 72
     1
 10
215.485829448273
 20
1.595109230116372
 11
211.485829448273
 21
2.095109230116372
 72
     1
 10
211.485829448273
 20
2.095109230116372
 11
211.485829448273
 21
1.095109230116372
 72
     1
 10
211.485829448273
 20
1.095109230116372
 11
215.485829448273
 21
1.595109230116372
 97
        0
 75
     0
 76
     1
 98
        1
 10
0.0
 20
0.0
  0
LINE
  5
2F3
330
2ED
100
AcDbEntity
  8
尺寸线层
  6
Continuous
 62
     0
100
AcDbLine
 10
176.8578621089655
 20
9.561709079990871
 30
0.0
 11
176.8578621089655
 21
-0.4048907698836284
 31
0.0
  0
LINE
  5
2F4
330
2ED
100
AcDbEntity
  8
尺寸线层
  6
Continuous
 62
     0
100
AcDbLine
 10
215.485829448273
 20
9.561709079990871
 30
0.0
 11
215.485829448273
 21
-0.4048907698836284
 31
0.0
  0
MTEXT
  5
2F5
330
2ED
100
AcDbEntity
  8
尺寸线层
 62
     0
100
AcDbMText
 10
196.1718462786192
 20
3.456142749669444
 30
0.0
 40
3.5
 41
13.57400893854754
 46
7.0
 71
     5
 72
     1
  1
\T1.1;38.7
  7
标准
 73
     1
 44
1.150569886022795
1001
CAXA_DRAFT_TXTSCALE
1041
1.0
1001
ACAD
1000
ACAD_MTEXT_DEFINED_HEIGHT_BEGIN
1070
    46
1040
7.0
1000
ACAD_MTEXT_DEFINED_HEIGHT_END
  0
ENDBLK
  5
2EF
330
2ED
100
AcDbEntity
  8
0
100
AcDbBlockEnd
  0
BLOCK
  5
2F8
330
2F7
100
AcDbEntity
  8
0
100
AcDbBlockBegin
  2
*X30
 70
     1
 10
0.0
 20
0.0
 30
0.0
  3
*X30
  1

  0
LINE
  5
2FA
330
2F7
100
AcDbEntity
  8
尺寸线层
  6
Continuous
 62
     0
100
AcDbLine
 10
171.9038420342536
 20
33.66234728129189
 30
0.0
 11
171.9038420342536
 21
9.561709079990873
 31
0.0
  0
HATCH
  5
2FB
330
2F7
100
AcDbEntity
  8
尺寸线层
  6
Continuous
 62
     0
100
AcDbHatch
 10
0.0
 20
0.0
 30
0.0
210
0.0
220
0.0
230
1.0
  2
SOLID
 70
     1
 71
     0
 91
        1
 92
        0
 93
        3
 72
     1
 10
171.9038420342536
 20
33.66234728129189
 11
172.4038420342536
 21
29.66234728129189
 72
     1
 10
172.4038420342536
 20
29.66234728129189
 11
171.4038420342536
 21
29.66234728129189
 72
     1
 10
171.4038420342536
 20
29.66234728129189
 11
171.9038420342536
 21
33.66234728129189
 97
        0
 75
     0
 76
     1
 98
        1
 10
0.0
 20
0.0
  0
HATCH
  5
2FC
330
2F7
100
AcDbEntity
  8
尺寸线层
  6
Continuous
 62
     0
100
AcDbHatch
 10
0.0
 20
0.0
 30
0.0
210
0.0
220
0.0
230
1.0
  2
SOLID
 70
     1
 71
     0
 91
        1
 92
        0
 93
        3
 72
     1
 10
171.9038420342536
 20
9.561709079990873
 11
172.4038420342536
 21
13.56170907999087
 72
     1
 10
172.4038420342536
 20
13.56170907999087
 11
171.4038420342536
 21
13.56170907999087
 72
     1
 10
171.4038420342536
 20
13.56170907999087
 11
171.9038420342536
 21
9.561709079990873
 97
        0
 75
     0
 76
     1
 98
        1
 10
0.0
 20
0.0
  0
LINE
  5
2FD
330
2F7
100
AcDbEntity
  8
尺寸线层
  6
Continuous
 62
     0
100
AcDbLine
 10
176.8578621089655
 20
33.66234728129189
 30
0.0
 11
169.9038420342536
 21
33.66234728129189
 31
0.0
  0
LINE
  5
2FE
330
2F7
100
AcDbEntity
  8
尺寸线层
  6
Continuous
 62
     0
100
AcDbLine
 10
176.8578621089655
 20
9.561709079990871
 30
0.0
 11
169.9038420342536
 21
9.561709079990873
 31
0.0
  0
MTEXT
  5
2FF
330
2F7
100
AcDbEntity
  8
尺寸线层
 62
     0
100
AcDbMText
 10
170.0428085147005
 20
21.61202768064138
 30
0.0
 40
3.5
 41
7.0
 46
7.0
 71
     5
 72
     1
  1
\T1.1;24
  7
标准
 11
6.123233995736766E-17
 21
1.0
 31
0.0
 73
     1
 44
1.150569886022795
1001
CAXA_DRAFT_TXTSCALE
1041
1.0
1001
ACAD
1000
ACAD_MTEXT_DEFINED_HEIGHT_BEGIN
1070
    46
1040
7.0
1000
ACAD_MTEXT_DEFINED_HEIGHT_END
  0
ENDBLK
  5
2F9
330
2F7
100
AcDbEntity
  8
0
100
AcDbBlockEnd
  0
ENDSEC
  0
SECTION
  2
ENTITIES
  0
CIRCLE
  5
125
330
1F
100
AcDbEntity
  8
0
  6
Continuous
 62
     7
370
    50
100
AcDbCircle
 10
25.14229355660346
 20
29.00000000000013
 30
0.0
 40
1.250000000000028
  0
CIRCLE
  5
126
330
1F
100
AcDbEntity
  8
0
  6
Continuous
 62
     7
370
    50
100
AcDbCircle
 10
133.1922935566034
 20
12.00000000000014
 30
0.0
 40
1.250000000000028
  0
CIRCLE
  5
127
330
1F
100
AcDbEntity
  8
0
  6
Continuous
 62
     7
370
    50
100
AcDbCircle
 10
68.1922935566034
 20
73.00000000000024
 30
0.0
 40
1.250000000000028
  0
ARC
  5
128
330
1F
100
AcDbEntity
  8
0
  6
Continuous
 62
     7
370
    50
100
AcDbCircle
 10
141.9422935566034
 20
3.000000000000028
 30
0.0
 40
3.000000000000028
100
AcDbArc
 50
270.0
 51
0.0000000000005259
  0
LINE
  5
129
330
1F
100
AcDbEntity
  8
0
  6
Continuous
 62
     7
370
    50
100
AcDbLine
 10
22.64229355660346
 20
0.0000000000001705
 30
0.0
 11
141.9422935566034
 21
0.0000000000000284
 31
0.0
  0
ARC
  5
12A
330
1F
100
AcDbEntity
  8
0
  6
Continuous
 62
     7
370
    50
100
AcDbCircle
 10
22.64229355660346
 20
3.000000000000171
 30
0.0
 40
3.0
100
AcDbArc
 50
179.9999999999999
 51
270.0
  0
LINE
  5
12B
330
1F
100
AcDbEntity
  8
0
  6
Continuous
 62
     7
370
    50
100
AcDbLine
 10
19.64229355660346
 20
82.00000000000013
 30
0.0
 11
19.64229355660346
 21
3.000000000000171
 31
0.0
  0
ARC
  5
12C
330
1F
100
AcDbEntity
  8
0
  6
Continuous
 62
     7
370
    50
100
AcDbCircle
 10
22.64229355660346
 20
82.00000000000013
 30
0.0
 40
3.0
100
AcDbArc
 50
90.0
 51
180.0000000000014
  0
LINE
  5
12D
330
1F
100
AcDbEntity
  8
0
  6
Continuous
 62
     7
370
    50
100
AcDbLine
 10
141.9422935566034
 20
85.00000000000013
 30
0.0
 11
22.64229355660346
 21
85.00000000000013
 31
0.0
  0
ARC
  5
12E
330
1F
100
AcDbEntity
  8
0
  6
Continuous
 62
     7
370
    50
100
AcDbCircle
 10
141.9422935566034
 20
82.00000000000013
 30
0.0
 40
3.000000000000028
100
AcDbArc
 50
0.0
 51
90.0
  0
LINE
  5
12F
330
1F
100
AcDbEntity
  8
0
  6
Continuous
 62
     7
370
    50
100
AcDbLine
 10
144.9422935566034
 20
3.000000000000028
 30
0.0
 11
144.9422935566035
 21
82.00000000000013
 31
0.0
  0
CIRCLE
  5
130
330
1F
100
AcDbEntity
  8
0
  6
Continuous
 62
     7
370
    50
100
AcDbCircle
 10
133.1922935566034
 20
73.00000000000024
 30
0.0
 40
1.250000000000028
  0
CIRCLE
  5
131
330
1F
100
AcDbEntity
  8
0
  6
Continuous
 62
     7
370
    50
100
AcDbCircle
 10
68.1922935566034
 20
12.00000000000014
 30
0.0
 40
1.250000000000028
  0
CIRCLE
  5
132
330
1F
100
AcDbEntity
  8
0
  6
Continuous
 62
     7
370
    50
100
AcDbCircle
 10
25.14229355660346
 20
56.00000000000013
 30
0.0
 40
1.250000000000028
  0
CIRCLE
  5
133
330
1F
100
AcDbEntity
  8
0
  6
Continuous
 62
     7
370
    50
100
AcDbCircle
 10
121.0716822533613
 20
34.50000000000013
 30
0.0
 40
1.249999999999972
  0
CIRCLE
  5
134
330
1F
100
AcDbEntity
  8
0
  6
Continuous
 62
     7
370
    50
100
AcDbCircle
 10
121.0716822533613
 20
50.50000000000013
 30
0.0
 40
1.25
  0
CIRCLE
  5
135
330
1F
100
AcDbEntity
  8
0
  6
Continuous
 62
     7
370
    50
100
AcDbCircle
 10
30.74229355660348
 20
61.85000000000015
 30
0.0
 40
1.25
  0
CIRCLE
  5
136
330
1F
100
AcDbEntity
  8
0
  6
Continuous
 62
     7
370
    50
100
AcDbCircle
 10
30.74229355660348
 20
23.15000000000011
 30
0.0
 40
1.25
  0
CIRCLE
  5
137
330
1F
100
AcDbEntity
  8
0
  6
Continuous
 62
     7
370
    50
100
AcDbCircle
 10
128.7422935566035
 20
23.15000000000011
 30
0.0
 40
1.25
  0
CIRCLE
  5
138
330
1F
100
AcDbEntity
  8
0
  6
Continuous
 62
     7
370
    50
100
AcDbCircle
 10
128.7422935566035
 20
61.85000000000015
 30
0.0
 40
1.25
  0
CIRCLE
  5
139
330
1F
100
AcDbEntity
  8
0
  6
Continuous
 62
     7
370
    50
100
AcDbCircle
 10
93.04229355660331
 20
60.75000000000013
 30
0.0
 40
1.5
  0
CIRCLE
  5
13A
330
1F
100
AcDbEntity
  8
0
  6
Continuous
 62
     7
370
    50
100
AcDbCircle
 10
93.04229355660331
 20
24.25000000000013
 30
0.0
 40
1.5
  0
CIRCLE
  5
13B
330
1F
100
AcDbEntity
  8
0
  6
Continuous
 62
     7
370
    50
100
AcDbCircle
 10
57.79229355660332
 20
70.50000000000013
 30
0.0
 40
1.5
  0
CIRCLE
  5
13C
330
1F
100
AcDbEntity
  8
0
  6
Continuous
 62
     7
370
    50
100
AcDbCircle
 10
78.29229355660331
 20
14.50000000000014
 30
0.0
 40
1.5
  0
CIRCLE
  5
13D
330
1F
100
AcDbEntity
  8
0
  6
Continuous
 62
     7
370
    50
100
AcDbCircle
 10
57.79229355660332
 20
14.50000000000014
 30
0.0
 40
1.5
  0
CIRCLE
  5
13E
330
1F
100
AcDbEntity
  8
0
  6
Continuous
 62
     7
370
    50
100
AcDbCircle
 10
78.29229355660331
 20
70.50000000000013
 30
0.0
 40
1.5
  0
ARC
  5
13F
330
1F
100
AcDbEntity
  8
0
  6
Continuous
 62
     7
370
    50
100
AcDbCircle
 10
44.79229355660332
 20
58.00000000000013
 30
0.0
 40
2.000000000000028
100
AcDbArc
 50
90.0
 51
180.0000000000006
  0
LINE
  5
140
330
1F
100
AcDbEntity
  8
0
  6
Continuous
 62
     7
370
    50
100
AcDbLine
 10
42.79229355660332
 20
58.00000000000013
 30
0.0
 11
42.79229355660332
 21
27.00000000000013
 31
0.0
  0
ARC
  5
141
330
1F
100
AcDbEntity
  8
0
  6
Continuous
 62
     7
370
    50
100
AcDbCircle
 10
44.79229355660332
 20
27.00000000000013
 30
0.0
 40
2.000000000000014
100
AcDbArc
 50
179.9999999999999
 51
270.0
  0
LINE
  5
142
330
1F
100
AcDbEntity
  8
0
  6
Continuous
 62
     7
370
    50
100
AcDbLine
 10
44.79229355660332
 20
25.00000000000013
 30
0.0
 11
55.79229355660332
 21
25.00000000000013
 31
0.0
  0
ARC
  5
143
330
1F
100
AcDbEntity
  8
0
  6
Continuous
 62
     7
370
    50
100
AcDbCircle
 10
55.79229355660332
 20
27.00000000000013
 30
0.0
 40
2.0
100
AcDbArc
 50
270.0
 51
0.0000000000007124
  0
LINE
  5
144
330
1F
100
AcDbEntity
  8
0
  6
Continuous
 62
     7
370
    50
100
AcDbLine
 10
57.79229355660332
 20
27.00000000000013
 30
0.0
 11
57.79229355660332
 21
58.00000000000013
 31
0.0
  0
ARC
  5
145
330
1F
100
AcDbEntity
  8
0
  6
Continuous
 62
     7
370
    50
100
AcDbCircle
 10
55.79229355660332
 20
58.00000000000013
 30
0.0
 40
2.0
100
AcDbArc
 50
359.9999999999998
 51
90.0
  0
LINE
  5
146
330
1F
100
AcDbEntity
  8
0
  6
Continuous
 62
     7
370
    50
100
AcDbLine
 10
55.79229355660332
 20
60.00000000000013
 30
0.0
 11
44.79229355660332
 21
60.00000000000013
 31
0.0
  0
CIRCLE
  5
147
330
1F
100
AcDbEntity
  8
0
  6
Continuous
 62
     7
370
    50
100
AcDbCircle
 10
87.29229355660331
 20
64.75000000000013
 30
0.0
 40
1.5
  0
CIRCLE
  5
148
330
1F
100
AcDbEntity
  8
0
  6
Continuous
 62
     7
370
    50
100
AcDbCircle
 10
87.29229355660331
 20
20.25000000000013
 30
0.0
 40
1.5
  0
CIRCLE
  5
149
330
1F
100
AcDbEntity
  8
0
  6
Continuous
 62
     7
370
    50
100
AcDbCircle
 10
116.2922935566033
 20
20.25000000000013
 30
0.0
 40
1.5
  0
CIRCLE
  5
14A
330
1F
100
AcDbEntity
  8
0
  6
Continuous
 62
     7
370
    50
100
AcDbCircle
 10
116.2922935566033
 20
64.75000000000013
 30
0.0
 40
1.5
  0
ARC
  5
14B
330
1F
100
AcDbEntity
  8
0
  6
Continuous
 62
     7
370
    50
100
AcDbCircle
 10
98.79229355660331
 20
10.25000000000011
 30
0.0
 40
1.0
100
AcDbArc
 50
90.0
 51
180.0
  0
LINE
  5
14C
330
1F
100
AcDbEntity
  8
0
  6
Continuous
 62
     7
370
    50
100
AcDbLine
 10
97.79229355660331
 20
10.25000000000011
 30
0.0
 11
97.79229355660331
 21
6.250000000000114
 31
0.0
  0
ARC
  5
14D
330
1F
100
AcDbEntity
  8
0
  6
Continuous
 62
     7
370
    50
100
AcDbCircle
 10
98.79229355660331
 20
6.250000000000114
 30
0.0
 40
1.0
100
AcDbArc
 50
180.0
 51
270.0
  0
LINE
  5
14E
330
1F
100
AcDbEntity
  8
0
  6
Continuous
 62
     7
370
    50
100
AcDbLine
 10
98.79229355660331
 20
5.250000000000114
 30
0.0
 11
104.7922935566033
 21
5.250000000000114
 31
0.0
  0
ARC
  5
14F
330
1F
100
AcDbEntity
  8
0
  6
Continuous
 62
     7
370
    50
100
AcDbCircle
 10
104.7922935566033
 20
6.250000000000114
 30
0.0
 40
1.0
100
AcDbArc
 50
270.0
 51
359.9999999999999
  0
LINE
  5
150
330
1F
100
AcDbEntity
  8
0
  6
Continuous
 62
     7
370
    50
100
AcDbLine
 10
105.7922935566033
 20
6.250000000000114
 30
0.0
 11
105.7922935566033
 21
10.25000000000011
 31
0.0
  0
ARC
  5
151
330
1F
100
AcDbEntity
  8
0
  6
Continuous
 62
     7
370
    50
100
AcDbCircle
 10
104.7922935566033
 20
10.25000000000011
 30
0.0
 40
1.0
100
AcDbArc
 50
0.0
 51
90.0
  0
LINE
  5
152
330
1F
100
AcDbEntity
  8
0
  6
Continuous
 62
     7
370
    50
100
AcDbLine
 10
104.7922935566033
 20
11.25000000000011
 30
0.0
 11
98.79229355660331
 21
11.25000000000011
 31
0.0
  0
ARC
  5
153
330
1F
100
AcDbEntity
  8
0
  6
Continuous
 62
     7
370
    50
100
AcDbCircle
 10
98.79229355660331
 20
78.75000000000013
 30
0.0
 40
1.0
100
AcDbArc
 50
90.0
 51
180.0
  0
LINE
  5
154
330
1F
100
AcDbEntity
  8
0
  6
Continuous
 62
     7
370
    50
100
AcDbLine
 10
97.79229355660331
 20
78.75000000000013
 30
0.0
 11
97.79229355660331
 21
74.75000000000013
 31
0.0
  0
ARC
  5
155
330
1F
100
AcDbEntity
  8
0
  6
Continuous
 62
     7
370
    50
100
AcDbCircle
 10
98.79229355660331
 20
74.75000000000013
 30
0.0
 40
1.0
100
AcDbArc
 50
180.0000000000008
 51
270.0
  0
LINE
  5
156
330
1F
100
AcDbEntity
  8
0
  6
Continuous
 62
     7
370
    50
100
AcDbLine
 10
98.79229355660331
 20
73.75000000000013
 30
0.0
 11
104.7922935566033
 21
73.75000000000013
 31
0.0
  0
ARC
  5
157
330
1F
100
AcDbEntity
  8
0
  6
Continuous
 62
     7
370
    50
100
AcDbCircle
 10
104.7922935566033
 20
74.75000000000013
 30
0.0
 40
1.0
100
AcDbArc
 50
270.0
 51
0.0
  0
LINE
  5
158
330
1F
100
AcDbEntity
  8
0
  6
Continuous
 62
     7
370
    50
100
AcDbLine
 10
105.7922935566033
 20
74.75000000000013
 30
0.0
 11
105.7922935566033
 21
78.75000000000013
 31
0.0
  0
ARC
  5
159
330
1F
100
AcDbEntity
  8
0
  6
Continuous
 62
     7
370
    50
100
AcDbCircle
 10
104.7922935566033
 20
78.75000000000013
 30
0.0
 40
1.0
100
AcDbArc
 50
0.0
 51
90.0
  0
LINE
  5
15A
330
1F
100
AcDbEntity
  8
0
  6
Continuous
 62
     7
370
    50
100
AcDbLine
 10
104.7922935566033
 20
79.75000000000013
 30
0.0
 11
98.79229355660331
 21
79.75000000000013
 31
0.0
  0
CIRCLE
  5
15B
330
1F
100
AcDbEntity
  8
0
  6
Continuous
 62
     7
370
    50
100
AcDbCircle
 10
62.79229355660332
 20
65.50000000000013
 30
0.0
 40
1.049999999999983
  0
CIRCLE
  5
15C
330
1F
100
AcDbEntity
  8
0
  6
Continuous
 62
     7
370
    50
100
AcDbCircle
 10
62.79229355660332
 20
19.50000000000014
 30
0.0
 40
1.05000000000004
  0
CIRCLE
  5
15D
330
1F
100
AcDbEntity
  8
0
  6
Continuous
 62
     7
370
    50
100
AcDbCircle
 10
76.29229355660331
 20
65.50000000000013
 30
0.0
 40
1.050000000000011
  0
CIRCLE
  5
15E
330
1F
100
AcDbEntity
  8
0
  6
Continuous
 62
     7
370
    50
100
AcDbCircle
 10
62.79229355660332
 20
42.50000000000013
 30
0.0
 40
1.049999999999983
  0
CIRCLE
  5
15F
330
1F
100
AcDbEntity
  8
0
  6
Continuous
 62
     7
370
    50
100
AcDbCircle
 10
76.29229355660331
 20
42.50000000000013
 30
0.0
 40
1.050000000000011
  0
CIRCLE
  5
160
330
1F
100
AcDbEntity
  8
0
  6
Continuous
 62
     7
370
    50
100
AcDbCircle
 10
76.29229355660331
 20
19.50000000000014
 30
0.0
 40
1.049999999999983
  0
DIMENSION
  5
16B
330
1F
100
AcDbEntity
  8
尺寸线层
100
AcDbDimension
280
     0
  2
*X2
 10
144.9422935566035
 20
94.4819578359424
 30
0.0
 11
82.29229405660348
 21
97.09578465158486
 31
0.0
 70
   160
 71
     5
 42
-1.0
 73
     0
 74
     0
 75
     0
  3
GB_尺寸
100
AcDbAlignedDimension
 13
19.64229355660346
 23
82.00000000000013
 33
0.0
 14
144.9422935566035
 24
82.00000000000013
 34
0.0
 50
-0.000000000000013
100
AcDbRotatedDimension
1001
CX_DbAnnotate_TxtLocPara
1041
0.0
1001
CX_DbAnnotate_SimDimOriTxt
1070
     0
1001
CAXA_DRAFT_DIMARROWREVERSE
1070
     0
1001
ACAD
1000
DSTYLE
1002
{
1070
    69
1070
     1
1070
   284
1070
     0
1070
   173
1070
     1
1002
}
1001
CAXA_DRAFT_DIMARCLENSTYLE
1070
     1
1001
CAXA_DRAFT_DDTSTY_2011R3
1070
     0
1001
ACAD_DSTYLE_DIMINSPECT
1070
   396
1000

1070
   395
1000

1070
   394
1070
     0
1070
   393
1070
     0
1001
CX_DBDIM_TXTFRAME
1070
     0
1070
     0
1001
CDRAFT_DIM_STD_REV_NAME
1000
GB
1000
*DIMSTD
1000

  0
DIMENSION
  5
175
330
1F
100
AcDbEntity
  8
尺寸线层
100
AcDbDimension
280
     0
  2
*X3
 10
154.6246766829619
 20
0.0000000000000284
 30
0.0
 11
152.2692297555876
 21
42.49999950000008
 31
0.0
 70
    32
 71
     5
 42
-1.0
 73
     0
 74
     0
 75
     0
  3
GB_尺寸
100
AcDbAlignedDimension
 13
141.9422935566034
 23
85.00000000000013
 33
0.0
 14
141.9422935566034
 24
0.0000000000000284
 34
0.0
 50
270.0
100
AcDbRotatedDimension
1001
CX_DbAnnotate_TxtLocPara
1041
0.0
1001
CX_DbAnnotate_SimDimOriTxt
1070
     0
1001
CAXA_DRAFT_DIMARROWREVERSE
1070
     0
1001
ACAD
1000
DSTYLE
1002
{
1070
    69
1070
     1
1070
   284
1070
     0
1070
   173
1070
     1
1002
}
1001
CAXA_DRAFT_DIMARCLENSTYLE
1070
     1
1001
CAXA_DRAFT_DDTSTY_2011R3
1070
     0
1001
ACAD_DSTYLE_DIMINSPECT
1070
   396
1000

1070
   395
1000

1070
   394
1070
     0
1070
   393
1070
     0
1001
CX_DBDIM_TXTFRAME
1070
     0
1070
     0
1001
CDRAFT_DIM_STD_REV_NAME
1000
GB
1000
*DIMSTD
1000

  0
DIMENSION
  5
17F
330
1F
100
AcDbEntity
  8
尺寸线层
100
AcDbDimension
280
     0
  2
*X4
 10
15.10199010692404
 20
29.00000000000013
 30
0.0
 11
12.49933647563913
 21
42.49999950000013
 31
0.0
 70
   160
 71
     5
 42
-1.0
 73
     0
 74
     0
 75
     0
  3
GB_尺寸
100
AcDbAlignedDimension
 13
25.14229355660346
 23
56.00000000000013
 33
0.0
 14
25.14229355660346
 24
29.00000000000013
 34
0.0
 50
270.0
100
AcDbRotatedDimension
1001
CX_DbAnnotate_TxtLocPara
1041
0.0
1001
CX_DbAnnotate_SimDimOriTxt
1070
     0
1001
CAXA_DRAFT_DIMARROWREVERSE
1070
     0
1001
ACAD
1000
DSTYLE
1002
{
1070
    69
1070
     1
1070
   284
1070
     0
1070
   173
1070
     1
1002
}
1001
CAXA_DRAFT_DIMARCLENSTYLE
1070
     1
1001
CAXA_DRAFT_DDTSTY_2011R3
1070
     0
1001
ACAD_DSTYLE_DIMINSPECT
1070
   396
1000

1070
   395
1000

1070
   394
1070
     0
1070
   393
1070
     0
1001
CX_DBDIM_TXTFRAME
1070
     0
1070
     0
1001
CDRAFT_DIM_STD_REV_NAME
1000
GB
1000
*DIMSTD
1000

  0
DIMENSION
  5
189
330
1F
100
AcDbEntity
  8
尺寸线层
100
AcDbDimension
280
     0
  2
*X5
 10
4.557960893854746
 20
23.15000000000011
 30
0.0
 11
1.955307262569832
 21
42.49999950000013
 31
0.0
 70
   160
 71
     5
 42
-1.0
 73
     0
 74
     0
 75
     0
  3
GB_尺寸
100
AcDbAlignedDimension
 13
30.74229355660348
 23
61.85000000000015
 33
0.0
 14
30.74229355660348
 24
23.15000000000011
 34
0.0
 50
270.0
100
AcDbRotatedDimension
1001
CX_DbAnnotate_TxtLocPara
1041
0.0
1001
CX_DbAnnotate_SimDimOriTxt
1070
     0
1001
CAXA_DRAFT_DIMARROWREVERSE
1070
     0
1001
ACAD
1000
DSTYLE
1002
{
1070
    69
1070
     1
1070
   284
1070
     0
1070
   173
1070
     1
1002
}
1001
CAXA_DRAFT_DIMARCLENSTYLE
1070
     1
1001
CAXA_DRAFT_DDTSTY_2011R3
1070
     0
1001
ACAD_DSTYLE_DIMINSPECT
1070
   396
1000

1070
   395
1000

1070
   394
1070
     0
1070
   393
1070
     0
1001
CX_DBDIM_TXTFRAME
1070
     0
1070
     0
1001
CDRAFT_DIM_STD_REV_NAME
1000
GB
1000
*DIMSTD
1000

  0
DIMENSION
  5
193
330
1F
100
AcDbEntity
  8
尺寸线层
100
AcDbDimension
280
     0
  2
*X6
 10
76.29229355660331
 20
22.71561296984553
 30
0.0
 11
69.54229405660331
 21
25.32943978548798
 31
0.0
 70
   160
 71
     5
 42
-1.0
 73
     0
 74
     0
 75
     0
  3
GB_尺寸
100
AcDbAlignedDimension
 13
62.79229355660332
 23
19.50000000000014
 33
0.0
 14
76.29229355660331
 24
19.50000000000014
 34
0.0
100
AcDbRotatedDimension
1001
CX_DbAnnotate_TxtLocPara
1041
0.0
1001
CX_DbAnnotate_SimDimOriTxt
1070
     0
1001
CAXA_DRAFT_DIMARROWREVERSE
1070
     0
1001
ACAD
1000
DSTYLE
1002
{
1070
    69
1070
     1
1070
   284
1070
     0
1070
   173
1070
     1
1002
}
1001
CAXA_DRAFT_DIMARCLENSTYLE
1070
     1
1001
CAXA_DRAFT_DDTSTY_2011R3
1070
     0
1001
ACAD_DSTYLE_DIMINSPECT
1070
   396
1000

1070
   395
1000

1070
   394
1070
     0
1070
   393
1070
     0
1001
CX_DBDIM_TXTFRAME
1070
     0
1070
     0
1001
CDRAFT_DIM_STD_REV_NAME
1000
GB
1000
*DIMSTD
1000

  0
DIMENSION
  5
19D
330
1F
100
AcDbEntity
  8
尺寸线层
100
AcDbDimension
280
     0
  2
*X7
 10
62.95179886909074
 20
19.50000000000014
 30
0.0
 11
60.34914523780583
 21
30.99999950000014
 31
0.0
 70
   160
 71
     5
 42
-1.0
 73
     0
 74
     0
 75
     0
  3
GB_尺寸
100
AcDbAlignedDimension
 13
62.79229355660332
 23
42.50000000000013
 33
0.0
 14
62.79229355660332
 24
19.50000000000014
 34
0.0
 50
270.0
100
AcDbRotatedDimension
1001
CX_DbAnnotate_TxtLocPara
1041
0.0
1001
CX_DbAnnotate_SimDimOriTxt
1070
     0
1001
CAXA_DRAFT_DIMARROWREVERSE
1070
     0
1001
ACAD
1000
DSTYLE
1002
{
1070
    69
1070
     1
1070
   284
1070
     0
1070
   173
1070
     1
1002
}
1001
CAXA_DRAFT_DIMARCLENSTYLE
1070
     1
1001
CAXA_DRAFT_DDTSTY_2011R3
1070
     0
1001
ACAD_DSTYLE_DIMINSPECT
1070
   396
1000

1070
   395
1000

1070
   394
1070
     0
1070
   393
1070
     0
1001
CX_DBDIM_TXTFRAME
1070
     0
1070
     0
1001
CDRAFT_DIM_STD_REV_NAME
1000
GB
1000
*DIMSTD
1000

  0
DIMENSION
  5
1A7
330
1F
100
AcDbEntity
  8
尺寸线层
100
AcDbDimension
280
     0
  2
*X8
 10
62.95179886909074
 20
42.50000000000013
 30
0.0
 11
60.34914523780583
 21
53.99999950000013
 31
0.0
 70
   160
 71
     5
 42
-1.0
 73
     0
 74
     0
 75
     0
  3
GB_尺寸
100
AcDbAlignedDimension
 13
62.79229355660332
 23
65.50000000000013
 33
0.0
 14
62.79229355660332
 24
42.50000000000013
 34
0.0
 50
270.0
100
AcDbRotatedDimension
1001
CX_DbAnnotate_TxtLocPara
1041
0.0
1001
CX_DbAnnotate_SimDimOriTxt
1070
     0
1001
CAXA_DRAFT_DIMARROWREVERSE
1070
     0
1001
ACAD
1000
DSTYLE
1002
{
1070
    69
1070
     1
1070
   284
1070
     0
1070
   173
1070
     1
1002
}
1001
CAXA_DRAFT_DIMARCLENSTYLE
1070
     1
1001
CAXA_DRAFT_DDTSTY_2011R3
1070
     0
1001
ACAD_DSTYLE_DIMINSPECT
1070
   396
1000

1070
   395
1000

1070
   394
1070
     0
1070
   393
1070
     0
1001
CX_DBDIM_TXTFRAME
1070
     0
1070
     0
1001
CDRAFT_DIM_STD_REV_NAME
1000
GB
1000
*DIMSTD
1000

  0
DIMENSION
  5
1B1
330
1F
100
AcDbEntity
  8
尺寸线层
100
AcDbDimension
280
     0
  2
*X9
 10
133.1922935566034
 20
5.973479811950937
 30
0.0
 11
100.6922940566034
 21
8.576133443235854
 31
0.0
 70
   160
 71
     5
 42
-1.0
 73
     0
 74
     0
 75
     0
  3
GB_尺寸
100
AcDbAlignedDimension
 13
68.1922935566034
 23
12.00000000000014
 33
0.0
 14
133.1922935566034
 24
12.00000000000014
 34
0.0
100
AcDbRotatedDimension
1001
CX_DbAnnotate_TxtLocPara
1041
0.0
1001
CX_DbAnnotate_SimDimOriTxt
1070
     0
1001
CAXA_DRAFT_DIMARROWREVERSE
1070
     0
1001
ACAD
1000
DSTYLE
1002
{
1070
    69
1070
     1
1070
   284
1070
     0
1070
   173
1070
     1
1002
}
1001
CAXA_DRAFT_DIMARCLENSTYLE
1070
     1
1001
CAXA_DRAFT_DDTSTY_2011R3
1070
     0
1001
ACAD_DSTYLE_DIMINSPECT
1070
   396
1000

1070
   395
1000

1070
   394
1070
     0
1070
   393
1070
     0
1001
CX_DBDIM_TXTFRAME
1070
     0
1070
     0
1001
CDRAFT_DIM_STD_REV_NAME
1000
GB
1000
*DIMSTD
1000

  0
DIMENSION
  5
1BB
330
1F
100
AcDbEntity
  8
尺寸线层
100
AcDbDimension
280
     0
  2
*X10
 10
68.1922935566034
 20
5.973479811950937
 30
0.0
 11
49.46729405660344
 21
8.576133443235854
 31
0.0
 70
   160
 71
     5
 42
-1.0
 73
     0
 74
     0
 75
     0
  3
GB_尺寸
100
AcDbAlignedDimension
 13
30.74229355660348
 23
23.15000000000011
 33
0.0
 14
68.1922935566034
 24
12.00000000000014
 34
0.0
100
AcDbRotatedDimension
1001
CX_DbAnnotate_TxtLocPara
1041
0.0
1001
CX_DbAnnotate_SimDimOriTxt
1070
     0
1001
CAXA_DRAFT_DIMARROWREVERSE
1070
     0
1001
ACAD
1000
DSTYLE
1002
{
1070
    69
1070
     1
1070
   284
1070
     0
1070
   173
1070
     1
1002
}
1001
CAXA_DRAFT_DIMARCLENSTYLE
1070
     1
1001
CAXA_DRAFT_DDTSTY_2011R3
1070
     0
1001
ACAD_DSTYLE_DIMINSPECT
1070
   396
1000

1070
   395
1000

1070
   394
1070
     0
1070
   393
1070
     0
1001
CX_DBDIM_TXTFRAME
1070
     0
1070
     0
1001
CDRAFT_DIM_STD_REV_NAME
1000
GB
1000
*DIMSTD
1000

  0
DIMENSION
  5
1C5
330
1F
100
AcDbEntity
  8
尺寸线层
100
AcDbDimension
280
     0
  2
*X11
 10
136.8269495778014
 20
12.00000000000014
 30
0.0
 11
134.2131227621589
 21
42.4999995000002
 31
0.0
 70
   160
 71
     5
 42
-1.0
 73
     0
 74
     0
 75
     0
  3
GB_尺寸
100
AcDbAlignedDimension
 13
133.1922935566034
 23
73.00000000000024
 33
0.0
 14
133.1922935566034
 24
12.00000000000014
 34
0.0
 50
270.0
100
AcDbRotatedDimension
1001
CX_DbAnnotate_TxtLocPara
1041
0.0
1001
CX_DbAnnotate_SimDimOriTxt
1070
     0
1001
CAXA_DRAFT_DIMARROWREVERSE
1070
     0
1001
ACAD
1000
DSTYLE
1002
{
1070
    69
1070
     1
1070
   284
1070
     0
1070
   173
1070
     1
1002
}
1001
CAXA_DRAFT_DIMARCLENSTYLE
1070
     1
1001
CAXA_DRAFT_DDTSTY_2011R3
1070
     0
1001
ACAD_DSTYLE_DIMINSPECT
1070
   396
1000

1070
   395
1000

1070
   394
1070
     0
1070
   393
1070
     0
1001
CX_DBDIM_TXTFRAME
1070
     0
1070
     0
1001
CDRAFT_DIM_STD_REV_NAME
1000
GB
1000
*DIMSTD
1000

  0
DIMENSION
  5
1CF
330
1F
100
AcDbEntity
  8
尺寸线层
100
AcDbDimension
280
     0
  2
*X12
 10
78.29229355660331
 20
13.95681621613196
 30
0.0
 11
68.04229405660331
 21
16.55946984741688
 31
0.0
 70
   160
 71
     5
 42
-1.0
 73
     0
 74
     0
 75
     0
  3
GB_尺寸
100
AcDbAlignedDimension
 13
57.79229355660332
 23
14.50000000000014
 33
0.0
 14
78.29229355660331
 24
14.50000000000014
 34
0.0
100
AcDbRotatedDimension
1001
CX_DbAnnotate_TxtLocPara
1041
0.0
1001
CX_DbAnnotate_SimDimOriTxt
1070
     0
1001
CAXA_DRAFT_DIMARROWREVERSE
1070
     0
1001
ACAD
1000
DSTYLE
1002
{
1070
    69
1070
     1
1070
   284
1070
     0
1070
   173
1070
     1
1002
}
1001
CAXA_DRAFT_DIMARCLENSTYLE
1070
     1
1001
CAXA_DRAFT_DDTSTY_2011R3
1070
     0
1001
ACAD_DSTYLE_DIMINSPECT
1070
   396
1000

1070
   395
1000

1070
   394
1070
     0
1070
   393
1070
     0
1001
CX_DBDIM_TXTFRAME
1070
     0
1070
     0
1001
CDRAFT_DIM_STD_REV_NAME
1000
GB
1000
*DIMSTD
1000

  0
DIMENSION
  5
1D9
330
1F
100
AcDbEntity
  8
尺寸线层
100
AcDbDimension
280
     0
  2
*X13
 10
51.72157092945655
 20
14.50000000000014
 30
0.0
 11
49.11891729817164
 21
42.49999950000014
 31
0.0
 70
   160
 71
     5
 42
-1.0
 73
     0
 74
     0
 75
     0
  3
GB_尺寸
100
AcDbAlignedDimension
 13
57.79229355660332
 23
70.50000000000013
 33
0.0
 14
57.79229355660332
 24
14.50000000000014
 34
0.0
 50
270.0
100
AcDbRotatedDimension
1001
CX_DbAnnotate_TxtLocPara
1041
0.0
1001
CX_DbAnnotate_SimDimOriTxt
1070
     0
1001
CAXA_DRAFT_DIMARROWREVERSE
1070
     0
1001
ACAD
1000
DSTYLE
1002
{
1070
    69
1070
     1
1070
   284
1070
     0
1070
   173
1070
     1
1002
}
1001
CAXA_DRAFT_DIMARCLENSTYLE
1070
     1
1001
CAXA_DRAFT_DDTSTY_2011R3
1070
     0
1001
ACAD_DSTYLE_DIMINSPECT
1070
   396
1000

1070
   395
1000

1070
   394
1070
     0
1070
   393
1070
     0
1001
CX_DBDIM_TXTFRAME
1070
     0
1070
     0
1001
CDRAFT_DIM_STD_REV_NAME
1000
GB
1000
*DIMSTD
1000

  0
DIMENSION
  5
1E3
330
1F
100
AcDbEntity
  8
尺寸线层
100
AcDbDimension
280
     0
  2
*X14
 10
30.74229355660348
 20
36.35032587817434
 30
0.0
 11
39.28617388621242
 21
38.95297950945925
 31
0.0
 70
   160
 71
     5
 42
-1.0
 73
     0
 74
     0
 75
     0
  3
GB_尺寸
100
AcDbAlignedDimension
 13
25.14229355660346
 23
29.00000000000013
 33
0.0
 14
30.74229355660348
 24
23.15000000000011
 34
0.0
100
AcDbRotatedDimension
1001
CX_DbAnnotate_TxtLocPara
1041
0.0
1001
CX_DbAnnotate_SimDimOriTxt
1070
     0
1001
CAXA_DRAFT_DIMARROWREVERSE
1070
     0
1001
ACAD
1000
DSTYLE
1002
{
1070
    69
1070
     1
1070
   284
1070
     0
1070
   173
1070
     1
1002
}
1001
CAXA_DRAFT_DIMARCLENSTYLE
1070
     1
1001
CAXA_DRAFT_DDTSTY_2011R3
1070
     0
1001
ACAD_DSTYLE_DIMINSPECT
1070
   396
1000

1070
   395
1000

1070
   394
1070
     0
1070
   393
1070
     0
1001
CX_DBDIM_TXTFRAME
1070
     0
1070
     0
1001
CDRAFT_DIM_STD_REV_NAME
1000
GB
1000
*DIMSTD
1000

  0
DIMENSION
  5
1ED
330
1F
100
AcDbEntity
  8
尺寸线层
100
AcDbDimension
280
     0
  2
*X15
 10
116.2922935566033
 20
17.97358924968217
 30
0.0
 11
101.7922940566033
 21
20.57624288096709
 31
0.0
 70
   160
 71
     5
 42
-1.0
 73
     0
 74
     0
 75
     0
  3
GB_尺寸
100
AcDbAlignedDimension
 13
87.29229355660331
 23
20.25000000000013
 33
0.0
 14
116.2922935566033
 24
20.25000000000013
 34
0.0
100
AcDbRotatedDimension
1001
CX_DbAnnotate_TxtLocPara
1041
0.0
1001
CX_DbAnnotate_SimDimOriTxt
1070
     0
1001
CAXA_DRAFT_DIMARROWREVERSE
1070
     0
1001
ACAD
1000
DSTYLE
1002
{
1070
    69
1070
     1
1070
   284
1070
     0
1070
   173
1070
     1
1002
}
1001
CAXA_DRAFT_DIMARCLENSTYLE
1070
     1
1001
CAXA_DRAFT_DDTSTY_2011R3
1070
     0
1001
ACAD_DSTYLE_DIMINSPECT
1070
   396
1000

1070
   395
1000

1070
   394
1070
     0
1070
   393
1070
     0
1001
CX_DBDIM_TXTFRAME
1070
     0
1070
     0
1001
CDRAFT_DIM_STD_REV_NAME
1000
GB
1000
*DIMSTD
1000

  0
DIMENSION
  5
1F7
330
1F
100
AcDbEntity
  8
尺寸线层
100
AcDbDimension
280
     0
  2
*X16
 10
87.72189924265024
 20
20.25000000000012
 30
0.0
 11
85.11924561136533
 21
42.49999950000013
 31
0.0
 70
   160
 71
     5
 42
-1.0
 73
     0
 74
     0
 75
     0
  3
GB_尺寸
100
AcDbAlignedDimension
 13
87.29229355660331
 23
64.75000000000013
 33
0.0
 14
87.29229355660331
 24
20.25000000000013
 34
0.0
 50
270.0
100
AcDbRotatedDimension
1001
CX_DbAnnotate_TxtLocPara
1041
0.0
1001
CX_DbAnnotate_SimDimOriTxt
1070
     0
1001
CAXA_DRAFT_DIMARROWREVERSE
1070
     0
1001
ACAD
1000
DSTYLE
1002
{
1070
    69
1070
     1
1070
   284
1070
     0
1070
   173
1070
     1
1002
}
1001
CAXA_DRAFT_DIMARCLENSTYLE
1070
     1
1001
CAXA_DRAFT_DDTSTY_2011R3
1070
     0
1001
ACAD_DSTYLE_DIMINSPECT
1070
   396
1000

1070
   395
1000

1070
   394
1070
     0
1070
   393
1070
     0
1001
CX_DBDIM_TXTFRAME
1070
     0
1070
     0
1001
CDRAFT_DIM_STD_REV_NAME
1000
GB
1000
*DIMSTD
1000

  0
CIRCLE
  5
1F8
330
1F
100
AcDbEntity
  8
粗实线层
100
AcDbCircle
 10
101.537201638187
 20
42.50000000000013
 30
0.0
 40
4.5
  0
LINE
  5
1F9
330
1F
100
AcDbEntity
  8
0
  6
Continuous
 62
     7
370
    50
100
AcDbLine
 10
263.9335783327834
 20
58.84449981732703
 30
0.0
 11
261.9345540310161
 21
56.34571850879527
 31
0.0
  0
LINE
  5
1FA
330
1F
100
AcDbEntity
  8
0
  6
Continuous
 62
     7
370
    50
100
AcDbLine
 10
260.3728154803531
 20
55.59510976655817
 30
0.0
 11
245.6840666140335
 21
55.59510976655817
 31
0.0
  0
LINE
  5
1FB
330
1F
100
AcDbEntity
  8
0
  6
Continuous
 62
     7
370
    50
100
AcDbLine
 10
282.7335789929049
 20
56.34571850879527
 30
0.0
 11
280.7345546911375
 21
58.84449981732703
 31
0.0
  0
LWPOLYLINE
  5
1FC
330
1F
100
AcDbEntity
  8
0
  6
Continuous
 62
     7
370
    50
100
AcDbPolyline
 90
        9
 70
     0
 43
0.0
 10
282.6554922516362
 20
56.28324911578036
 10
282.6707258949892
 20
56.29543640299178
 10
282.6853746677654
 20
56.30715616627074
 10
282.6988741884844
 20
56.31795578284598
 10
282.7107075731175
 20
56.32742174549437
 10
282.720418473603
 20
56.33519083841181
 10
282.7276343609111
 20
56.34096317572928
 10
282.7320786322372
 20
56.34451896531916
 10
282.7335789929049
 20
56.34571850879527
  0
LINE
  5
1FD
330
1F
100
AcDbEntity
  8
0
  6
Continuous
 62
     7
370
    50
100
AcDbLine
 10
299.0728167946355
 20
55.59510976655817
 30
0.0
 11
284.2953166122453
 21
55.59510976655817
 31
0.0
  0
LINE
  5
1FE
330
1F
100
AcDbEntity
  8
0
  6
Continuous
 62
     7
370
    50
100
AcDbLine
 10
302.6335787157433
 20
58.84449981732703
 30
0.0
 11
300.6345544139759
 21
56.34571850879527
 31
0.0
  0
LINE
  5
1FF
330
1F
100
AcDbEntity
  8
0
  6
Continuous
 62
     7
370
    50
100
AcDbLine
 10
321.4335793758648
 20
56.34571850879527
 30
0.0
 11
319.4345550740974
 21
58.84449981732703
 31
0.0
  0
LINE
  5
200
330
1F
100
AcDbEntity
  8
0
  6
Continuous
 62
     7
370
    50
100
AcDbLine
 10
337.6840667928474
 20
55.59510976655817
 30
0.0
 11
322.9953179265278
 21
55.59510976655817
 31
0.0
  0
LINE
  5
201
330
1F
100
AcDbEntity
  8
0
  6
Continuous
 62
     7
370
    50
100
AcDbLine
 10
279.1728170717971
 20
59.59510855956412
 30
0.0
 11
265.4953168834464
 21
59.59510855956412
 31
0.0
  0
LINE
  5
202
330
1F
100
AcDbEntity
  8
0
  6
Continuous
 62
     7
370
    50
100
AcDbLine
 10
317.8728165234344
 20
59.59510855956412
 30
0.0
 11
304.1953163350838
 21
59.59510855956412
 31
0.0
  0
LINE
  5
203
330
1F
100
AcDbEntity
  8
0
  6
Continuous
 62
     7
370
    50
100
AcDbLine
 10
278.6840664352195
 20
32.5951092561934
 30
0.0
 11
304.6840669716614
 21
32.5951092561934
 31
0.0
  0
LINE
  5
204
330
1F
100
AcDbEntity
  8
0
  6
Continuous
 62
     7
370
    50
100
AcDbLine
 10
306.6840663681643
 20
30.59510927761382
 30
0.0
 11
306.6840663681643
 21
10.86480595751141
 31
0.0
  0
LINE
  5
205
330
1F
100
AcDbEntity
  8
0
  6
Continuous
 62
     7
370
    50
100
AcDbLine
 10
245.6840666140335
 20
10.59510984106397
 30
0.0
 11
254.6840662266033
 21
10.59510984106397
 31
0.0
  0
LINE
  5
206
330
1F
100
AcDbEntity
  8
0
  6
Continuous
 62
     7
370
    50
100
AcDbLine
 10
256.6840665544288
 20
8.59510951323842
 30
0.0
 11
256.6840665544288
 21
1.595108365849008
 31
0.0
  0
LINE
  5
207
330
1F
100
AcDbEntity
  8
0
  6
Continuous
 62
     7
370
    50
100
AcDbLine
 10
276.6840670387165
 20
10.86480595751141
 30
0.0
 11
276.6840670387165
 21
30.59510927761382
 31
0.0
  0
LINE
  5
208
330
1F
100
AcDbEntity
  8
0
  6
Continuous
 62
     7
370
    50
100
AcDbLine
 10
276.5840662772672
 20
10.86480595751141
 30
0.0
 11
276.6840670387165
 21
10.86480595751141
 31
0.0
  0
LINE
  5
209
330
1F
100
AcDbEntity
  8
0
  6
Continuous
 62
     7
370
    50
100
AcDbLine
 10
328.6840671802776
 20
10.59510984106397
 30
0.0
 11
337.6840667928474
 21
10.59510984106397
 31
0.0
  0
LINE
  5
20A
330
1F
100
AcDbEntity
  8
0
  6
Continuous
 62
     7
370
    50
100
AcDbLine
 10
326.6840668524521
 20
1.595108365849008
 30
0.0
 11
326.6840668524521
 21
8.59510951323842
 31
0.0
  0
LINE
  5
20B
330
1F
100
AcDbEntity
  8
0
  6
Continuous
 62
     7
370
    50
100
AcDbLine
 10
339.684067120673
 20
12.59510830624436
 30
0.0
 11
339.684067120673
 21
53.59510943873263
 31
0.0
  0
LINE
  5
20C
330
1F
100
AcDbEntity
  8
0
  6
Continuous
 62
     7
370
    50
100
AcDbLine
 10
243.6840662862079
 20
53.59510943873263
 30
0.0
 11
243.6840662862079
 21
12.59510830624436
 31
0.0
  0
LINE
  5
20D
330
1F
100
AcDbEntity
  8
0
  6
Continuous
 62
     7
370
    50
100
AcDbLine
 10
308.6840676273125
 20
-0.4048900993313894
 30
0.0
 11
324.6840665246265
 21
-0.4048900993313894
 31
0.0
  0
LINE
  5
20E
330
1F
100
AcDbEntity
  8
0
  6
Continuous
 62
     7
370
    50
100
AcDbLine
 10
258.6840668822543
 20
-0.4048900993313894
 30
0.0
 11
274.6840657795684
 21
-0.4048900993313894
 31
0.0
  0
LINE
  5
20F
330
1F
100
AcDbEntity
  8
0
  6
Continuous
 62
     7
370
    50
100
AcDbLine
 10
265.6513450796621
 20
49.6829902438674
 30
0.0
 11
267.4263453240411
 21
51.3679911999259
 31
0.0
  0
LINE
  5
210
330
1F
100
AcDbEntity
  8
0
  6
Continuous
 62
     7
370
    50
100
AcDbLine
 10
269.4917878265397
 20
49.19222795052863
 30
0.0
 11
267.7167875821607
 21
47.50722699447012
 31
0.0
  0
ARC
  5
211
330
1F
100
AcDbEntity
  8
0
  6
Continuous
 62
     7
370
    50
100
AcDbCircle
 10
260.3728170084673
 20
57.59510923011634
 30
0.0
 40
2.0
100
AcDbArc
 50
270.0
 51
321.340191745913
  0
ARC
  5
212
330
1F
100
AcDbEntity
  8
0
  6
Continuous
 62
     7
370
    50
100
AcDbCircle
 10
284.2953163984135
 20
57.59510923011634
 30
0.0
 40
2.000000000000009
100
AcDbArc
 50
218.6598082540914
 51
270.0
  0
ARC
  5
213
330
1F
100
AcDbEntity
  8
0
  6
Continuous
 62
     7
370
    50
100
AcDbCircle
 10
299.0728170084673
 20
57.59510923011634
 30
0.0
 40
2.0
100
AcDbArc
 50
270.0
 51
321.340191745911
  0
ARC
  5
214
330
1F
100
AcDbEntity
  8
0
  6
Continuous
 62
     7
370
    50
100
AcDbCircle
 10
322.9953163984136
 20
57.59510923011634
 30
0.0
 40
2.0
100
AcDbArc
 50
218.6598082540908
 51
270.0
  0
ARC
  5
215
330
1F
100
AcDbEntity
  8
0
  6
Continuous
 62
     7
370
    50
100
AcDbCircle
 10
265.4953163984136
 20
57.59510923011637
 30
0.0
 40
2.000000000000028
100
AcDbArc
 50
90.0
 51
141.3401917459109
  0
ARC
  5
216
330
1F
100
AcDbEntity
  8
0
  6
Continuous
 62
     7
370
    50
100
AcDbCircle
 10
304.1953163984136
 20
57.59510923011637
 30
0.0
 40
2.000000000000028
100
AcDbArc
 50
90.0
 51
141.3401917459114
  0
ARC
  5
217
330
1F
100
AcDbEntity
  8
0
  6
Continuous
 62
     7
370
    50
100
AcDbCircle
 10
279.1728170084673
 20
57.59510923011637
 30
0.0
 40
2.000000000000009
100
AcDbArc
 50
38.65980825409082
 51
90.0
  0
ARC
  5
218
330
1F
100
AcDbEntity
  8
0
  6
Continuous
 62
     7
370
    50
100
AcDbCircle
 10
317.8728170084673
 20
57.59510923011637
 30
0.0
 40
2.000000000000024
100
AcDbArc
 50
38.6598082540898
 51
90.0
  0
ARC
  5
219
330
1F
100
AcDbEntity
  8
0
  6
Continuous
 62
     7
370
    50
100
AcDbCircle
 10
304.6840667034404
 20
30.59510923011637
 30
0.0
 40
2.0
100
AcDbArc
 50
0.0
 51
90.0
  0
ARC
  5
21A
330
1F
100
AcDbEntity
  8
0
  6
Continuous
 62
     7
370
    50
100
AcDbCircle
 10
254.6840667034404
 20
8.595109230116371
 30
0.0
 40
2.0
100
AcDbArc
 50
0.0
 51
90.0
  0
ARC
  5
21B
330
1F
100
AcDbEntity
  8
0
  6
Continuous
 62
     7
370
    50
100
AcDbCircle
 10
278.6840667034404
 20
30.59510923011637
 30
0.0
 40
2.0
100
AcDbArc
 50
90.0
 51
180.0000000000001
  0
ARC
  5
21C
330
1F
100
AcDbEntity
  8
0
  6
Continuous
 62
     7
370
    50
100
AcDbCircle
 10
328.6840667034404
 20
8.595109230116371
 30
0.0
 40
2.0
100
AcDbArc
 50
90.0
 51
180.0000000000002
  0
ARC
  5
21D
330
1F
100
AcDbEntity
  8
0
  6
Continuous
 62
     7
370
    50
100
AcDbCircle
 10
337.6840667034404
 20
53.59510923011634
 30
0.0
 40
2.000000000000028
100
AcDbArc
 50
0.0
 51
90.0
  0
ARC
  5
21E
330
1F
100
AcDbEntity
  8
0
  6
Continuous
 62
     7
370
    50
100
AcDbCircle
 10
337.6840667034404
 20
12.59510923011637
 30
0.0
 40
2.000000000000028
100
AcDbArc
 50
270.0
 51
0.0000000000007124
  0
ARC
  5
21F
330
1F
100
AcDbEntity
  8
0
  6
Continuous
 62
     7
370
    50
100
AcDbCircle
 10
245.6840667034405
 20
53.59510923011634
 30
0.0
 40
2.0
100
AcDbArc
 50
90.0
 51
180.0000000000006
  0
ARC
  5
220
330
1F
100
AcDbEntity
  8
0
  6
Continuous
 62
     7
370
    50
100
AcDbCircle
 10
324.6840667034404
 20
1.595109230116343
 30
0.0
 40
2.0
100
AcDbArc
 50
270.0
 51
0.0000000000007379
  0
ARC
  5
221
330
1F
100
AcDbEntity
  8
0
  6
Continuous
 62
     7
370
    50
100
AcDbCircle
 10
245.6840667034405
 20
12.59510923011637
 30
0.0
 40
2.000000000000014
100
AcDbArc
 50
179.9999999999999
 51
270.0
  0
ARC
  5
222
330
1F
100
AcDbEntity
  8
0
  6
Continuous
 62
     7
370
    50
100
AcDbCircle
 10
258.6840667034404
 20
1.595109230116357
 30
0.0
 40
2.0
100
AcDbArc
 50
179.9999999999999
 51
270.0
  0
CIRCLE
  5
223
330
1F
100
AcDbEntity
  8
0
  6
Continuous
 62
     7
370
    50
100
AcDbCircle
 10
307.1840667034404
 20
6.095109230116371
 30
0.0
 40
1.600000000000009
  0
CIRCLE
  5
224
330
1F
100
AcDbEntity
  8
0
  6
Continuous
 62
     7
370
    50
100
AcDbCircle
 10
276.1840667034404
 20
6.095109230116371
 30
0.0
 40
1.600000000000023
  0
CIRCLE
  5
225
330
1F
100
AcDbEntity
  8
0
  6
Continuous
 62
     7
370
    50
100
AcDbCircle
 10
268.4590667034404
 20
26.91010923011637
 30
0.0
 40
1.5
  0
CIRCLE
  5
226
330
1F
100
AcDbEntity
  8
0
  6
Continuous
 62
     7
370
    50
100
AcDbCircle
 10
314.9090667034404
 20
50.28010923011637
 30
0.0
 40
1.5
  0
CIRCLE
  5
227
330
1F
100
AcDbEntity
  8
0
  6
Continuous
 62
     7
370
    50
100
AcDbCircle
 10
314.9090667034404
 20
26.91010923011637
 30
0.0
 40
1.5
  0
CIRCLE
  5
228
330
1F
100
AcDbEntity
  8
0
  6
Continuous
 62
     7
370
    50
100
AcDbCircle
 10
266.6840667034404
 20
20.59510923011634
 30
0.0
 40
1.5
  0
CIRCLE
  5
229
330
1F
100
AcDbEntity
  8
0
  6
Continuous
 62
     7
370
    50
100
AcDbCircle
 10
333.6840667034404
 20
50.09510923011637
 30
0.0
 40
1.5
  0
CIRCLE
  5
22A
330
1F
100
AcDbEntity
  8
0
  6
Continuous
 62
     7
370
    50
100
AcDbCircle
 10
249.6840667034405
 20
50.09510923011637
 30
0.0
 40
1.5
  0
CIRCLE
  5
22B
330
1F
100
AcDbEntity
  8
0
  6
Continuous
 62
     7
370
    50
100
AcDbCircle
 10
318.1840667034405
 20
53.69510923011637
 30
0.0
 40
1.5
  0
CIRCLE
  5
22C
330
1F
100
AcDbEntity
  8
0
  6
Continuous
 62
     7
370
    50
100
AcDbCircle
 10
333.6840667034405
 20
16.09510923011637
 30
0.0
 40
1.500000000000028
  0
CIRCLE
  5
22D
330
1F
100
AcDbEntity
  8
0
  6
Continuous
 62
     7
370
    50
100
AcDbCircle
 10
316.9840667034404
 20
5.495109230116348
 30
0.0
 40
1.5
  0
CIRCLE
  5
22E
330
1F
100
AcDbEntity
  8
0
  6
Continuous
 62
     7
370
    50
100
AcDbCircle
 10
249.6840667034405
 20
16.09510923011637
 30
0.0
 40
1.5
  0
ARC
  5
22F
330
1F
100
AcDbEntity
  8
0
  6
Continuous
 62
     7
370
    50
100
AcDbCircle
 10
268.4590667034404
 20
50.28010923011637
 30
0.0
 40
1.499999999999988
100
AcDbArc
 50
313.5099833421592
 51
133.5099833421598
  0
ARC
  5
230
330
1F
100
AcDbEntity
  8
0
  6
Continuous
 62
     7
370
    50
100
AcDbCircle
 10
277.6840667034403
 20
10.86480523720113
 30
0.0
 40
1.0
100
AcDbArc
 50
180.0
 51
252.5423968762773
  0
ARC
  5
231
330
1F
100
AcDbEntity
  8
0
  6
Continuous
 62
     7
370
    50
100
AcDbCircle
 10
276.1840667034404
 20
6.095109230116371
 30
0.0
 40
4.000000000000015
100
AcDbArc
 50
287.3074714342155
 51
72.54239687627829
  0
ARC
  5
232
330
1F
100
AcDbEntity
  8
0
  6
Continuous
 62
     7
370
    50
100
AcDbCircle
 10
277.6715635706066
 20
1.3214991632832
 30
0.0
 40
1.000000000000001
100
AcDbArc
 50
107.3074714342147
 51
174.767160970697
  0
ARC
  5
233
330
1F
100
AcDbEntity
  8
0
  6
Continuous
 62
     7
370
    50
100
AcDbCircle
 10
305.6840667034404
 20
10.86480523720109
 30
0.0
 40
1.000000000000015
100
AcDbArc
 50
287.4576031237194
 51
359.9999999999998
  0
ARC
  5
234
330
1F
100
AcDbEntity
  8
0
  6
Continuous
 62
     7
370
    50
100
AcDbCircle
 10
307.1840667034404
 20
6.095109230116371
 30
0.0
 40
4.000000000000002
100
AcDbArc
 50
107.4576031237219
 51
252.6925285657878
  0
ARC
  5
235
330
1F
100
AcDbEntity
  8
0
  6
Continuous
 62
     7
370
    50
100
AcDbCircle
 10
305.6965698362743
 20
1.3214991632832
 30
0.0
 40
1.000000000000003
100
AcDbArc
 50
5.232839029303183
 51
72.69252856578231
  0
ARC
  5
236
330
1F
100
AcDbEntity
  8
0
  6
Continuous
 62
     7
370
    50
100
AcDbCircle
 10
274.6840667034405
 20
1.595109230116357
 30
0.0
 40
2.0
100
AcDbArc
 50
270.0
 51
354.7671609706985
  0
ARC
  5
237
330
1F
100
AcDbEntity
  8
0
  6
Continuous
 62
     7
370
    50
100
AcDbCircle
 10
308.6840667034405
 20
1.595109230116343
 30
0.0
 40
2.000000000000006
100
AcDbArc
 50
185.2328390293034
 51
270.0
  0
CIRCLE
  5
238
330
1F
100
AcDbEntity
  8
0
  6
Continuous
 62
     7
370
    50
100
AcDbCircle
 10
272.3340667034404
 20
56.09510923011637
 30
0.0
 40
1.300000000000011
  0
CIRCLE
  5
239
330
1F
100
AcDbEntity
  8
0
  6
Continuous
 62
     7
370
    50
100
AcDbCircle
 10
311.0340667034404
 20
21.09510923011637
 30
0.0
 40
1.299999999999983
  0
CIRCLE
  5
23A
330
1F
100
AcDbEntity
  8
0
  6
Continuous
 62
     7
370
    50
100
AcDbCircle
 10
311.0340667034404
 20
56.09510923011637
 30
0.0
 40
1.300000000000011
  0
CIRCLE
  5
23B
330
1F
100
AcDbEntity
  8
0
  6
Continuous
 62
     7
370
    50
100
AcDbCircle
 10
272.3340667034404
 20
21.09510923011637
 30
0.0
 40
1.300000000000011
  0
ARC
  5
23C
330
1F
100
AcDbEntity
  8
0
  6
Continuous
 62
     7
370
    50
100
AcDbCircle
 10
266.6840667034404
 20
48.59510923011634
 30
0.0
 40
1.49999999999999
100
AcDbArc
 50
133.5099833421596
 51
313.509983342161
  0
DIMENSION
  5
246
330
1F
100
AcDbEntity
  8
尺寸线层
100
AcDbDimension
280
     0
  2
*X17
 10
311.0340667034404
 20
65.47010558621997
 30
0.0
 11
291.6840672034405
 21
67.57834580968365
 31
0.0
 70
   160
 71
     5
 42
-1.0
 73
     0
 74
     0
 75
     0
  3
GB_尺寸
100
AcDbAlignedDimension
 13
272.3340667034404
 23
56.09510923011637
 33
0.0
 14
311.0340667034404
 24
56.09510923011637
 34
0.0
100
AcDbRotatedDimension
1001
CX_DbAnnotate_TxtLocPara
1041
0.0
1001
CX_DbAnnotate_SimDimOriTxt
1070
     0
1001
CAXA_DRAFT_DIMARROWREVERSE
1070
     0
1001
ACAD
1000
DSTYLE
1002
{
1070
    69
1070
     1
1070
   284
1070
     0
1070
   173
1070
     1
1002
}
1001
CAXA_DRAFT_DIMARCLENSTYLE
1070
     1
1001
CAXA_DRAFT_DDTSTY_2011R3
1070
     0
1001
ACAD_DSTYLE_DIMINSPECT
1070
   396
1000

1070
   395
1000

1070
   394
1070
     0
1070
   393
1070
     0
1001
CX_DBDIM_TXTFRAME
1070
     0
1070
     0
1001
CDRAFT_DIM_STD_REV_NAME
1000
GB
1000
*DIMSTD
1000

  0
DIMENSION
  5
250
330
1F
100
AcDbEntity
  8
尺寸线层
100
AcDbDimension
280
     0
  2
*X18
 10
264.5879085160705
 20
56.04682351583065
 30
0.0
 11
262.4796682926068
 21
38.57096687297351
 31
0.0
 70
   160
 71
     5
 42
-1.0
 73
     0
 74
     0
 75
     0
  3
GB_尺寸
100
AcDbAlignedDimension
 13
272.3340667034404
 23
21.09510923011637
 33
0.0
 14
271.0349637476298
 24
56.04682351583065
 34
0.0
 50
90.0
100
AcDbRotatedDimension
1001
CX_DbAnnotate_TxtLocPara
1041
0.0
1001
CX_DbAnnotate_SimDimOriTxt
1070
     0
1001
CAXA_DRAFT_DIMARROWREVERSE
1070
     0
1001
ACAD
1000
DSTYLE
1002
{
1070
    69
1070
     1
1070
   284
1070
     0
1070
   173
1070
     1
1002
}
1001
CAXA_DRAFT_DIMARCLENSTYLE
1070
     1
1001
CAXA_DRAFT_DDTSTY_2011R3
1070
     0
1001
ACAD_DSTYLE_DIMINSPECT
1070
   396
1000

1070
   395
1000

1070
   394
1070
     0
1070
   393
1070
     0
1001
CX_DBDIM_TXTFRAME
1070
     0
1070
     0
1001
CDRAFT_DIM_STD_REV_NAME
1000
GB
1000
*DIMSTD
1000

  0
DIMENSION
  5
25A
330
1F
100
AcDbEntity
  8
尺寸线层
100
AcDbDimension
280
     0
  2
*X19
 10
333.6840667034405
 20
14.3566687342912
 30
0.0
 11
291.6840672034405
 21
16.46490895775489
 31
0.0
 70
   160
 71
     5
 42
-1.0
 73
     0
 74
     0
 75
     0
  3
GB_尺寸
100
AcDbAlignedDimension
 13
249.6840667034405
 23
16.09510923011637
 33
0.0
 14
333.6840667034405
 24
16.09510923011637
 34
0.0
100
AcDbRotatedDimension
1001
CX_DbAnnotate_TxtLocPara
1041
0.0
1001
CX_DbAnnotate_SimDimOriTxt
1070
     0
1001
CAXA_DRAFT_DIMARROWREVERSE
1070
     0
1001
ACAD
1000
DSTYLE
1002
{
1070
    69
1070
     1
1070
   284
1070
     0
1070
   173
1070
     1
1002
}
1001
CAXA_DRAFT_DIMARCLENSTYLE
1070
     1
1001
CAXA_DRAFT_DDTSTY_2011R3
1070
     0
1001
ACAD_DSTYLE_DIMINSPECT
1070
   396
1000

1070
   395
1000

1070
   394
1070
     0
1070
   393
1070
     0
1001
CX_DBDIM_TXTFRAME
1070
     0
1070
     0
1001
CDRAFT_DIM_STD_REV_NAME
1000
GB
1000
*DIMSTD
1000

  0
DIMENSION
  5
264
330
1F
100
AcDbEntity
  8
尺寸线层
100
AcDbDimension
280
     0
  2
*X20
 10
251.583605819951
 20
16.09510923011637
 30
0.0
 11
249.4753655964873
 21
33.09510873011637
 31
0.0
 70
   160
 71
     5
 42
-1.0
 73
     0
 74
     0
 75
     0
  3
GB_尺寸
100
AcDbAlignedDimension
 13
249.6840667034405
 23
50.09510923011637
 33
0.0
 14
249.6840667034405
 24
16.09510923011637
 34
0.0
 50
270.0
100
AcDbRotatedDimension
1001
CX_DbAnnotate_TxtLocPara
1041
0.0
1001
CX_DbAnnotate_SimDimOriTxt
1070
     0
1001
CAXA_DRAFT_DIMARROWREVERSE
1070
     0
1001
ACAD
1000
DSTYLE
1002
{
1070
    69
1070
     1
1070
   284
1070
     0
1070
   173
1070
     1
1002
}
1001
CAXA_DRAFT_DIMARCLENSTYLE
1070
     1
1001
CAXA_DRAFT_DDTSTY_2011R3
1070
     0
1001
ACAD_DSTYLE_DIMINSPECT
1070
   396
1000

1070
   395
1000

1070
   394
1070
     0
1070
   393
1070
     0
1001
CX_DBDIM_TXTFRAME
1070
     0
1070
     0
1001
CDRAFT_DIM_STD_REV_NAME
1000
GB
1000
*DIMSTD
1000

  0
DIMENSION
  5
26E
330
1F
100
AcDbEntity
  8
尺寸线层
100
AcDbDimension
280
     0
  2
*X21
 10
307.1840667034404
 20
2.607607611156297
 30
0.0
 11
291.6840672034404
 21
4.72422772288814
 31
0.0
 70
   160
 71
     5
 42
-1.0
 73
     0
 74
     0
 75
     0
  3
GB_尺寸
100
AcDbAlignedDimension
 13
276.1840667034404
 23
6.095109230116371
 33
0.0
 14
307.1840667034404
 24
6.095109230116371
 34
0.0
100
AcDbRotatedDimension
1001
CX_DbAnnotate_TxtLocPara
1041
0.0
1001
CX_DbAnnotate_SimDimOriTxt
1070
     0
1001
CAXA_DRAFT_DIMARROWREVERSE
1070
     0
1001
ACAD
1000
DSTYLE
1002
{
1070
    69
1070
     1
1070
   284
1070
     0
1070
   173
1070
     1
1002
}
1001
CAXA_DRAFT_DIMARCLENSTYLE
1070
     1
1001
CAXA_DRAFT_DDTSTY_2011R3
1070
     0
1001
ACAD_DSTYLE_DIMINSPECT
1070
   396
1000

1070
   395
1000

1070
   394
1070
     0
1070
   393
1070
     0
1001
CX_DBDIM_TXTFRAME
1070
     0
1070
     0
1001
CDRAFT_DIM_STD_REV_NAME
1000
GB
1000
*DIMSTD
1000

  0
DIMENSION
  5
278
330
1F
100
AcDbEntity
  8
尺寸线层
100
AcDbDimension
280
     0
  2
*X22
 10
314.9090667034404
 20
26.40698783494239
 30
0.0
 11
291.6840672034405
 21
28.51522805840607
 31
0.0
 70
   160
 71
     5
 42
-1.0
 73
     0
 74
     0
 75
     0
  3
GB_尺寸
100
AcDbAlignedDimension
 13
268.4590667034404
 23
26.91010923011637
 33
0.0
 14
314.9090667034404
 24
26.91010923011637
 34
0.0
100
AcDbRotatedDimension
1001
CX_DbAnnotate_TxtLocPara
1041
0.0
1001
CX_DbAnnotate_SimDimOriTxt
1070
     0
1001
CAXA_DRAFT_DIMARROWREVERSE
1070
     0
1001
ACAD
1000
DSTYLE
1002
{
1070
    69
1070
     1
1070
   284
1070
     0
1070
   173
1070
     1
1002
}
1001
CAXA_DRAFT_DIMARCLENSTYLE
1070
     1
1001
CAXA_DRAFT_DDTSTY_2011R3
1070
     0
1001
ACAD_DSTYLE_DIMINSPECT
1070
   396
1000

1070
   395
1000

1070
   394
1070
     0
1070
   393
1070
     0
1001
CX_DBDIM_TXTFRAME
1070
     0
1070
     0
1001
CDRAFT_DIM_STD_REV_NAME
1000
GB
1000
*DIMSTD
1000

  0
DIMENSION
  5
282
330
1F
100
AcDbEntity
  8
尺寸线层
100
AcDbDimension
280
     0
  2
*X23
 10
319.6679087386301
 20
26.91010923011637
 30
0.0
 11
317.5596685151665
 21
38.59510873011637
 31
0.0
 70
   160
 71
     5
 42
-1.0
 73
     0
 74
     0
 75
     0
  3
GB_尺寸
100
AcDbAlignedDimension
 13
314.9090667034404
 23
50.28010923011637
 33
0.0
 14
314.9090667034404
 24
26.91010923011637
 34
0.0
 50
270.0
100
AcDbRotatedDimension
1001
CX_DbAnnotate_TxtLocPara
1041
0.0
1001
CX_DbAnnotate_SimDimOriTxt
1070
     0
1001
CAXA_DRAFT_DIMARROWREVERSE
1070
     0
1001
ACAD
1000
DSTYLE
1002
{
1070
    69
1070
     1
1070
   284
1070
     0
1070
   173
1070
     1
1002
}
1001
CAXA_DRAFT_DIMARCLENSTYLE
1070
     1
1001
CAXA_DRAFT_DDTSTY_2011R3
1070
     0
1001
ACAD_DSTYLE_DIMINSPECT
1070
   396
1000

1070
   395
1000

1070
   394
1070
     0
1070
   393
1070
     0
1001
CX_DBDIM_TXTFRAME
1070
     0
1070
     0
1001
CDRAFT_DIM_STD_REV_NAME
1000
GB
1000
*DIMSTD
1000

  0
DIMENSION
  5
28C
330
1F
100
AcDbEntity
  8
尺寸线层
100
AcDbDimension
280
     0
  2
*X24
 10
325.6428586260365
 20
5.495109230116345
 30
0.0
 11
323.5346184025728
 21
29.59510873011635
 31
0.0
 70
   160
 71
     5
 42
-1.0
 73
     0
 74
     0
 75
     0
  3
GB_尺寸
100
AcDbAlignedDimension
 13
318.1840667034405
 23
53.69510923011637
 33
0.0
 14
316.9840667034404
 24
5.495109230116348
 34
0.0
 50
270.0
100
AcDbRotatedDimension
1001
CX_DbAnnotate_TxtLocPara
1041
0.0
1001
CX_DbAnnotate_SimDimOriTxt
1070
     0
1001
CAXA_DRAFT_DIMARROWREVERSE
1070
     0
1001
ACAD
1000
DSTYLE
1002
{
1070
    69
1070
     1
1070
   284
1070
     0
1070
   173
1070
     1
1002
}
1001
CAXA_DRAFT_DIMARCLENSTYLE
1070
     1
1001
CAXA_DRAFT_DDTSTY_2011R3
1070
     0
1001
ACAD_DSTYLE_DIMINSPECT
1070
   396
1000

1070
   395
1000

1070
   394
1070
     0
1070
   393
1070
     0
1001
CX_DBDIM_TXTFRAME
1070
     0
1070
     0
1001
CDRAFT_DIM_STD_REV_NAME
1000
GB
1000
*DIMSTD
1000

  0
LINE
  5
28D
330
1F
100
AcDbEntity
  8
0
  6
Continuous
 62
     7
370
    50
100
AcDbLine
 10
175.7093507091673
 20
43.63692776147227
 30
0.0
 11
216.6093501488672
 21
43.63692776147227
 31
0.0
  0
LINE
  5
28E
330
1F
100
AcDbEntity
  8
0
  6
Continuous
 62
     7
370
    50
100
AcDbLine
 10
218.6093504766673
 20
41.63692743367228
 30
0.0
 11
218.6093504766673
 21
37.88545579497227
 31
0.0
  0
LINE
  5
28F
330
1F
100
AcDbEntity
  8
0
  6
Continuous
 62
     7
370
    50
100
AcDbLine
 10
173.7093503813673
 20
37.88545579497227
 30
0.0
 11
173.7093503813673
 21
41.63692743367228
 31
0.0
  0
LINE
  5
290
330
1F
100
AcDbEntity
  8
0
  6
Continuous
 62
     7
370
    50
100
AcDbLine
 10
171.8850868980673
 20
35.81266422597228
 30
0.0
 11
173.5336153994673
 21
37.46119179607228
 31
0.0
  0
LINE
  5
291
330
1F
100
AcDbEntity
  8
0
  6
Continuous
 62
     7
370
    50
100
AcDbLine
 10
218.7850854585673
 20
37.46119179607228
 30
0.0
 11
220.4336139599673
 21
35.81266422597228
 31
0.0
  0
LINE
  5
292
330
1F
100
AcDbEntity
  8
0
  6
Continuous
 62
     7
370
    50
100
AcDbLine
 10
171.7093500535673
 20
31.88545574277227
 30
0.0
 11
171.7093500535673
 21
35.38839929587227
 31
0.0
  0
LINE
  5
293
330
1F
100
AcDbEntity
  8
0
  6
Continuous
 62
     7
370
    50
100
AcDbLine
 10
220.6093508045673
 20
35.38839929587227
 30
0.0
 11
220.6093508045673
 21
31.88545574277227
 31
0.0
  0
LINE
  5
294
330
1F
100
AcDbEntity
  8
0
  6
Continuous
 62
     7
370
    50
100
AcDbLine
 10
199.1593504550673
 20
32.88692832767227
 30
0.0
 11
193.1593504029673
 21
32.88692832767227
 31
0.0
  0
LINE
  5
295
330
1F
100
AcDbEntity
  8
0
  6
Continuous
 62
     7
370
    50
100
AcDbLine
 10
220.4336139599673
 20
31.46119174397227
 30
0.0
 11
218.7850854585673
 21
29.81266417387227
 31
0.0
  0
LINE
  5
296
330
1F
100
AcDbEntity
  8
0
  6
Continuous
 62
     7
370
    50
100
AcDbLine
 10
201.1593503172673
 20
12.38692776147227
 30
0.0
 11
201.1593503172673
 21
30.88692799987227
 31
0.0
  0
LINE
  5
297
330
1F
100
AcDbEntity
  8
0
  6
Continuous
 62
     7
370
    50
100
AcDbLine
 10
191.1593505407673
 20
30.88692799987227
 30
0.0
 11
191.1593505407673
 21
12.38692776147227
 31
0.0
  0
LINE
  5
298
330
1F
100
AcDbEntity
  8
0
  6
Continuous
 62
     7
370
    50
100
AcDbLine
 10
218.6093504766673
 20
29.38839970937227
 30
0.0
 11
218.6093504766673
 21
13.88545605197227
 31
0.0
  0
LINE
  5
299
330
1F
100
AcDbEntity
  8
0
  6
Continuous
 62
     7
370
    50
100
AcDbLine
 10
173.7093503813673
 20
13.88545605197227
 30
0.0
 11
173.7093503813673
 21
29.38839970937227
 31
0.0
  0
LINE
  5
29A
330
1F
100
AcDbEntity
  8
0
  6
Continuous
 62
     7
370
    50
100
AcDbLine
 10
171.8850868980673
 20
11.81266401737227
 30
0.0
 11
173.5336153994673
 21
13.46119158747227
 31
0.0
  0
LINE
  5
29B
330
1F
100
AcDbEntity
  8
0
  6
Continuous
 62
     7
370
    50
100
AcDbLine
 10
171.7093500535673
 20
7.885456465472274
 30
0.0
 11
171.7093500535673
 21
11.38840001857227
 31
0.0
  0
LINE
  5
29C
330
1F
100
AcDbEntity
  8
0
  6
Continuous
 62
     7
370
    50
100
AcDbLine
 10
220.6093508045673
 20
11.38840001857227
 30
0.0
 11
220.6093508045673
 21
7.885456465472274
 31
0.0
  0
LINE
  5
29D
330
1F
100
AcDbEntity
  8
0
  6
Continuous
 62
     7
370
    50
100
AcDbLine
 10
193.1593504029673
 20
10.38692743367227
 30
0.0
 11
199.1593504550673
 21
10.38692743367227
 31
0.0
  0
LINE
  5
29E
330
1F
100
AcDbEntity
  8
0
  6
Continuous
 62
     7
370
    50
100
AcDbLine
 10
220.4336139599673
 20
7.46119153527227
 30
0.0
 11
218.7850854585673
 21
5.812663965272272
 31
0.0
  0
LINE
  5
29F
330
1F
100
AcDbEntity
  8
0
  6
Continuous
 62
     7
370
    50
100
AcDbLine
 10
173.5336153994673
 20
5.812663965272272
 30
0.0
 11
171.8850868980673
 21
7.46119153527227
 31
0.0
  0
LINE
  5
2A0
330
1F
100
AcDbEntity
  8
0
  6
Continuous
 62
     7
370
    50
100
AcDbLine
 10
218.6093504766673
 20
5.388399966372269
 30
0.0
 11
218.6093504766673
 21
1.636928327672273
 31
0.0
  0
LINE
  5
2A1
330
1F
100
AcDbEntity
  8
0
  6
Continuous
 62
     7
370
    50
100
AcDbLine
 10
173.7093503813673
 20
1.636928327672273
 30
0.0
 11
173.7093503813673
 21
5.388399966372269
 31
0.0
  0
LINE
  5
2A2
330
1F
100
AcDbEntity
  8
0
  6
Continuous
 62
     7
370
    50
100
AcDbLine
 10
216.6093501488672
 20
-0.3630720001277292
 30
0.0
 11
175.7093507091673
 21
-0.3630720001277292
 31
0.0
  0
LINE
  5
2A3
330
1F
100
AcDbEntity
  8
0
  6
Continuous
 62
     7
370
    50
100
AcDbLine
 10
173.5336153994673
 20
29.81266417387227
 30
0.0
 11
171.8850868980673
 21
31.46119174397227
 31
0.0
  0
SPLINE
  5
2A4
330
1F
100
AcDbEntity
  8
0
  6
Continuous
 62
     7
370
    50
100
AcDbSpline
210
0.0
220
0.0
230
1.0
 70
    12
 71
     3
 72
    14
 73
    10
 74
     0
 42
0.000000001
 43
0.1
 40
0.0
 40
0.0
 40
0.0
 40
0.0
 40
0.7841129423261006
 40
0.7841129423261006
 40
1.568225884652201
 40
1.568225884652201
 40
2.352338826978302
 40
2.352338826978302
 40
3.136451769304403
 40
3.136451769304403
 40
3.136451769304403
 40
3.136451769304403
 10
216.6093504290333
 20
43.63692788066628
 30
0.0
 41
1.0
 10
216.8711498168324
 20
43.63692788066628
 30
0.0
 41
1.0
 10
217.1328461977519
 20
43.58487323400292
 30
0.0
 41
1.0
 10
217.6165883897751
 20
43.38450065737479
 30
0.0
 41
1.0
 10
217.8384438689831
 20
43.23626156546265
 30
0.0
 41
1.0
 10
218.2086841138296
 20
42.86602132061612
 30
0.0
 41
1.0
 10
218.3569232057418
 20
42.64416584140809
 30
0.0
 41
1.0
 10
218.5572957823699
 20
42.16042364938485
 30
0.0
 41
1.0
 10
218.6093504290333
 20
41.89872726846544
 30
0.0
 41
1.0
 10
218.6093504290333
 20
41.6369278806663
 30
0.0
 41
1.0
  0
SPLINE
  5
2A5
330
1F
100
AcDbEntity
  8
0
  6
Continuous
 62
     7
370
    50
100
AcDbSpline
210
0.0
220
0.0
230
1.0
 70
    12
 71
     3
 72
    14
 73
    10
 74
     0
 42
0.000000001
 43
0.1
 40
0.0
 40
0.0
 40
0.0
 40
0.0
 40
0.7841129423261034
 40
0.7841129423261034
 40
1.568225884652207
 40
1.568225884652207
 40
2.352338826978311
 40
2.352338826978311
 40
3.136451769304414
 40
3.136451769304414
 40
3.136451769304414
 40
3.136451769304414
 10
173.7093504290333
 20
41.63692788066628
 30
0.0
 41
1.0
 10
173.7093504290333
 20
41.89872726846544
 30
0.0
 41
1.0
 10
173.7614050756966
 20
42.16042364938485
 30
0.0
 41
1.0
 10
173.9617776523248
 20
42.64416584140807
 30
0.0
 41
1.0
 10
174.1100167442369
 20
42.86602132061612
 30
0.0
 41
1.0
 10
174.4802569890835
 20
43.23626156546265
 30
0.0
 41
1.0
 10
174.7021124682915
 20
43.38450065737479
 30
0.0
 41
1.0
 10
175.1858546603148
 20
43.58487323400292
 30
0.0
 41
1.0
 10
175.4475510412341
 20
43.63692788066628
 30
0.0
 41
1.0
 10
175.7093504290333
 20
43.63692788066628
 30
0.0
 41
1.0
  0
SPLINE
  5
2A6
330
1F
100
AcDbEntity
  8
0
  6
Continuous
 62
     7
370
    50
100
AcDbSpline
210
0.0
220
0.0
230
1.0
 70
    12
 71
     3
 72
    14
 73
    10
 74
     0
 42
0.000000001
 43
0.1
 40
0.0
 40
0.0
 40
0.0
 40
0.0
 40
0.7841129423260962
 40
0.7841129423260962
 40
1.568225884652192
 40
1.568225884652192
 40
2.352338826978289
 40
2.352338826978289
 40
3.136451769304385
 40
3.136451769304385
 40
3.136451769304385
 40
3.136451769304385
 10
175.7093504290333
 20
-0.3630721193337076
 30
0.0
 41
1.0
 10
175.4475510412341
 20
-0.3630721193337076
 30
0.0
 41
1.0
 10
175.1858546603148
 20
-0.3110174726703501
 30
0.0
 41
1.0
 10
174.7021124682915
 20
-0.1106448960422166
 30
0.0
 41
1.0
 10
174.4802569890834
 20
0.0375941958699433
 30
0.0
 41
1.0
 10
174.1100167442369
 20
0.4078344407164711
 30
0.0
 41
1.0
 10
173.9617776523248
 20
0.6296899199245023
 30
0.0
 41
1.0
 10
173.7614050756967
 20
1.113432111947724
 30
0.0
 41
1.0
 10
173.7093504290333
 20
1.375128492867141
 30
0.0
 41
1.0
 10
173.7093504290333
 20
1.636927880666285
 30
0.0
 41
1.0
  0
SPLINE
  5
2A7
330
1F
100
AcDbEntity
  8
0
  6
Continuous
 62
     7
370
    50
100
AcDbSpline
210
0.0
220
0.0
230
1.0
 70
    12
 71
     3
 72
    14
 73
    10
 74
     0
 42
0.000000001
 43
0.1
 40
0.0
 40
0.0
 40
0.0
 40
0.0
 40
0.7841129423261057
 40
0.7841129423261057
 40
1.568225884652211
 40
1.568225884652211
 40
2.352338826978317
 40
2.352338826978317
 40
3.136451769304423
 40
3.136451769304423
 40
3.136451769304423
 40
3.136451769304423
 10
218.6093504290333
 20
1.636927880666299
 30
0.0
 41
1.0
 10
218.6093504290333
 20
1.375128492867156
 30
0.0
 41
1.0
 10
218.5572957823699
 20
1.113432111947731
 30
0.0
 41
1.0
 10
218.3569232057418
 20
0.6296899199245023
 30
0.0
 41
1.0
 10
218.2086841138296
 20
0.4078344407164711
 30
0.0
 41
1.0
 10
217.8384438689831
 20
0.0375941958699291
 30
0.0
 41
1.0
 10
217.6165883897751
 20
-0.1106448960422166
 30
0.0
 41
1.0
 10
217.1328461977519
 20
-0.3110174726703501
 30
0.0
 41
1.0
 10
216.8711498168324
 20
-0.3630721193337076
 30
0.0
 41
1.0
 10
216.6093504290333
 20
-0.3630721193337076
 30
0.0
 41
1.0
  0
LINE
  5
2A8
330
1F
100
AcDbEntity
  8
0
  6
Continuous
 62
     7
370
    50
100
AcDbLine
 10
218.7850854585673
 20
13.46119158747227
 30
0.0
 11
220.4336139599673
 21
11.81266401737227
 31
0.0
  0
SPLINE
  5
2A9
330
1F
100
AcDbEntity
  8
0
  6
Continuous
 62
     7
370
    50
100
AcDbSpline
210
0.0
220
0.0
230
1.0
 70
    12
 71
     3
 72
    14
 73
    10
 74
     0
 42
0.000000001
 43
0.1
 40
0.0
 40
0.0
 40
0.0
 40
0.0
 40
0.7841129423261027
 40
0.7841129423261027
 40
1.568225884652204
 40
1.568225884652204
 40
2.352338826978305
 40
2.352338826978305
 40
3.136451769304407
 40
3.136451769304407
 40
3.136451769304407
 40
3.136451769304407
 10
193.1593504290333
 20
32.88692788066628
 30
0.0
 41
1.0
 10
192.8975510412341
 20
32.88692788066628
 30
0.0
 41
1.0
 10
192.6358546603147
 20
32.83487323400292
 30
0.0
 41
1.0
 10
192.1521124682915
 20
32.63450065737481
 30
0.0
 41
1.0
 10
191.9302569890835
 20
32.48626156546265
 30
0.0
 41
1.0
 10
191.5600167442369
 20
32.11602132061611
 30
0.0
 41
1.0
 10
191.4117776523248
 20
31.89416584140809
 30
0.0
 41
1.0
 10
191.2114050756966
 20
31.41042364938484
 30
0.0
 41
1.0
 10
191.1593504290333
 20
31.14872726846543
 30
0.0
 41
1.0
 10
191.1593504290333
 20
30.88692788066628
 30
0.0
 41
1.0
  0
SPLINE
  5
2AA
330
1F
100
AcDbEntity
  8
0
  6
Continuous
 62
     7
370
    50
100
AcDbSpline
210
0.0
220
0.0
230
1.0
 70
    12
 71
     3
 72
     8
 73
     4
 74
     0
 42
0.000000001
 43
0.1
 40
0.0
 40
0.0
 40
0.0
 40
0.0
 40
0.4679885942651487
 40
0.4679885942651487
 40
0.4679885942651487
 40
0.4679885942651487
 10
218.6093504290333
 20
37.88545601809019
 30
0.0
 41
1.0
 10
218.6093504290333
 20
37.72837638541071
 30
0.0
 41
1.0
 10
218.6740142868674
 20
37.57226402283224
 30
0.0
 41
1.0
 10
218.7850863603214
 20
37.46119194937827
 30
0.0
 41
1.0
  0
SPLINE
  5
2AB
330
1F
100
AcDbEntity
  8
0
  6
Continuous
 62
     7
370
    50
100
AcDbSpline
210
0.0
220
0.0
230
1.0
 70
    12
 71
     3
 72
     8
 73
     4
 74
     0
 42
0.000000001
 43
0.1
 40
0.0
 40
0.0
 40
0.0
 40
0.0
 40
0.4679885942651487
 40
0.4679885942651487
 40
0.4679885942651487
 40
0.4679885942651487
 10
173.5336144977452
 20
37.46119194937825
 30
0.0
 41
1.0
 10
173.6446865711992
 20
37.57226402283222
 30
0.0
 41
1.0
 10
173.7093504290333
 20
37.72837638541069
 30
0.0
 41
1.0
 10
173.7093504290333
 20
37.88545601809017
 30
0.0
 41
1.0
  0
SPLINE
  5
2AC
330
1F
100
AcDbEntity
  8
0
  6
Continuous
 62
     7
370
    50
100
AcDbSpline
210
0.0
220
0.0
230
1.0
 70
    12
 71
     3
 72
     8
 73
     4
 74
     0
 42
0.000000001
 43
0.1
 40
0.0
 40
0.0
 40
0.0
 40
0.0
 40
0.4679885942651498
 40
0.4679885942651498
 40
0.4679885942651498
 40
0.4679885942651498
 10
173.7093504290333
 20
29.38839974324242
 30
0.0
 41
1.0
 10
173.7093504290333
 20
29.54547937592191
 30
0.0
 41
1.0
 10
173.6446865711992
 20
29.70159173850039
 30
0.0
 41
1.0
 10
173.5336144977452
 20
29.81266381195434
 30
0.0
 41
1.0
  0
SPLINE
  5
2AD
330
1F
100
AcDbEntity
  8
0
  6
Continuous
 62
     7
370
    50
100
AcDbSpline
210
0.0
220
0.0
230
1.0
 70
    12
 71
     3
 72
     8
 73
     4
 74
     0
 42
0.000000001
 43
0.1
 40
0.0
 40
0.0
 40
0.0
 40
0.0
 40
0.4679885942651498
 40
0.4679885942651498
 40
0.4679885942651498
 40
0.4679885942651498
 10
218.7850863603214
 20
29.81266381195434
 30
0.0
 41
1.0
 10
218.6740142868674
 20
29.70159173850039
 30
0.0
 41
1.0
 10
218.6093504290333
 20
29.54547937592191
 30
0.0
 41
1.0
 10
218.6093504290333
 20
29.38839974324242
 30
0.0
 41
1.0
  0
SPLINE
  5
2AE
330
1F
100
AcDbEntity
  8
0
  6
Continuous
 62
     7
370
    50
100
AcDbSpline
210
0.0
220
0.0
230
1.0
 70
    12
 71
     3
 72
     8
 73
     4
 74
     0
 42
0.000000001
 43
0.1
 40
0.0
 40
0.0
 40
0.0
 40
0.0
 40
0.4679885942651699
 40
0.4679885942651699
 40
0.4679885942651699
 40
0.4679885942651699
 10
218.6093504290333
 20
13.88545601809017
 30
0.0
 41
1.0
 10
218.6093504290333
 20
13.72837638541067
 30
0.0
 41
1.0
 10
218.6740142868674
 20
13.57226402283219
 30
0.0
 41
1.0
 10
218.7850863603214
 20
13.46119194937823
 30
0.0
 41
1.0
  0
SPLINE
  5
2AF
330
1F
100
AcDbEntity
  8
0
  6
Continuous
 62
     7
370
    50
100
AcDbSpline
210
0.0
220
0.0
230
1.0
 70
    12
 71
     3
 72
     8
 73
     4
 74
     0
 42
0.000000001
 43
0.1
 40
0.0
 40
0.0
 40
0.0
 40
0.0
 40
0.4679885942651635
 40
0.4679885942651635
 40
0.4679885942651635
 40
0.4679885942651635
 10
173.5336144977452
 20
13.46119194937824
 30
0.0
 41
1.0
 10
173.6446865711992
 20
13.5722640228322
 30
0.0
 41
1.0
 10
173.7093504290333
 20
13.72837638541067
 30
0.0
 41
1.0
 10
173.7093504290333
 20
13.88545601809017
 30
0.0
 41
1.0
  0
SPLINE
  5
2B0
330
1F
100
AcDbEntity
  8
0
  6
Continuous
 62
     7
370
    50
100
AcDbSpline
210
0.0
220
0.0
230
1.0
 70
    12
 71
     3
 72
     8
 73
     4
 74
     0
 42
0.000000001
 43
0.1
 40
0.0
 40
0.0
 40
0.0
 40
0.0
 40
0.4679885942651429
 40
0.4679885942651429
 40
0.4679885942651429
 40
0.4679885942651429
 10
173.7093504290333
 20
5.388399743242395
 30
0.0
 41
1.0
 10
173.7093504290333
 20
5.545479375921872
 30
0.0
 41
1.0
 10
173.6446865711992
 20
5.701591738500355
 30
0.0
 41
1.0
 10
173.5336144977452
 20
5.812663811954309
 30
0.0
 41
1.0
  0
SPLINE
  5
2B1
330
1F
100
AcDbEntity
  8
0
  6
Continuous
 62
     7
370
    50
100
AcDbSpline
210
0.0
220
0.0
230
1.0
 70
    12
 71
     3
 72
     8
 73
     4
 74
     0
 42
0.000000001
 43
0.1
 40
0.0
 40
0.0
 40
0.0
 40
0.0
 40
0.4679885942651494
 40
0.4679885942651494
 40
0.4679885942651494
 40
0.4679885942651494
 10
218.7850863603214
 20
5.812663811954302
 30
0.0
 41
1.0
 10
218.6740142868674
 20
5.701591738500341
 30
0.0
 41
1.0
 10
218.6093504290333
 20
5.545479375921865
 30
0.0
 41
1.0
 10
218.6093504290333
 20
5.388399743242381
 30
0.0
 41
1.0
  0
SPLINE
  5
2B2
330
1F
100
AcDbEntity
  8
0
  6
Continuous
 62
     7
370
    50
100
AcDbSpline
210
0.0
220
0.0
230
1.0
 70
    12
 71
     3
 72
    14
 73
    10
 74
     0
 42
0.000000001
 43
0.1
 40
0.0
 40
0.0
 40
0.0
 40
0.0
 40
0.7841129423261067
 40
0.7841129423261067
 40
1.568225884652213
 40
1.568225884652213
 40
2.35233882697832
 40
2.35233882697832
 40
3.136451769304427
 40
3.136451769304427
 40
3.136451769304427
 40
3.136451769304427
 10
201.1593504290333
 20
30.88692788066628
 30
0.0
 41
1.0
 10
201.1593504290333
 20
31.14872726846543
 30
0.0
 41
1.0
 10
201.1072957823699
 20
31.41042364938484
 30
0.0
 41
1.0
 10
200.9069232057418
 20
31.89416584140809
 30
0.0
 41
1.0
 10
200.7586841138296
 20
32.11602132061611
 30
0.0
 41
1.0
 10
200.3884438689831
 20
32.48626156546265
 30
0.0
 41
1.0
 10
200.1665883897751
 20
32.63450065737481
 30
0.0
 41
1.0
 10
199.6828461977519
 20
32.83487323400293
 30
0.0
 41
1.0
 10
199.4211498168324
 20
32.88692788066628
 30
0.0
 41
1.0
 10
199.1593504290333
 20
32.88692788066628
 30
0.0
 41
1.0
  0
SPLINE
  5
2B3
330
1F
100
AcDbEntity
  8
0
  6
Continuous
 62
     7
370
    50
100
AcDbSpline
210
0.0
220
0.0
230
1.0
 70
    15
 71
     3
 72
    38
 73
    34
 74
     0
 42
0.000000001
 43
0.1
 40
0.0
 40
0.0
 40
0.0
 40
0.0
 40
0.5096734125119659
 40
0.5096734125119659
 40
1.019346825023932
 40
1.019346825023932
 40
1.529020237535898
 40
1.529020237535898
 40
2.038693650047863
 40
2.038693650047863
 40
2.548367062559829
 40
2.548367062559829
 40
3.058040475071795
 40
3.058040475071795
 40
3.567713887583761
 40
3.567713887583761
 40
4.077387300095727
 40
4.077387300095727
 40
4.587060712607693
 40
4.587060712607693
 40
5.096734125119658
 40
5.096734125119658
 40
5.606407537631624
 40
5.606407537631624
 40
6.116080950143591
 40
6.116080950143591
 40
6.625754362655556
 40
6.625754362655556
 40
7.135427775167522
 40
7.135427775167522
 40
7.645101187679487
 40
7.645101187679487
 40
8.154774600191454
 40
8.154774600191454
 40
8.154774600191454
 40
8.154774600191454
 10
210.6593504290333
 20
35.33692788066627
 30
0.0
 41
1.0
 10
210.8295200311027
 20
35.33692788066627
 30
0.0
 41
1.0
 10
210.9996226787003
 20
35.37076340099748
 30
0.0
 41
1.0
 10
211.3140551035154
 20
35.50100557580576
 30
0.0
 41
1.0
 10
211.4582611650007
 20
35.59736098554865
 30
0.0
 41
1.0
 10
211.6989173241509
 20
35.83801714469889
 30
0.0
 41
1.0
 10
211.7952727338938
 20
35.98222320618412
 30
0.0
 41
1.0
 10
211.9255149087021
 20
36.29665563099922
 30
0.0
 41
1.0
 10
211.9593504290333
 20
36.46675827859683
 30
0.0
 41
1.0
 10
211.9593504290333
 20
36.80709748273573
 30
0.0
 41
1.0
 10
211.9255149087021
 20
36.97720013033335
 30
0.0
 41
1.0
 10
211.7952727338938
 20
37.29163255514846
 30
0.0
 41
1.0
 10
211.698917324151
 20
37.43583861663368
 30
0.0
 41
1.0
 10
211.4582611650007
 20
37.67649477578392
 30
0.0
 41
1.0
 10
211.3140551035154
 20
37.77285018552684
 30
0.0
 41
1.0
 10
210.9996226787003
 20
37.90309236033509
 30
0.0
 41
1.0
 10
210.8295200311027
 20
37.93692788066628
 30
0.0
 41
1.0
 10
210.4891808269638
 20
37.93692788066628
 30
0.0
 41
1.0
 10
210.3190781793662
 20
37.90309236033509
 30
0.0
 41
1.0
 10
210.0046457545511
 20
37.77285018552683
 30
0.0
 41
1.0
 10
209.8604396930659
 20
37.67649477578392
 30
0.0
 41
1.0
 10
209.6197835339157
 20
37.43583861663367
 30
0.0
 41
1.0
 10
209.5234281241728
 20
37.29163255514846
 30
0.0
 41
1.0
 10
209.3931859493645
 20
36.97720013033335
 30
0.0
 41
1.0
 10
209.3593504290333
 20
36.80709748273573
 30
0.0
 41
1.0
 10
209.3593504290333
 20
36.46675827859683
 30
0.0
 41
1.0
 10
209.3931859493645
 20
36.29665563099922
 30
0.0
 41
1.0
 10
209.5234281241728
 20
35.98222320618412
 30
0.0
 41
1.0
 10
209.6197835339157
 20
35.8380171446989
 30
0.0
 41
1.0
 10
209.8604396930659
 20
35.59736098554867
 30
0.0
 41
1.0
 10
210.0046457545511
 20
35.50100557580576
 30
0.0
 41
1.0
 10
210.3190781793662
 20
35.37076340099747
 30
0.0
 41
1.0
 10
210.4891808269638
 20
35.33692788066629
 30
0.0
 41
1.0
 10
210.6593504290333
 20
35.33692788066627
 30
0.0
 41
1.0
  0
SPLINE
  5
2B4
330
1F
100
AcDbEntity
  8
0
  6
Continuous
 62
     7
370
    50
100
AcDbSpline
210
0.0
220
0.0
230
1.0
 70
    15
 71
     3
 72
    38
 73
    34
 74
     0
 42
0.000000001
 43
0.1
 40
0.0
 40
0.0
 40
0.0
 40
0.0
 40
0.5096734125119686
 40
0.5096734125119686
 40
1.019346825023937
 40
1.019346825023937
 40
1.529020237535906
 40
1.529020237535906
 40
2.038693650047875
 40
2.038693650047875
 40
2.548367062559843
 40
2.548367062559843
 40
3.058040475071812
 40
3.058040475071812
 40
3.56771388758378
 40
3.56771388758378
 40
4.077387300095749
 40
4.077387300095749
 40
4.587060712607718
 40
4.587060712607718
 40
5.096734125119687
 40
5.096734125119687
 40
5.606407537631655
 40
5.606407537631655
 40
6.116080950143624
 40
6.116080950143624
 40
6.625754362655592
 40
6.625754362655592
 40
7.13542777516756
 40
7.13542777516756
 40
7.645101187679529
 40
7.645101187679529
 40
8.154774600191498
 40
8.154774600191498
 40
8.154774600191498
 40
8.154774600191498
 10
181.6593504290333
 20
35.33692788066627
 30
0.0
 41
1.0
 10
181.8295200311027
 20
35.33692788066627
 30
0.0
 41
1.0
 10
181.9996226787003
 20
35.37076340099748
 30
0.0
 41
1.0
 10
182.3140551035155
 20
35.50100557580576
 30
0.0
 41
1.0
 10
182.4582611650007
 20
35.59736098554865
 30
0.0
 41
1.0
 10
182.698917324151
 20
35.83801714469889
 30
0.0
 41
1.0
 10
182.7952727338939
 20
35.98222320618412
 30
0.0
 41
1.0
 10
182.9255149087021
 20
36.29665563099922
 30
0.0
 41
1.0
 10
182.9593504290333
 20
36.46675827859683
 30
0.0
 41
1.0
 10
182.9593504290333
 20
36.80709748273573
 30
0.0
 41
1.0
 10
182.9255149087021
 20
36.97720013033335
 30
0.0
 41
1.0
 10
182.7952727338939
 20
37.29163255514846
 30
0.0
 41
1.0
 10
182.698917324151
 20
37.43583861663368
 30
0.0
 41
1.0
 10
182.4582611650007
 20
37.67649477578392
 30
0.0
 41
1.0
 10
182.3140551035155
 20
37.77285018552684
 30
0.0
 41
1.0
 10
181.9996226787003
 20
37.90309236033509
 30
0.0
 41
1.0
 10
181.8295200311027
 20
37.93692788066628
 30
0.0
 41
1.0
 10
181.4891808269638
 20
37.93692788066628
 30
0.0
 41
1.0
 10
181.3190781793662
 20
37.90309236033509
 30
0.0
 41
1.0
 10
181.0046457545511
 20
37.77285018552683
 30
0.0
 41
1.0
 10
180.8604396930659
 20
37.67649477578392
 30
0.0
 41
1.0
 10
180.6197835339157
 20
37.43583861663367
 30
0.0
 41
1.0
 10
180.5234281241728
 20
37.29163255514846
 30
0.0
 41
1.0
 10
180.3931859493645
 20
36.97720013033335
 30
0.0
 41
1.0
 10
180.3593504290333
 20
36.80709748273573
 30
0.0
 41
1.0
 10
180.3593504290333
 20
36.46675827859683
 30
0.0
 41
1.0
 10
180.3931859493645
 20
36.29665563099922
 30
0.0
 41
1.0
 10
180.5234281241728
 20
35.98222320618412
 30
0.0
 41
1.0
 10
180.6197835339157
 20
35.8380171446989
 30
0.0
 41
1.0
 10
180.8604396930659
 20
35.59736098554867
 30
0.0
 41
1.0
 10
181.0046457545511
 20
35.50100557580576
 30
0.0
 41
1.0
 10
181.3190781793663
 20
35.37076340099747
 30
0.0
 41
1.0
 10
181.4891808269638
 20
35.33692788066629
 30
0.0
 41
1.0
 10
181.6593504290333
 20
35.33692788066627
 30
0.0
 41
1.0
  0
SPLINE
  5
2B5
330
1F
100
AcDbEntity
  8
0
  6
Continuous
 62
     7
370
    50
100
AcDbSpline
210
0.0
220
0.0
230
1.0
 70
    12
 71
     3
 72
     8
 73
     4
 74
     0
 42
0.000000001
 43
0.1
 40
0.0
 40
0.0
 40
0.0
 40
0.0
 40
0.4679885942651626
 40
0.4679885942651626
 40
0.4679885942651626
 40
0.4679885942651626
 10
171.7093504290333
 20
35.38839974324244
 30
0.0
 41
1.0
 10
171.7093504290333
 20
35.54547937592194
 30
0.0
 41
1.0
 10
171.7740142868674
 20
35.7015917385004
 30
0.0
 41
1.0
 10
171.8850863603214
 20
35.81266381195437
 30
0.0
 41
1.0
  0
SPLINE
  5
2B6
330
1F
100
AcDbEntity
  8
0
  6
Continuous
 62
     7
370
    50
100
AcDbSpline
210
0.0
220
0.0
230
1.0
 70
    12
 71
     3
 72
     8
 73
     4
 74
     0
 42
0.000000001
 43
0.1
 40
0.0
 40
0.0
 40
0.0
 40
0.0
 40
0.4679885942651413
 40
0.4679885942651413
 40
0.4679885942651413
 40
0.4679885942651413
 10
220.4336144977452
 20
35.81266381195439
 30
0.0
 41
1.0
 10
220.5446865711992
 20
35.70159173850042
 30
0.0
 41
1.0
 10
220.6093504290333
 20
35.54547937592195
 30
0.0
 41
1.0
 10
220.6093504290333
 20
35.38839974324245
 30
0.0
 41
1.0
  0
SPLINE
  5
2B7
330
1F
100
AcDbEntity
  8
0
  6
Continuous
 62
     7
370
    50
100
AcDbSpline
210
0.0
220
0.0
230
1.0
 70
    15
 71
     3
 72
    38
 73
    34
 74
     0
 42
0.000000001
 43
0.1
 40
0.0
 40
0.0
 40
0.0
 40
0.0
 40
0.5096734125119659
 40
0.5096734125119659
 40
1.019346825023932
 40
1.019346825023932
 40
1.529020237535898
 40
1.529020237535898
 40
2.038693650047863
 40
2.038693650047863
 40
2.548367062559829
 40
2.548367062559829
 40
3.058040475071795
 40
3.058040475071795
 40
3.567713887583761
 40
3.567713887583761
 40
4.077387300095727
 40
4.077387300095727
 40
4.587060712607693
 40
4.587060712607693
 40
5.096734125119658
 40
5.096734125119658
 40
5.606407537631624
 40
5.606407537631624
 40
6.116080950143591
 40
6.116080950143591
 40
6.625754362655556
 40
6.625754362655556
 40
7.135427775167522
 40
7.135427775167522
 40
7.645101187679487
 40
7.645101187679487
 40
8.154774600191454
 40
8.154774600191454
 40
8.154774600191454
 40
8.154774600191454
 10
215.5093504290333
 20
32.33692788066629
 30
0.0
 41
1.0
 10
215.6795200311028
 20
32.33692788066629
 30
0.0
 41
1.0
 10
215.8496226787004
 20
32.37076340099748
 30
0.0
 41
1.0
 10
216.1640551035155
 20
32.50100557580574
 30
0.0
 41
1.0
 10
216.3082611650007
 20
32.59736098554867
 30
0.0
 41
1.0
 10
216.5489173241509
 20
32.8380171446989
 30
0.0
 41
1.0
 10
216.6452727338938
 20
32.98222320618412
 30
0.0
 41
1.0
 10
216.7755149087021
 20
33.29665563099922
 30
0.0
 41
1.0
 10
216.8093504290333
 20
33.46675827859685
 30
0.0
 41
1.0
 10
216.8093504290333
 20
33.80709748273575
 30
0.0
 41
1.0
 10
216.7755149087021
 20
33.97720013033335
 30
0.0
 41
1.0
 10
216.6452727338938
 20
34.29163255514846
 30
0.0
 41
1.0
 10
216.5489173241509
 20
34.43583861663368
 30
0.0
 41
1.0
 10
216.3082611650007
 20
34.67649477578392
 30
0.0
 41
1.0
 10
216.1640551035155
 20
34.77285018552683
 30
0.0
 41
1.0
 10
215.8496226787004
 20
34.90309236033509
 30
0.0
 41
1.0
 10
215.6795200311028
 20
34.93692788066628
 30
0.0
 41
1.0
 10
215.3391808269639
 20
34.93692788066628
 30
0.0
 41
1.0
 10
215.1690781793662
 20
34.9030923603351
 30
0.0
 41
1.0
 10
214.8546457545511
 20
34.77285018552683
 30
0.0
 41
1.0
 10
214.7104396930659
 20
34.67649477578393
 30
0.0
 41
1.0
 10
214.4697835339156
 20
34.43583861663368
 30
0.0
 41
1.0
 10
214.3734281241728
 20
34.29163255514846
 30
0.0
 41
1.0
 10
214.2431859493645
 20
33.97720013033335
 30
0.0
 41
1.0
 10
214.2093504290333
 20
33.80709748273573
 30
0.0
 41
1.0
 10
214.2093504290333
 20
33.46675827859683
 30
0.0
 41
1.0
 10
214.2431859493645
 20
33.29665563099923
 30
0.0
 41
1.0
 10
214.3734281241728
 20
32.98222320618411
 30
0.0
 41
1.0
 10
214.4697835339156
 20
32.8380171446989
 30
0.0
 41
1.0
 10
214.7104396930659
 20
32.59736098554867
 30
0.0
 41
1.0
 10
214.8546457545511
 20
32.50100557580576
 30
0.0
 41
1.0
 10
215.1690781793662
 20
32.37076340099748
 30
0.0
 41
1.0
 10
215.3391808269639
 20
32.33692788066629
 30
0.0
 41
1.0
 10
215.5093504290333
 20
32.33692788066629
 30
0.0
 41
1.0
  0
SPLINE
  5
2B8
330
1F
100
AcDbEntity
  8
0
  6
Continuous
 62
     7
370
    50
100
AcDbSpline
210
0.0
220
0.0
230
1.0
 70
    15
 71
     3
 72
    38
 73
    34
 74
     0
 42
0.000000001
 43
0.1
 40
0.0
 40
0.0
 40
0.0
 40
0.0
 40
0.5096734125119652
 40
0.5096734125119652
 40
1.01934682502393
 40
1.01934682502393
 40
1.529020237535895
 40
1.529020237535895
 40
2.038693650047861
 40
2.038693650047861
 40
2.548367062559826
 40
2.548367062559826
 40
3.058040475071791
 40
3.058040475071791
 40
3.567713887583756
 40
3.567713887583756
 40
4.077387300095721
 40
4.077387300095721
 40
4.587060712607687
 40
4.587060712607687
 40
5.096734125119652
 40
5.096734125119652
 40
5.606407537631617
 40
5.606407537631617
 40
6.116080950143582
 40
6.116080950143582
 40
6.625754362655547
 40
6.625754362655547
 40
7.135427775167512
 40
7.135427775167512
 40
7.645101187679478
 40
7.645101187679478
 40
8.154774600191443
 40
8.154774600191443
 40
8.154774600191443
 40
8.154774600191443
 10
176.8093504290333
 20
32.33692788066629
 30
0.0
 41
1.0
 10
176.9795200311028
 20
32.33692788066629
 30
0.0
 41
1.0
 10
177.1496226787004
 20
32.37076340099748
 30
0.0
 41
1.0
 10
177.4640551035155
 20
32.50100557580574
 30
0.0
 41
1.0
 10
177.6082611650007
 20
32.59736098554867
 30
0.0
 41
1.0
 10
177.8489173241509
 20
32.8380171446989
 30
0.0
 41
1.0
 10
177.9452727338938
 20
32.98222320618412
 30
0.0
 41
1.0
 10
178.0755149087021
 20
33.29665563099922
 30
0.0
 41
1.0
 10
178.1093504290333
 20
33.46675827859685
 30
0.0
 41
1.0
 10
178.1093504290333
 20
33.80709748273575
 30
0.0
 41
1.0
 10
178.0755149087021
 20
33.97720013033335
 30
0.0
 41
1.0
 10
177.9452727338938
 20
34.29163255514846
 30
0.0
 41
1.0
 10
177.8489173241509
 20
34.43583861663368
 30
0.0
 41
1.0
 10
177.6082611650007
 20
34.67649477578392
 30
0.0
 41
1.0
 10
177.4640551035155
 20
34.77285018552683
 30
0.0
 41
1.0
 10
177.1496226787004
 20
34.90309236033509
 30
0.0
 41
1.0
 10
176.9795200311028
 20
34.93692788066628
 30
0.0
 41
1.0
 10
176.6391808269639
 20
34.93692788066628
 30
0.0
 41
1.0
 10
176.4690781793662
 20
34.9030923603351
 30
0.0
 41
1.0
 10
176.1546457545511
 20
34.77285018552683
 30
0.0
 41
1.0
 10
176.0104396930659
 20
34.67649477578393
 30
0.0
 41
1.0
 10
175.7697835339157
 20
34.43583861663368
 30
0.0
 41
1.0
 10
175.6734281241727
 20
34.29163255514846
 30
0.0
 41
1.0
 10
175.5431859493645
 20
33.97720013033335
 30
0.0
 41
1.0
 10
175.5093504290333
 20
33.80709748273573
 30
0.0
 41
1.0
 10
175.5093504290333
 20
33.46675827859683
 30
0.0
 41
1.0
 10
175.5431859493645
 20
33.29665563099923
 30
0.0
 41
1.0
 10
175.6734281241727
 20
32.98222320618411
 30
0.0
 41
1.0
 10
175.7697835339156
 20
32.8380171446989
 30
0.0
 41
1.0
 10
176.0104396930659
 20
32.59736098554867
 30
0.0
 41
1.0
 10
176.1546457545511
 20
32.50100557580576
 30
0.0
 41
1.0
 10
176.4690781793662
 20
32.37076340099748
 30
0.0
 41
1.0
 10
176.6391808269639
 20
32.33692788066629
 30
0.0
 41
1.0
 10
176.8093504290333
 20
32.33692788066629
 30
0.0
 41
1.0
  0
SPLINE
  5
2B9
330
1F
100
AcDbEntity
  8
0
  6
Continuous
 62
     7
370
    50
100
AcDbSpline
210
0.0
220
0.0
230
1.0
 70
    12
 71
     3
 72
     8
 73
     4
 74
     0
 42
0.000000001
 43
0.1
 40
0.0
 40
0.0
 40
0.0
 40
0.0
 40
0.4679885942651418
 40
0.4679885942651418
 40
0.4679885942651418
 40
0.4679885942651418
 10
220.6093504290333
 20
31.88545601809016
 30
0.0
 41
1.0
 10
220.6093504290333
 20
31.72837638541066
 30
0.0
 41
1.0
 10
220.5446865711992
 20
31.57226402283218
 30
0.0
 41
1.0
 10
220.4336144977452
 20
31.46119194937822
 30
0.0
 41
1.0
  0
SPLINE
  5
2BA
330
1F
100
AcDbEntity
  8
0
  6
Continuous
 62
     7
370
    50
100
AcDbSpline
210
0.0
220
0.0
230
1.0
 70
    12
 71
     3
 72
     8
 73
     4
 74
     0
 42
0.000000001
 43
0.1
 40
0.0
 40
0.0
 40
0.0
 40
0.0
 40
0.4679885942651631
 40
0.4679885942651631
 40
0.4679885942651631
 40
0.4679885942651631
 10
171.8850863603214
 20
31.46119194937822
 30
0.0
 41
1.0
 10
171.7740142868674
 20
31.57226402283218
 30
0.0
 41
1.0
 10
171.7093504290333
 20
31.72837638541066
 30
0.0
 41
1.0
 10
171.7093504290333
 20
31.88545601809016
 30
0.0
 41
1.0
  0
SPLINE
  5
2BB
330
1F
100
AcDbEntity
  8
0
  6
Continuous
 62
     7
370
    50
100
AcDbSpline
210
0.0
220
0.0
230
1.0
 70
    12
 71
     3
 72
    14
 73
    10
 74
     0
 42
0.000000001
 43
0.1
 40
0.0
 40
0.0
 40
0.0
 40
0.0
 40
0.7841129423261036
 40
0.7841129423261036
 40
1.568225884652207
 40
1.568225884652207
 40
2.352338826978311
 40
2.352338826978311
 40
3.136451769304414
 40
3.136451769304414
 40
3.136451769304414
 40
3.136451769304414
 10
199.1593504290333
 20
10.38692788066629
 30
0.0
 41
1.0
 10
199.4211498168324
 20
10.38692788066629
 30
0.0
 41
1.0
 10
199.6828461977519
 20
10.43898252732965
 30
0.0
 41
1.0
 10
200.1665883897751
 20
10.63935510395777
 30
0.0
 41
1.0
 10
200.3884438689831
 20
10.78759419586993
 30
0.0
 41
1.0
 10
200.7586841138296
 20
11.15783444071646
 30
0.0
 41
1.0
 10
200.9069232057418
 20
11.37968991992449
 30
0.0
 41
1.0
 10
201.1072957823699
 20
11.86343211194773
 30
0.0
 41
1.0
 10
201.1593504290333
 20
12.12512849286714
 30
0.0
 41
1.0
 10
201.1593504290333
 20
12.38692788066628
 30
0.0
 41
1.0
  0
SPLINE
  5
2BC
330
1F
100
AcDbEntity
  8
0
  6
Continuous
 62
     7
370
    50
100
AcDbSpline
210
0.0
220
0.0
230
1.0
 70
    12
 71
     3
 72
    14
 73
    10
 74
     0
 42
0.000000001
 43
0.1
 40
0.0
 40
0.0
 40
0.0
 40
0.0
 40
0.7841129423260982
 40
0.7841129423260982
 40
1.568225884652196
 40
1.568225884652196
 40
2.352338826978294
 40
2.352338826978294
 40
3.136451769304393
 40
3.136451769304393
 40
3.136451769304393
 40
3.136451769304393
 10
191.1593504290333
 20
12.38692788066628
 30
0.0
 41
1.0
 10
191.1593504290333
 20
12.12512849286714
 30
0.0
 41
1.0
 10
191.2114050756966
 20
11.86343211194773
 30
0.0
 41
1.0
 10
191.4117776523248
 20
11.37968991992449
 30
0.0
 41
1.0
 10
191.5600167442369
 20
11.15783444071646
 30
0.0
 41
1.0
 10
191.9302569890835
 20
10.78759419586993
 30
0.0
 41
1.0
 10
192.1521124682915
 20
10.63935510395777
 30
0.0
 41
1.0
 10
192.6358546603147
 20
10.43898252732965
 30
0.0
 41
1.0
 10
192.8975510412341
 20
10.38692788066629
 30
0.0
 41
1.0
 10
193.1593504290333
 20
10.38692788066629
 30
0.0
 41
1.0
  0
SPLINE
  5
2BD
330
1F
100
AcDbEntity
  8
0
  6
Continuous
 62
     7
370
    50
100
AcDbSpline
210
0.0
220
0.0
230
1.0
 70
    12
 71
     3
 72
     8
 73
     4
 74
     0
 42
0.000000001
 43
0.1
 40
0.0
 40
0.0
 40
0.0
 40
0.0
 40
0.4679885942651562
 40
0.4679885942651562
 40
0.4679885942651562
 40
0.4679885942651562
 10
171.7093504290333
 20
11.38839974324242
 30
0.0
 41
1.0
 10
171.7093504290333
 20
11.54547937592191
 30
0.0
 41
1.0
 10
171.7740142868674
 20
11.70159173850039
 30
0.0
 41
1.0
 10
171.8850863603214
 20
11.81266381195435
 30
0.0
 41
1.0
  0
SPLINE
  5
2BE
330
1F
100
AcDbEntity
  8
0
  6
Continuous
 62
     7
370
    50
100
AcDbSpline
210
0.0
220
0.0
230
1.0
 70
    12
 71
     3
 72
     8
 73
     4
 74
     0
 42
0.000000001
 43
0.1
 40
0.0
 40
0.0
 40
0.0
 40
0.0
 40
0.4679885942651348
 40
0.4679885942651348
 40
0.4679885942651348
 40
0.4679885942651348
 10
220.4336144977452
 20
11.81266381195435
 30
0.0
 41
1.0
 10
220.5446865711992
 20
11.70159173850039
 30
0.0
 41
1.0
 10
220.6093504290333
 20
11.54547937592191
 30
0.0
 41
1.0
 10
220.6093504290333
 20
11.38839974324242
 30
0.0
 41
1.0
  0
SPLINE
  5
2BF
330
1F
100
AcDbEntity
  8
0
  6
Continuous
 62
     7
370
    50
100
AcDbSpline
210
0.0
220
0.0
230
1.0
 70
    15
 71
     3
 72
    38
 73
    34
 74
     0
 42
0.000000001
 43
0.1
 40
0.0
 40
0.0
 40
0.0
 40
0.0
 40
0.509673412511966
 40
0.509673412511966
 40
1.019346825023932
 40
1.019346825023932
 40
1.529020237535898
 40
1.529020237535898
 40
2.038693650047864
 40
2.038693650047864
 40
2.54836706255983
 40
2.54836706255983
 40
3.058040475071796
 40
3.058040475071796
 40
3.567713887583762
 40
3.567713887583762
 40
4.077387300095728
 40
4.077387300095728
 40
4.587060712607694
 40
4.587060712607694
 40
5.09673412511966
 40
5.09673412511966
 40
5.606407537631625
 40
5.606407537631625
 40
6.116080950143592
 40
6.116080950143592
 40
6.625754362655558
 40
6.625754362655558
 40
7.135427775167523
 40
7.135427775167523
 40
7.645101187679489
 40
7.645101187679489
 40
8.154774600191455
 40
8.154774600191455
 40
8.154774600191455
 40
8.154774600191455
 10
215.5093504290333
 20
8.336927880666295
 30
0.0
 41
1.0
 10
215.6795200311028
 20
8.336927880666295
 30
0.0
 41
1.0
 10
215.8496226787004
 20
8.370763400997483
 30
0.0
 41
1.0
 10
216.1640551035155
 20
8.501005575805749
 30
0.0
 41
1.0
 10
216.3082611650007
 20
8.597360985548654
 30
0.0
 41
1.0
 10
216.5489173241509
 20
8.83801714469891
 30
0.0
 41
1.0
 10
216.6452727338938
 20
8.98222320618411
 30
0.0
 41
1.0
 10
216.7755149087021
 20
9.296655630999233
 30
0.0
 41
1.0
 10
216.8093504290333
 20
9.466758278596835
 30
0.0
 41
1.0
 10
216.8093504290333
 20
9.807097482735742
 30
0.0
 41
1.0
 10
216.7755149087021
 20
9.977200130333351
 30
0.0
 41
1.0
 10
216.6452727338938
 20
10.29163255514845
 30
0.0
 41
1.0
 10
216.5489173241509
 20
10.43583861663367
 30
0.0
 41
1.0
 10
216.3082611650007
 20
10.67649477578392
 30
0.0
 41
1.0
 10
216.1640551035155
 20
10.77285018552682
 30
0.0
 41
1.0
 10
215.8496226787004
 20
10.90309236033509
 30
0.0
 41
1.0
 10
215.6795200311028
 20
10.93692788066629
 30
0.0
 41
1.0
 10
215.3391808269639
 20
10.93692788066629
 30
0.0
 41
1.0
 10
215.1690781793662
 20
10.90309236033509
 30
0.0
 41
1.0
 10
214.8546457545511
 20
10.77285018552682
 30
0.0
 41
1.0
 10
214.7104396930659
 20
10.67649477578392
 30
0.0
 41
1.0
 10
214.4697835339156
 20
10.43583861663367
 30
0.0
 41
1.0
 10
214.3734281241728
 20
10.29163255514845
 30
0.0
 41
1.0
 10
214.2431859493645
 20
9.977200130333365
 30
0.0
 41
1.0
 10
214.2093504290333
 20
9.807097482735742
 30
0.0
 41
1.0
 10
214.2093504290333
 20
9.466758278596835
 30
0.0
 41
1.0
 10
214.2431859493645
 20
9.296655630999219
 30
0.0
 41
1.0
 10
214.3734281241728
 20
8.982223206184123
 30
0.0
 41
1.0
 10
214.4697835339156
 20
8.838017144698902
 30
0.0
 41
1.0
 10
214.7104396930659
 20
8.597360985548661
 30
0.0
 41
1.0
 10
214.8546457545511
 20
8.501005575805749
 30
0.0
 41
1.0
 10
215.1690781793662
 20
8.370763400997483
 30
0.0
 41
1.0
 10
215.3391808269639
 20
8.336927880666295
 30
0.0
 41
1.0
 10
215.5093504290333
 20
8.336927880666295
 30
0.0
 41
1.0
  0
SPLINE
  5
2C0
330
1F
100
AcDbEntity
  8
0
  6
Continuous
 62
     7
370
    50
100
AcDbSpline
210
0.0
220
0.0
230
1.0
 70
    15
 71
     3
 72
    38
 73
    34
 74
     0
 42
0.000000001
 43
0.1
 40
0.0
 40
0.0
 40
0.0
 40
0.0
 40
0.5096734125119652
 40
0.5096734125119652
 40
1.01934682502393
 40
1.01934682502393
 40
1.529020237535895
 40
1.529020237535895
 40
2.038693650047861
 40
2.038693650047861
 40
2.548367062559826
 40
2.548367062559826
 40
3.058040475071791
 40
3.058040475071791
 40
3.567713887583756
 40
3.567713887583756
 40
4.077387300095721
 40
4.077387300095721
 40
4.587060712607687
 40
4.587060712607687
 40
5.096734125119652
 40
5.096734125119652
 40
5.606407537631617
 40
5.606407537631617
 40
6.116080950143582
 40
6.116080950143582
 40
6.625754362655547
 40
6.625754362655547
 40
7.135427775167512
 40
7.135427775167512
 40
7.645101187679478
 40
7.645101187679478
 40
8.154774600191443
 40
8.154774600191443
 40
8.154774600191443
 40
8.154774600191443
 10
176.8093504290333
 20
8.336927880666295
 30
0.0
 41
1.0
 10
176.9795200311028
 20
8.336927880666295
 30
0.0
 41
1.0
 10
177.1496226787004
 20
8.370763400997483
 30
0.0
 41
1.0
 10
177.4640551035155
 20
8.501005575805749
 30
0.0
 41
1.0
 10
177.6082611650007
 20
8.597360985548654
 30
0.0
 41
1.0
 10
177.8489173241509
 20
8.83801714469891
 30
0.0
 41
1.0
 10
177.9452727338938
 20
8.98222320618411
 30
0.0
 41
1.0
 10
178.0755149087021
 20
9.296655630999233
 30
0.0
 41
1.0
 10
178.1093504290333
 20
9.466758278596835
 30
0.0
 41
1.0
 10
178.1093504290333
 20
9.807097482735742
 30
0.0
 41
1.0
 10
178.0755149087021
 20
9.977200130333351
 30
0.0
 41
1.0
 10
177.9452727338938
 20
10.29163255514845
 30
0.0
 41
1.0
 10
177.8489173241509
 20
10.43583861663367
 30
0.0
 41
1.0
 10
177.6082611650007
 20
10.67649477578392
 30
0.0
 41
1.0
 10
177.4640551035155
 20
10.77285018552682
 30
0.0
 41
1.0
 10
177.1496226787004
 20
10.90309236033509
 30
0.0
 41
1.0
 10
176.9795200311028
 20
10.93692788066629
 30
0.0
 41
1.0
 10
176.6391808269639
 20
10.93692788066629
 30
0.0
 41
1.0
 10
176.4690781793662
 20
10.90309236033509
 30
0.0
 41
1.0
 10
176.1546457545511
 20
10.77285018552682
 30
0.0
 41
1.0
 10
176.0104396930659
 20
10.67649477578392
 30
0.0
 41
1.0
 10
175.7697835339157
 20
10.43583861663367
 30
0.0
 41
1.0
 10
175.6734281241727
 20
10.29163255514845
 30
0.0
 41
1.0
 10
175.5431859493645
 20
9.977200130333365
 30
0.0
 41
1.0
 10
175.5093504290333
 20
9.807097482735742
 30
0.0
 41
1.0
 10
175.5093504290333
 20
9.466758278596835
 30
0.0
 41
1.0
 10
175.5431859493645
 20
9.296655630999219
 30
0.0
 41
1.0
 10
175.6734281241727
 20
8.982223206184123
 30
0.0
 41
1.0
 10
175.7697835339156
 20
8.838017144698902
 30
0.0
 41
1.0
 10
176.0104396930659
 20
8.597360985548661
 30
0.0
 41
1.0
 10
176.1546457545511
 20
8.501005575805749
 30
0.0
 41
1.0
 10
176.4690781793662
 20
8.370763400997483
 30
0.0
 41
1.0
 10
176.6391808269639
 20
8.336927880666295
 30
0.0
 41
1.0
 10
176.8093504290333
 20
8.336927880666295
 30
0.0
 41
1.0
  0
SPLINE
  5
2C1
330
1F
100
AcDbEntity
  8
0
  6
Continuous
 62
     7
370
    50
100
AcDbSpline
210
0.0
220
0.0
230
1.0
 70
    15
 71
     3
 72
    38
 73
    34
 74
     0
 42
0.000000001
 43
0.1
 40
0.0
 40
0.0
 40
0.0
 40
0.0
 40
0.5096734125119659
 40
0.5096734125119659
 40
1.019346825023932
 40
1.019346825023932
 40
1.529020237535898
 40
1.529020237535898
 40
2.038693650047863
 40
2.038693650047863
 40
2.548367062559829
 40
2.548367062559829
 40
3.058040475071795
 40
3.058040475071795
 40
3.567713887583761
 40
3.567713887583761
 40
4.077387300095727
 40
4.077387300095727
 40
4.587060712607693
 40
4.587060712607693
 40
5.096734125119658
 40
5.096734125119658
 40
5.606407537631624
 40
5.606407537631624
 40
6.116080950143591
 40
6.116080950143591
 40
6.625754362655556
 40
6.625754362655556
 40
7.135427775167522
 40
7.135427775167522
 40
7.645101187679487
 40
7.645101187679487
 40
8.154774600191454
 40
8.154774600191454
 40
8.154774600191454
 40
8.154774600191454
 10
210.6593504290333
 20
5.336927880666295
 30
0.0
 41
1.0
 10
210.8295200311027
 20
5.336927880666295
 30
0.0
 41
1.0
 10
210.9996226787003
 20
5.370763400997483
 30
0.0
 41
1.0
 10
211.3140551035154
 20
5.501005575805749
 30
0.0
 41
1.0
 10
211.4582611650007
 20
5.597360985548661
 30
0.0
 41
1.0
 10
211.6989173241509
 20
5.838017144698902
 30
0.0
 41
1.0
 10
211.7952727338938
 20
5.982223206184109
 30
0.0
 41
1.0
 10
211.9255149087021
 20
6.296655630999233
 30
0.0
 41
1.0
 10
211.9593504290333
 20
6.466758278596842
 30
0.0
 41
1.0
 10
211.9593504290333
 20
6.807097482735742
 30
0.0
 41
1.0
 10
211.9255149087021
 20
6.977200130333351
 30
0.0
 41
1.0
 10
211.7952727338938
 20
7.29163255514846
 30
0.0
 41
1.0
 10
211.698917324151
 20
7.435838616633674
 30
0.0
 41
1.0
 10
211.4582611650007
 20
7.676494775783922
 30
0.0
 41
1.0
 10
211.3140551035154
 20
7.772850185526835
 30
0.0
 41
1.0
 10
210.9996226787003
 20
7.903092360335101
 30
0.0
 41
1.0
 10
210.8295200311027
 20
7.936927880666282
 30
0.0
 41
1.0
 10
210.4891808269638
 20
7.936927880666289
 30
0.0
 41
1.0
 10
210.3190781793662
 20
7.903092360335101
 30
0.0
 41
1.0
 10
210.0046457545511
 20
7.772850185526835
 30
0.0
 41
1.0
 10
209.8604396930659
 20
7.676494775783929
 30
0.0
 41
1.0
 10
209.6197835339157
 20
7.435838616633674
 30
0.0
 41
1.0
 10
209.5234281241728
 20
7.29163255514846
 30
0.0
 41
1.0
 10
209.3931859493645
 20
6.977200130333365
 30
0.0
 41
1.0
 10
209.3593504290333
 20
6.807097482735742
 30
0.0
 41
1.0
 10
209.3593504290333
 20
6.466758278596842
 30
0.0
 41
1.0
 10
209.3931859493645
 20
6.296655630999219
 30
0.0
 41
1.0
 10
209.5234281241728
 20
5.982223206184109
 30
0.0
 41
1.0
 10
209.6197835339157
 20
5.838017144698902
 30
0.0
 41
1.0
 10
209.8604396930659
 20
5.597360985548669
 30
0.0
 41
1.0
 10
210.0046457545511
 20
5.501005575805749
 30
0.0
 41
1.0
 10
210.3190781793662
 20
5.370763400997483
 30
0.0
 41
1.0
 10
210.4891808269638
 20
5.336927880666295
 30
0.0
 41
1.0
 10
210.6593504290333
 20
5.336927880666295
 30
0.0
 41
1.0
  0
SPLINE
  5
2C2
330
1F
100
AcDbEntity
  8
0
  6
Continuous
 62
     7
370
    50
100
AcDbSpline
210
0.0
220
0.0
230
1.0
 70
    15
 71
     3
 72
    38
 73
    34
 74
     0
 42
0.000000001
 43
0.1
 40
0.0
 40
0.0
 40
0.0
 40
0.0
 40
0.5096734125119686
 40
0.5096734125119686
 40
1.019346825023937
 40
1.019346825023937
 40
1.529020237535906
 40
1.529020237535906
 40
2.038693650047875
 40
2.038693650047875
 40
2.548367062559843
 40
2.548367062559843
 40
3.058040475071812
 40
3.058040475071812
 40
3.56771388758378
 40
3.56771388758378
 40
4.077387300095749
 40
4.077387300095749
 40
4.587060712607718
 40
4.587060712607718
 40
5.096734125119687
 40
5.096734125119687
 40
5.606407537631655
 40
5.606407537631655
 40
6.116080950143624
 40
6.116080950143624
 40
6.625754362655592
 40
6.625754362655592
 40
7.13542777516756
 40
7.13542777516756
 40
7.645101187679529
 40
7.645101187679529
 40
8.154774600191498
 40
8.154774600191498
 40
8.154774600191498
 40
8.154774600191498
 10
181.6593504290333
 20
5.336927880666295
 30
0.0
 41
1.0
 10
181.8295200311027
 20
5.336927880666295
 30
0.0
 41
1.0
 10
181.9996226787003
 20
5.370763400997483
 30
0.0
 41
1.0
 10
182.3140551035155
 20
5.501005575805749
 30
0.0
 41
1.0
 10
182.4582611650007
 20
5.597360985548661
 30
0.0
 41
1.0
 10
182.698917324151
 20
5.838017144698902
 30
0.0
 41
1.0
 10
182.7952727338939
 20
5.982223206184109
 30
0.0
 41
1.0
 10
182.9255149087021
 20
6.296655630999233
 30
0.0
 41
1.0
 10
182.9593504290333
 20
6.466758278596842
 30
0.0
 41
1.0
 10
182.9593504290333
 20
6.807097482735742
 30
0.0
 41
1.0
 10
182.9255149087021
 20
6.977200130333351
 30
0.0
 41
1.0
 10
182.7952727338939
 20
7.29163255514846
 30
0.0
 41
1.0
 10
182.698917324151
 20
7.435838616633674
 30
0.0
 41
1.0
 10
182.4582611650007
 20
7.676494775783922
 30
0.0
 41
1.0
 10
182.3140551035155
 20
7.772850185526835
 30
0.0
 41
1.0
 10
181.9996226787003
 20
7.903092360335101
 30
0.0
 41
1.0
 10
181.8295200311027
 20
7.936927880666282
 30
0.0
 41
1.0
 10
181.4891808269638
 20
7.936927880666289
 30
0.0
 41
1.0
 10
181.3190781793662
 20
7.903092360335101
 30
0.0
 41
1.0
 10
181.0046457545511
 20
7.772850185526835
 30
0.0
 41
1.0
 10
180.8604396930659
 20
7.676494775783929
 30
0.0
 41
1.0
 10
180.6197835339157
 20
7.435838616633674
 30
0.0
 41
1.0
 10
180.5234281241728
 20
7.29163255514846
 30
0.0
 41
1.0
 10
180.3931859493645
 20
6.977200130333365
 30
0.0
 41
1.0
 10
180.3593504290333
 20
6.807097482735742
 30
0.0
 41
1.0
 10
180.3593504290333
 20
6.466758278596842
 30
0.0
 41
1.0
 10
180.3931859493645
 20
6.296655630999219
 30
0.0
 41
1.0
 10
180.5234281241728
 20
5.982223206184109
 30
0.0
 41
1.0
 10
180.6197835339157
 20
5.838017144698902
 30
0.0
 41
1.0
 10
180.8604396930659
 20
5.597360985548669
 30
0.0
 41
1.0
 10
181.0046457545511
 20
5.501005575805749
 30
0.0
 41
1.0
 10
181.3190781793663
 20
5.370763400997483
 30
0.0
 41
1.0
 10
181.4891808269638
 20
5.336927880666295
 30
0.0
 41
1.0
 10
181.6593504290333
 20
5.336927880666295
 30
0.0
 41
1.0
  0
SPLINE
  5
2C3
330
1F
100
AcDbEntity
  8
0
  6
Continuous
 62
     7
370
    50
100
AcDbSpline
210
0.0
220
0.0
230
1.0
 70
    12
 71
     3
 72
     8
 73
     4
 74
     0
 42
0.000000001
 43
0.1
 40
0.0
 40
0.0
 40
0.0
 40
0.0
 40
0.4679885942651626
 40
0.4679885942651626
 40
0.4679885942651626
 40
0.4679885942651626
 10
171.8850863603214
 20
7.46119194937819
 30
0.0
 41
1.0
 10
171.7740142868674
 20
7.572264022832151
 30
0.0
 41
1.0
 10
171.7093504290333
 20
7.728376385410634
 30
0.0
 41
1.0
 10
171.7093504290333
 20
7.885456018090125
 30
0.0
 41
1.0
  0
SPLINE
  5
2C4
330
1F
100
AcDbEntity
  8
0
  6
Continuous
 62
     7
370
    50
100
AcDbSpline
210
0.0
220
0.0
230
1.0
 70
    12
 71
     3
 72
     8
 73
     4
 74
     0
 42
0.000000001
 43
0.1
 40
0.0
 40
0.0
 40
0.0
 40
0.0
 40
0.4679885942651413
 40
0.4679885942651413
 40
0.4679885942651413
 40
0.4679885942651413
 10
220.6093504290333
 20
7.885456018090125
 30
0.0
 41
1.0
 10
220.6093504290333
 20
7.728376385410634
 30
0.0
 41
1.0
 10
220.5446865711992
 20
7.572264022832151
 30
0.0
 41
1.0
 10
220.4336144977452
 20
7.46119194937819
 30
0.0
 41
1.0
  0
DIMENSION
  5
2CE
330
1F
100
AcDbEntity
  8
尺寸线层
100
AcDbDimension
280
     0
  2
*X25
 10
201.1593503172673
 20
26.60138098111132
 30
0.0
 11
196.1593509290173
 21
28.46939774088786
 31
0.0
 70
   160
 71
     5
 42
-1.0
 73
     0
 74
     0
 75
     0
  3
GB_尺寸
100
AcDbAlignedDimension
 13
191.1593505407673
 23
29.50816920312693
 33
0.0
 14
201.1593503172673
 24
24.99467176769125
 34
0.0
 50
-0.0000000000000611
100
AcDbRotatedDimension
1001
CX_DbAnnotate_TxtLocPara
1041
0.0
1001
CX_DbAnnotate_SimDimOriTxt
1070
     0
1001
CAXA_DRAFT_DIMARROWREVERSE
1070
     0
1001
ACAD
1000
DSTYLE
1002
{
1070
    69
1070
     1
1070
   284
1070
     0
1070
   173
1070
     1
1002
}
1001
CAXA_DRAFT_DIMARCLENSTYLE
1070
     1
1001
CAXA_DRAFT_DDTSTY_2011R3
1070
     0
1001
ACAD_DSTYLE_DIMINSPECT
1070
   396
1000

1070
   395
1000

1070
   394
1070
     0
1070
   393
1070
     0
1001
CX_DBDIM_TXTFRAME
1070
     0
1070
     0
1001
CDRAFT_DIM_STD_REV_NAME
1000
GB
1000
*DIMSTD
1000

  0
DIMENSION
  5
2D8
330
1F
100
AcDbEntity
  8
尺寸线层
100
AcDbDimension
280
     0
  2
*X26
 10
206.6154556658498
 20
10.38692743367227
 30
0.0
 11
204.7544221462967
 21
21.63692738067227
 31
0.0
 70
   160
 71
     5
 42
-1.0
 73
     0
 74
     0
 75
     0
  3
GB_尺寸
100
AcDbAlignedDimension
 13
199.1593504550673
 23
32.88692832767227
 33
0.0
 14
199.1593504550673
 24
10.38692743367227
 34
0.0
 50
270.0
100
AcDbRotatedDimension
1001
CX_DbAnnotate_TxtLocPara
1041
0.0
1001
CX_DbAnnotate_SimDimOriTxt
1070
     0
1001
CAXA_DRAFT_DIMARROWREVERSE
1070
     0
1001
ACAD
1000
DSTYLE
1002
{
1070
    69
1070
     1
1070
   284
1070
     0
1070
   173
1070
     1
1002
}
1001
CAXA_DRAFT_DIMARCLENSTYLE
1070
     1
1001
CAXA_DRAFT_DDTSTY_2011R3
1070
     0
1001
ACAD_DSTYLE_DIMINSPECT
1070
   396
1000

1070
   395
1000

1070
   394
1070
     0
1070
   393
1070
     0
1001
CX_DBDIM_TXTFRAME
1070
     0
1070
     0
1001
CDRAFT_DIM_STD_REV_NAME
1000
GB
1000
*DIMSTD
1000

  0
DIMENSION
  5
2E2
330
1F
100
AcDbEntity
  8
尺寸线层
100
AcDbDimension
280
     0
  2
*X27
 10
210.6768595108838
 20
37.50803553748717
 30
0.0
 11
196.1718462786193
 21
39.36906905704024
 31
0.0
 70
   160
  1
29
 71
     5
 42
-1.0
 73
     0
 74
     0
 75
     0
  3
GB_尺寸
100
AcDbAlignedDimension
 13
181.6668320463548
 23
36.61541930780934
 33
0.0
 14
210.6768595108838
 24
36.61541930780934
 34
0.0
100
AcDbRotatedDimension
1001
CX_DbAnnotate_TxtLocPara
1041
0.0
1001
CX_DbAnnotate_SimDimOriTxt
1070
     0
1001
CAXA_DRAFT_DIMARROWREVERSE
1070
     0
1001
ACAD
1000
DSTYLE
1002
{
1070
    69
1070
     1
1070
   173
1070
     1
1002
}
1001
CAXA_DRAFT_DIMARCLENSTYLE
1070
     1
1001
CAXA_DRAFT_DDTSTY_2011R3
1070
     0
1001
ACAD_DSTYLE_DIMINSPECT
1070
   396
1000

1070
   395
1000

1070
   394
1070
     0
1070
   393
1070
     0
1001
CX_DBDIM_TXTFRAME
1070
     0
1070
     0
1001
CDRAFT_DIM_STD_REV_NAME
1000
GB
1000
*DIMSTD
1000

  0
DIMENSION
  5
2EC
330
1F
100
AcDbEntity
  8
尺寸线层
100
AcDbDimension
280
     0
  2
*X28
 10
182.9834409851294
 20
6.619794756344401
 30
0.0
 11
181.1224074655763
 21
21.70686815504466
 31
0.0
 70
   160
  1
30
 71
     5
 42
-1.0
 73
     0
 74
     0
 75
     0
  3
GB_尺寸
100
AcDbAlignedDimension
 13
181.6222012348709
 23
36.79394255374491
 33
0.0
 14
181.6222012348709
 24
6.619794756344403
 34
0.0
 50
270.0
100
AcDbRotatedDimension
1001
CX_DbAnnotate_TxtLocPara
1041
0.0
1001
CX_DbAnnotate_SimDimOriTxt
1070
     0
1001
CAXA_DRAFT_DIMARROWREVERSE
1070
     0
1001
ACAD
1000
DSTYLE
1002
{
1070
    69
1070
     1
1070
   173
1070
     1
1002
}
1001
CAXA_DRAFT_DIMARCLENSTYLE
1070
     1
1001
CAXA_DRAFT_DDTSTY_2011R3
1070
     0
1001
ACAD_DSTYLE_DIMINSPECT
1070
   396
1000

1070
   395
1000

1070
   394
1070
     0
1070
   393
1070
     0
1001
CX_DBDIM_TXTFRAME
1070
     0
1070
     0
1001
CDRAFT_DIM_STD_REV_NAME
1000
GB
1000
*DIMSTD
1000

  0
DIMENSION
  5
2F6
330
1F
100
AcDbEntity
  8
尺寸线层
100
AcDbDimension
280
     0
  2
*X29
 10
215.485829448273
 20
1.595109230116372
 30
0.0
 11
196.1718462786192
 21
3.456142749669444
 31
0.0
 70
   160
  1
38.7
 71
     5
 42
-1.0
 73
     0
 74
     0
 75
     0
  3
GB_尺寸
100
AcDbAlignedDimension
 13
176.8578621089655
 23
9.561709079990871
 33
0.0
 14
215.485829448273
 24
9.561709079990871
 34
0.0
100
AcDbRotatedDimension
1001
CX_DbAnnotate_TxtLocPara
1041
0.0
1001
CX_DbAnnotate_SimDimOriTxt
1070
     0
1001
CAXA_DRAFT_DIMARROWREVERSE
1070
     0
1001
ACAD
1000
DSTYLE
1002
{
1070
    69
1070
     1
1070
   173
1070
     1
1002
}
1001
CAXA_DRAFT_DIMARCLENSTYLE
1070
     1
1001
CAXA_DRAFT_DDTSTY_2011R3
1070
     0
1001
ACAD_DSTYLE_DIMINSPECT
1070
   396
1000

1070
   395
1000

1070
   394
1070
     0
1070
   393
1070
     0
1001
CX_DBDIM_TXTFRAME
1070
     0
1070
     0
1001
CDRAFT_DIM_STD_REV_NAME
1000
GB
1000
*DIMSTD
1000

  0
DIMENSION
  5
300
330
1F
100
AcDbEntity
  8
尺寸线层
100
AcDbDimension
280
     0
  2
*X30
 10
171.9038420342536
 20
9.561709079990873
 30
0.0
 11
170.0428085147005
 21
21.61202768064138
 31
0.0
 70
   160
  1
24
 71
     5
 42
-1.0
 73
     0
 74
     0
 75
     0
  3
GB_尺寸
100
AcDbAlignedDimension
 13
176.8578621089655
 23
33.66234728129189
 33
0.0
 14
176.8578621089655
 24
9.561709079990871
 34
0.0
 50
270.0
100
AcDbRotatedDimension
1001
CX_DbAnnotate_TxtLocPara
1041
0.0
1001
CX_DbAnnotate_SimDimOriTxt
1070
     0
1001
CAXA_DRAFT_DIMARROWREVERSE
1070
     0
1001
ACAD
1000
DSTYLE
1002
{
1070
    69
1070
     1
1070
   173
1070
     1
1002
}
1001
CAXA_DRAFT_DIMARCLENSTYLE
1070
     1
1001
CAXA_DRAFT_DDTSTY_2011R3
1070
     0
1001
ACAD_DSTYLE_DIMINSPECT
1070
   396
1000

1070
   395
1000

1070
   394
1070
     0
1070
   393
1070
     0
1001
CX_DBDIM_TXTFRAME
1070
     0
1070
     0
1001
CDRAFT_DIM_STD_REV_NAME
1000
GB
1000
*DIMSTD
1000

  0
ENDSEC
  0
SECTION
  2
OBJECTS
  0
DICTIONARY
  5
C
330
0
100
AcDbDictionary
281
     1
  3
ACAD_DETAILVIEWSTYLE
350
347
  3
ACAD_GROUP
350
D
  3
ACAD_LAYOUT
350
1A
  3
ACAD_MATERIAL
350
43
  3
ACAD_MLEADERSTYLE
350
6B
  3
ACAD_MLINESTYLE
350
17
  3
ACAD_PLOTSETTINGS
350
19
  3
ACAD_PLOTSTYLENAME
350
E
  3
ACAD_SCALELIST
350
47
  3
ACAD_SECTIONVIEWSTYLE
350
348
  3
ACAD_TABLESTYLE
350
69
  3
ACAD_VISUALSTYLE
350
2A
  3
ACAD_WIPEOUT_VARS
350
301
  3
ACDB_RECOMPOSE_DATA
350
344
  3
AcDbVariableDictionary
350
30E
  3
CAXA_DRAFT_BOMSTYLE
350
11D
  3
CAXA_DRAFT_CUTSSTYLE
350
111
  3
CAXA_DRAFT_CUTSSTYLEOVERRIDE
350
115
  3
CAXA_DRAFT_DATATABLE*Model_Space
350
123
  3
CAXA_DRAFT_DATUMSTYLE
350
10B
  3
CAXA_DRAFT_DATUMSTYLEOVERRIDE
350
10F
  3
CAXA_DRAFT_DIMSTYLE_ANGTXTVPOS
350
302
  3
CAXA_DRAFT_DIMSTYLE_ISDISPZEROTOL
350
306
  3
CAXA_DRAFT_DIMSTYLE_ISFILLDFM
350
304
  3
CAXA_DRAFT_DIMSTYLE_SYMBOLCOLOR
350
308
  3
CAXA_DRAFT_DRAFTDATA
350
30A
  3
CAXA_DRAFT_FILEVERSION
350
DF
  3
CAXA_DRAFT_GEOTOLSTYLE
350
105
  3
CAXA_DRAFT_GEOTOLSTYLEOVERRIDE
350
109
  3
CAXA_DRAFT_LEADERSTYLE
350
F6
  3
CAXA_DRAFT_PARTNOSTYLE
350
117
  3
CAXA_DRAFT_PARTNOSTYLEOVERRIDE
350
11B
  3
CAXA_DRAFT_ROUGHSTYLE
350
FF
  3
CAXA_DRAFT_ROUGHSTYLEOVERRIDE
350
103
  3
CAXA_DRAFT_STDDATA
350
30C
  3
CAXA_DRAFT_WELDSTYLE
350
F9
  3
CAXA_DRAFT_WELDSTYLEOVERRIDE
350
FD
  0
SUN
  5
6D
330
29
100
AcDbSun
 90
        1
290
     0
 63
     7
421
 16777215
 40
1.0
291
     1
 91
  2455826
 92
 54000000
292
     0
 70
     2
 71
   256
280
     1
  0
DICTIONARY
  5
347
102
{ACAD_REACTORS
330
C
102
}
330
C
100
AcDbDictionary
281
     1
  0
DICTIONARY
  5
D
102
{ACAD_REACTORS
330
C
102
}
330
C
100
AcDbDictionary
281
     1
  0
DICTIONARY
  5
1A
102
{ACAD_REACTORS
330
C
102
}
330
C
100
AcDbDictionary
281
     1
  3
Layout1
350
1E
  3
Model
350
22
  0
DICTIONARY
  5
43
102
{ACAD_REACTORS
330
C
102
}
330
C
100
AcDbDictionary
281
     1
  3
ByBlock
350
45
  3
ByLayer
350
44
  3
Global
350
46
  0
DICTIONARY
  5
6B
102
{ACAD_REACTORS
330
C
102
}
330
C
100
AcDbDictionary
281
     1
  3
Standard
350
6C
  0
DICTIONARY
  5
17
102
{ACAD_REACTORS
330
C
102
}
330
C
100
AcDbDictionary
281
     1
  3
Standard
350
18
  3
标准
350
121
  0
DICTIONARY
  5
19
102
{ACAD_REACTORS
330
C
102
}
330
C
100
AcDbDictionary
281
     1
  0
ACDBDICTIONARYWDFLT
  5
E
102
{ACAD_REACTORS
330
C
102
}
330
C
100
AcDbDictionary
281
     1
  3
Normal
350
F
100
AcDbDictionaryWithDefault
340
F
  0
DICTIONARY
  5
47
102
{ACAD_REACTORS
330
C
102
}
330
C
100
AcDbDictionary
281
     1
  3
A0
350
48
  3
A1
350
49
  3
A2
350
4A
  3
A3
350
4B
  3
A4
350
4C
  3
A5
350
4D
  3
A6
350
4E
  3
A7
350
4F
  3
A8
350
50
  3
A9
350
51
  3
B0
350
52
  3
B1
350
53
  3
B2
350
54
  3
B3
350
55
  3
B4
350
56
  3
B5
350
57
  3
B6
350
58
  3
B7
350
59
  3
B8
350
5A
  3
B9
350
5B
  3
C0
350
5C
  3
C1
350
5D
  3
C2
350
5E
  3
C3
350
5F
  3
C4
350
60
  3
C5
350
61
  3
C6
350
62
  3
C7
350
63
  3
C8
350
64
  3
C9
350
65
  3
D0
350
66
  3
D1
350
67
  3
D2
350
68
  0
DICTIONARY
  5
348
102
{ACAD_REACTORS
330
C
102
}
330
C
100
AcDbDictionary
281
     1
  0
DICTIONARY
  5
69
102
{ACAD_REACTORS
330
C
102
}
330
C
100
AcDbDictionary
281
     1
  3
Standard
350
6A
  3
标准
350
122
  0
DICTIONARY
  5
2A
102
{ACAD_REACTORS
330
C
102
}
330
C
100
AcDbDictionary
281
     1
  3
2dWireframe
350
2F
  3
Basic
350
32
  3
Brighten
350
36
  3
ColorChange
350
3A
  3
Conceptual
350
34
  3
Dim
350
35
  3
EdgeColorOff
350
3D
  3
Facepattern
350
39
  3
Flat
350
2B
  3
FlatWithEdges
350
2C
  3
Gouraud
350
2D
  3
GouraudWithEdges
350
2E
  3
Hidden
350
31
  3
JitterOff
350
3B
  3
Linepattern
350
38
  3
OverhangOff
350
3C
  3
Realistic
350
33
  3
Shaded
350
42
  3
Shaded with edges
350
41
  3
Shades of Gray
350
3E
  3
Sketchy
350
3F
  3
Thicken
350
37
  3
Wireframe
350
30
  3
X-Ray
350
40
  0
WIPEOUTVARIABLES
  5
301
102
{ACAD_REACTORS
330
C
102
}
330
C
100
AcDbWipeoutVariables
 70
     1
  0
XRECORD
  5
344
102
{ACAD_REACTORS
330
C
102
}
330
C
100
AcDbXrecord
280
     1
 90
        1
330
6A
330
122
  0
DICTIONARY
  5
30E
102
{ACAD_REACTORS
330
C
102
}
330
C
100
AcDbDictionary
281
     1
  3
CANNOSCALE
350
30F
  3
CMLEADERSTYLE
350
346
  3
CTABLESTYLE
350
345
  0
DICTIONARY
  5
11D
102
{ACAD_REACTORS
330
C
102
}
330
C
100
AcDbDictionary
281
     1
  3
CAXA_DRAFT_CURRENTBOMSTYLE
350
11E
  3
GB(4458.2-2003)
350
120
  3
标准
350
11F
  0
DICTIONARY
  5
111
102
{ACAD_REACTORS
330
C
102
}
330
C
100
AcDbDictionary
281
     1
  3
CAXA_DRAFT_CURRENTCUTSSTYLE
350
112
  3
GB(17452-1998)
350
114
  3
标准
350
113
  0
DICTIONARY
  5
115
102
{ACAD_REACTORS
330
C
102
}
330
C
100
AcDbDictionary
281
     1
  3
CAXA_DRAFT_CUTSSTYLEOVERRIDE
350
116
  0
DICTIONARY
  5
123
102
{ACAD_REACTORS
330
C
102
}
330
C
100
AcDbDictionary
281
     1
  3
CAXA_DRAFT_DATATABLE*Model_Space
350
124
  0
DICTIONARY
  5
10B
102
{ACAD_REACTORS
330
C
102
}
330
C
100
AcDbDictionary
281
     1
  3
CAXA_DRAFT_CURRENTDATUMSTYLE
350
10C
  3
GB(1182-2008)
350
10E
  3
标准
350
10D
  0
DICTIONARY
  5
10F
102
{ACAD_REACTORS
330
C
102
}
330
C
100
AcDbDictionary
281
     1
  3
CAXA_DRAFT_DATUMSTYLEOVERRIDE
350
110
  0
DICTIONARY
  5
302
102
{ACAD_REACTORS
330
C
102
}
330
C
100
AcDbDictionary
281
     1
  3
CAXA_DRAFT_DIMSTYLE_ANGTXTVPOS
350
303
  0
DICTIONARY
  5
306
102
{ACAD_REACTORS
330
C
102
}
330
C
100
AcDbDictionary
281
     1
  3
CAXA_DRAFT_DIMSTYLE_ISDISPZEROTOL
350
307
  0
DICTIONARY
  5
304
102
{ACAD_REACTORS
330
C
102
}
330
C
100
AcDbDictionary
281
     1
  3
CAXA_DRAFT_DIMSTYLE_ISFILLDFM
350
305
  0
DICTIONARY
  5
308
102
{ACAD_REACTORS
330
C
102
}
330
C
100
AcDbDictionary
281
     1
  3
CAXA_DRAFT_DIMSTYLE_SYMBOLCOLOR
350
309
  0
DICTIONARY
  5
30A
102
{ACAD_REACTORS
330
C
102
}
330
C
100
AcDbDictionary
281
     1
  3
CAXA_DRAFT_DRAFTDATA
350
30B
  0
DICTIONARY
  5
DF
102
{ACAD_REACTORS
330
C
102
}
330
C
100
AcDbDictionary
281
     1
  3
CAXA_DRAFT_FILEVERSION
350
E0
  0
DICTIONARY
  5
105
102
{ACAD_REACTORS
330
C
102
}
330
C
100
AcDbDictionary
281
     1
  3
CAXA_DRAFT_CURRENTGEOTOLSTYLE
350
106
  3
GB(1182-2008)
350
108
  3
标准
350
107
  0
DICTIONARY
  5
109
102
{ACAD_REACTORS
330
C
102
}
330
C
100
AcDbDictionary
281
     1
  3
CAXA_DRAFT_GEOTOLSTYLEOVERRIDE
350
10A
  0
DICTIONARY
  5
F6
102
{ACAD_REACTORS
330
C
102
}
330
C
100
AcDbDictionary
281
     1
  3
CAXA_DRAFT_CURRENTLEADERSTYLE
350
F7
  3
标准
350
F8
  0
DICTIONARY
  5
117
102
{ACAD_REACTORS
330
C
102
}
330
C
100
AcDbDictionary
281
     1
  3
CAXA_DRAFT_CURRENTPARTNOSTYLE
350
118
  3
GB(4458.2-2003)
350
11A
  3
标准
350
119
  0
DICTIONARY
  5
11B
102
{ACAD_REACTORS
330
C
102
}
330
C
100
AcDbDictionary
281
     1
  3
CAXA_DRAFT_PARTNOSTYLEOVERRIDE
350
11C
  0
DICTIONARY
  5
FF
102
{ACAD_REACTORS
330
C
102
}
330
C
100
AcDbDictionary
281
     1
  3
CAXA_DRAFT_CURRENTROUGHSTYLE
350
100
  3
GB(131-93)
350
102
  3
标准
350
101
  0
DICTIONARY
  5
103
102
{ACAD_REACTORS
330
C
102
}
330
C
100
AcDbDictionary
281
     1
  3
CAXA_DRAFT_ROUGHSTYLEOVERRIDE
350
104
  0
DICTIONARY
  5
30C
102
{ACAD_REACTORS
330
C
102
}
330
C
100
AcDbDictionary
281
     1
  3
CAXA_DRAFT_STDDATA
350
30D
  0
DICTIONARY
  5
F9
102
{ACAD_REACTORS
330
C
102
}
330
C
100
AcDbDictionary
281
     1
  3
CAXA_DRAFT_CURRENTWELDSTYLE
350
FA
  3
GB(324-88)
350
FC
  3
标准
350
FB
  0
DICTIONARY
  5
FD
102
{ACAD_REACTORS
330
C
102
}
330
C
100
AcDbDictionary
281
     1
  3
CAXA_DRAFT_WELDSTYLEOVERRIDE
350
FE
  0
LAYOUT
  5
1E
102
{ACAD_REACTORS
330
1A
102
}
330
1A
100
AcDbPlotSettings
  1

  2
none_device
  4

  6

 40
0.0
 41
0.0
 42
0.0
 43
0.0
 44
0.0
 45
0.0
 46
0.0
 47
0.0
 48
0.0
 49
0.0
140
0.0
141
0.0
142
1.0
143
1.0
 70
   688
 72
     1
 73
     0
 74
     5
  7

 75
    16
 76
     0
 77
     2
 78
   300
147
1.0
148
0.0
149
0.0
100
AcDbLayout
  1
Layout1
 70
     1
 71
     1
 10
0.0
 20
0.0
 11
420.0
 21
297.0
 12
0.0
 22
0.0
 32
0.0
 14
1.000000000000000E+20
 24
1.000000000000000E+20
 34
1.000000000000000E+20
 15
-1.000000000000000E+20
 25
-1.000000000000000E+20
 35
-1.000000000000000E+20
146
0.0
 13
0.0
 23
0.0
 33
0.0
 16
1.0
 26
0.0
 36
0.0
 17
0.0
 27
1.0
 37
0.0
 76
     0
330
1B
  0
LAYOUT
  5
22
102
{ACAD_REACTORS
330
1A
102
}
330
1A
100
AcDbPlotSettings
  1

  2
none_device
  4
Letter_(8.50_x_11.00_Inches)
  6

 40
6.35
 41
6.35
 42
6.35000508
 43
6.35000508
 44
215.9
 45
279.4
 46
0.0
 47
0.0
 48
0.0
 49
0.0
140
0.0
141
0.0
142
1.0
143
1.0
 70
  1712
 72
     1
 73
     0
 74
     0
  7

 75
     0
 76
     0
 77
     2
 78
   300
147
1.0
148
0.0
149
0.0
100
AcDbLayout
  1
Model
 70
     1
 71
     0
 10
-105.0
 20
-148.5
 11
105.0
 21
148.5
 12
0.0
 22
0.0
 32
0.0
 14
-31.43978168052141
 24
-39.60608509418764
 34
0.0
 15
395.5934014487846
 25
140.2449274830227
 35
0.0
146
0.0
 13
0.0
 23
0.0
 33
0.0
 16
1.0
 26
0.0
 36
0.0
 17
0.0
 27
1.0
 37
0.0
 76
     0
330
1F
331
29
  0
MATERIAL
  5
45
102
{ACAD_REACTORS
330
43
102
}
330
43
100
AcDbMaterial
  1
ByBlock
 72
     1
 94
      127
  0
MATERIAL
  5
44
102
{ACAD_REACTORS
330
43
102
}
330
43
100
AcDbMaterial
  1
ByLayer
 72
     1
 94
      127
  0
MATERIAL
  5
46
102
{ACAD_REACTORS
330
43
102
}
330
43
100
AcDbMaterial
  1
Global
 72
     1
 94
      127
  0
MLEADERSTYLE
  5
6C
102
{ACAD_REACTORS
330
6B
102
}
330
6B
100
AcDbMLeaderStyle
179
     2
170
     2
171
     1
172
     0
 90
        2
 40
0.0
 41
0.0
173
     1
 91
-1056964608
340
14
 92
       -2
290
     1
 42
2.0
291
     1
 43
8.0
  3
Standard
341
0
 44
4.0
300

342
11
174
     1
178
     6
175
     1
176
     0
 93
-1056964608
 45
4.0
292
     0
297
     0
 46
4.0
343
0
 94
-1056964608
 47
1.0
 49
1.0
140
1.0
293
     1
141
0.0
294
     1
177
     0
142
1.0
295
     0
296
     0
143
3.75
271
     0
272
     9
273
     9
  0
MLINESTYLE
  5
18
102
{ACAD_REACTORS
330
17
102
}
330
17
100
AcDbMlineStyle
  2
Standard
 70
     0
  3

 62
   256
 51
90.0
 52
90.0
 71
     2
 49
0.5
 62
   256
  6
BYLAYER
 49
-0.5
 62
   256
  6
BYLAYER
  0
MLINESTYLE
  5
121
102
{ACAD_REACTORS
330
17
102
}
330
17
100
AcDbMlineStyle
  2
标准
 70
     0
  3
标准
 62
   256
 51
90.0
 52
90.0
 71
     2
 49
0.5
 62
   256
  6
BYLAYER
 49
-0.5
 62
   256
  6
BYLAYER
  0
ACDBPLACEHOLDER
  5
F
102
{ACAD_REACTORS
330
E
102
}
330
E
  0
SCALE
  5
48
102
{ACAD_REACTORS
330
47
102
}
330
47
100
AcDbScale
 70
     0
300
1:1
140
1.0
141
1.0
290
     1
  0
SCALE
  5
49
102
{ACAD_REACTORS
330
47
102
}
330
47
100
AcDbScale
 70
     0
300
1:2
140
1.0
141
2.0
290
     0
  0
SCALE
  5
4A
102
{ACAD_REACTORS
330
47
102
}
330
47
100
AcDbScale
 70
     0
300
1:4
140
1.0
141
4.0
290
     0
  0
SCALE
  5
4B
102
{ACAD_REACTORS
330
47
102
}
330
47
100
AcDbScale
 70
     0
300
1:5
140
1.0
141
5.0
290
     0
  0
SCALE
  5
4C
102
{ACAD_REACTORS
330
47
102
}
330
47
100
AcDbScale
 70
     0
300
1:8
140
1.0
141
8.0
290
     0
  0
SCALE
  5
4D
102
{ACAD_REACTORS
330
47
102
}
330
47
100
AcDbScale
 70
     0
300
1:10
140
1.0
141
10.0
290
     0
  0
SCALE
  5
4E
102
{ACAD_REACTORS
330
47
102
}
330
47
100
AcDbScale
 70
     0
300
1:16
140
1.0
141
16.0
290
     0
  0
SCALE
  5
4F
102
{ACAD_REACTORS
330
47
102
}
330
47
100
AcDbScale
 70
     0
300
1:20
140
1.0
141
20.0
290
     0
  0
SCALE
  5
50
102
{ACAD_REACTORS
330
47
102
}
330
47
100
AcDbScale
 70
     0
300
1:30
140
1.0
141
30.0
290
     0
  0
SCALE
  5
51
102
{ACAD_REACTORS
330
47
102
}
330
47
100
AcDbScale
 70
     0
300
1:40
140
1.0
141
40.0
290
     0
  0
SCALE
  5
52
102
{ACAD_REACTORS
330
47
102
}
330
47
100
AcDbScale
 70
     0
300
1:50
140
1.0
141
50.0
290
     0
  0
SCALE
  5
53
102
{ACAD_REACTORS
330
47
102
}
330
47
100
AcDbScale
 70
     0
300
1:100
140
1.0
141
100.0
290
     0
  0
SCALE
  5
54
102
{ACAD_REACTORS
330
47
102
}
330
47
100
AcDbScale
 70
     0
300
2:1
140
2.0
141
1.0
290
     0
  0
SCALE
  5
55
102
{ACAD_REACTORS
330
47
102
}
330
47
100
AcDbScale
 70
     0
300
4:1
140
4.0
141
1.0
290
     0
  0
SCALE
  5
56
102
{ACAD_REACTORS
330
47
102
}
330
47
100
AcDbScale
 70
     0
300
8:1
140
8.0
141
1.0
290
     0
  0
SCALE
  5
57
102
{ACAD_REACTORS
330
47
102
}
330
47
100
AcDbScale
 70
     0
300
10:1
140
10.0
141
1.0
290
     0
  0
SCALE
  5
58
102
{ACAD_REACTORS
330
47
102
}
330
47
100
AcDbScale
 70
     0
300
100:1
140
100.0
141
1.0
290
     0
  0
SCALE
  5
59
102
{ACAD_REACTORS
330
47
102
}
330
47
100
AcDbScale
 70
     0
300
1/128" = 1'-0"
140
0.0078125
141
12.0
290
     0
  0
SCALE
  5
5A
102
{ACAD_REACTORS
330
47
102
}
330
47
100
AcDbScale
 70
     0
300
1/64" = 1'-0"
140
0.015625
141
12.0
290
     0
  0
SCALE
  5
5B
102
{ACAD_REACTORS
330
47
102
}
330
47
100
AcDbScale
 70
     0
300
1/32" = 1'-0"
140
0.03125
141
12.0
290
     0
  0
SCALE
  5
5C
102
{ACAD_REACTORS
330
47
102
}
330
47
100
AcDbScale
 70
     0
300
1/16" = 1'-0"
140
0.0625
141
12.0
290
     0
  0
SCALE
  5
5D
102
{ACAD_REACTORS
330
47
102
}
330
47
100
AcDbScale
 70
     0
300
3/32" = 1'-0"
140
0.09375
141
12.0
290
     0
  0
SCALE
  5
5E
102
{ACAD_REACTORS
330
47
102
}
330
47
100
AcDbScale
 70
     0
300
1/8" = 1'-0"
140
0.125
141
12.0
290
     0
  0
SCALE
  5
5F
102
{ACAD_REACTORS
330
47
102
}
330
47
100
AcDbScale
 70
     0
300
3/16" = 1'-0"
140
0.1875
141
12.0
290
     0
  0
SCALE
  5
60
102
{ACAD_REACTORS
330
47
102
}
330
47
100
AcDbScale
 70
     0
300
1/4" = 1'-0"
140
0.25
141
12.0
290
     0
  0
SCALE
  5
61
102
{ACAD_REACTORS
330
47
102
}
330
47
100
AcDbScale
 70
     0
300
3/8" = 1'-0"
140
0.375
141
12.0
290
     0
  0
SCALE
  5
62
102
{ACAD_REACTORS
330
47
102
}
330
47
100
AcDbScale
 70
     0
300
1/2" = 1'-0"
140
0.5
141
12.0
290
     0
  0
SCALE
  5
63
102
{ACAD_REACTORS
330
47
102
}
330
47
100
AcDbScale
 70
     0
300
3/4" = 1'-0"
140
0.75
141
12.0
290
     0
  0
SCALE
  5
64
102
{ACAD_REACTORS
330
47
102
}
330
47
100
AcDbScale
 70
     0
300
1" = 1'-0"
140
1.0
141
12.0
290
     0
  0
SCALE
  5
65
102
{ACAD_REACTORS
330
47
102
}
330
47
100
AcDbScale
 70
     0
300
1-1/2" = 1'-0"
140
1.5
141
12.0
290
     0
  0
SCALE
  5
66
102
{ACAD_REACTORS
330
47
102
}
330
47
100
AcDbScale
 70
     0
300
3" = 1'-0"
140
3.0
141
12.0
290
     0
  0
SCALE
  5
67
102
{ACAD_REACTORS
330
47
102
}
330
47
100
AcDbScale
 70
     0
300
6" = 1'-0"
140
6.0
141
12.0
290
     0
  0
SCALE
  5
68
102
{ACAD_REACTORS
330
47
102
}
330
47
100
AcDbScale
 70
     0
300
1'-0" = 1'-0"
140
12.0
141
12.0
290
     0
  0
TABLESTYLE
  5
6A
102
{ACAD_REACTORS
330
69
102
}
102
{ACAD_XDICTIONARY
360
340
102
}
330
69
100
AcDbTableStyle
  3
Standard
 70
     0
 71
     0
 40
0.06
 41
0.06
280
     0
281
     0
  7
Standard
140
4.5
170
     2
 62
     0
 63
   257
283
     0
 90
        4
 91
        0
  1

274
    -2
284
     1
 64
     0
275
    -2
285
     1
 65
     0
276
    -2
286
     1
 66
     0
277
    -2
287
     1
 67
     0
278
    -2
288
     1
 68
     0
279
    -2
289
     1
 69
     0
  7
Standard
140
6.0
170
     5
 62
     0
 63
   257
283
     0
 90
        4
 91
        0
  1

274
    -2
284
     1
 64
     0
275
    -2
285
     1
 65
     0
276
    -2
286
     1
 66
     0
277
    -2
287
     1
 67
     0
278
    -2
288
     1
 68
     0
279
    -2
289
     1
 69
     0
  7
Standard
140
4.5
170
     5
 62
     0
 63
   257
283
     0
 90
        4
 91
        0
  1

274
    -2
284
     1
 64
     0
275
    -2
285
     1
 65
     0
276
    -2
286
     1
 66
     0
277
    -2
287
     1
 67
     0
278
    -2
288
     1
 68
     0
279
    -2
289
     1
 69
     0
  0
TABLESTYLE
  5
122
102
{ACAD_REACTORS
330
69
102
}
102
{ACAD_XDICTIONARY
360
342
102
}
330
69
100
AcDbTableStyle
  3

 70
     0
 71
     1
 40
0.06
 41
0.06
280
     0
281
     0
  7
标准
140
4.5
170
     2
 62
     0
 63
   257
283
     0
 90
 19529728
 91
        0
  1

274
    -2
284
     1
 64
     0
275
    -2
285
     1
 65
     0
276
    -2
286
     1
 66
     0
277
    -2
287
     1
 67
     0
278
    -2
288
     1
 68
     0
279
    -2
289
     1
 69
     0
  7
标准
140
6.0
170
     5
 62
     0
 63
   257
283
     0
 90
 19529728
 91
        0
  1

274
    -2
284
     1
 64
     0
275
    -2
285
     1
 65
     0
276
    -2
286
     1
 66
     0
277
    -2
287
     1
 67
     0
278
    -2
288
     1
 68
     0
279
    -2
289
     1
 69
     0
  7
标准
140
4.5
170
     5
 62
     0
 63
   257
283
     0
 90
 19529728
 91
        0
  1

274
    -2
284
     1
 64
     0
275
    -2
285
     1
 65
     0
276
    -2
286
     1
 66
     0
277
    -2
287
     1
 67
     0
278
    -2
288
     1
 68
     0
279
    -2
289
     1
 69
     0
  0
VISUALSTYLE
  5
2F
102
{ACAD_REACTORS
330
2A
102
}
102
{ACAD_XDICTIONARY
360
318
102
}
330
2A
100
AcDbVisualStyle
  2
2dWireframe
 70
     4
177
     2
291
     0
 71
     0
176
     1
 72
     2
176
     1
 73
     0
176
     1
 90
        0
176
     1
 40
0.6
176
     1
 41
30.0
176
     1
 62
     5
 63
     7
421
 16777215
176
     1
 74
     1
176
     1
 91
        4
176
     1
 64
     7
176
     1
 65
   257
176
     1
 75
     1
176
     1
175
     1
176
     1
 42
1.0
176
     1
 92
        0
176
     1
 66
   257
176
     1
 43
1.0
176
     1
 76
     1
176
     1
 77
     6
176
     1
 78
     2
176
     1
 67
     7
176
     1
 79
     5
176
     1
170
     0
176
     1
171
     0
176
     1
290
     0
176
     1
 93
        1
176
     1
 44
0.0
176
     1
173
     0
176
     1
  0
VISUALSTYLE
  5
32
102
{ACAD_REACTORS
330
2A
102
}
102
{ACAD_XDICTIONARY
360
31E
102
}
330
2A
100
AcDbVisualStyle
  2
Basic
 70
     7
177
     2
291
     1
 71
     1
176
     1
 72
     0
176
     1
 73
     1
176
     1
 90
        0
176
     1
 40
0.6
176
     1
 41
30.0
176
     1
 62
     5
 63
     7
421
 16777215
176
     1
 74
     0
176
     1
 91
        4
176
     1
 64
     7
176
     1
 65
   257
176
     1
 75
     1
176
     1
175
     1
176
     1
 42
1.0
176
     1
 92
        8
176
     1
 66
     7
176
     1
 43
1.0
176
     1
 76
     1
176
     1
 77
     6
176
     1
 78
     2
176
     1
 67
     7
176
     1
 79
     5
176
     1
170
     0
176
     1
171
     0
176
     1
290
     0
176
     1
 93
        1
176
     1
 44
0.0
176
     1
173
     0
176
     1
  0
VISUALSTYLE
  5
36
102
{ACAD_REACTORS
330
2A
102
}
102
{ACAD_XDICTIONARY
360
326
102
}
330
2A
100
AcDbVisualStyle
  2
Brighten
 70
    12
177
     2
291
     1
 71
     2
176
     1
 72
     2
176
     1
 73
     0
176
     1
 90
        0
176
     1
 40
0.6
176
     1
 41
30.0
176
     1
 62
     5
 63
     7
421
 16777215
176
     1
 74
     1
176
     1
 91
        4
176
     1
 64
     7
176
     1
 65
   257
176
     1
 75
     1
176
     1
175
     1
176
     1
 42
1.0
176
     1
 92
        8
176
     1
 66
     7
176
     1
 43
1.0
176
     1
 76
     1
176
     1
 77
     6
176
     1
 78
     2
176
     1
 67
     7
176
     1
 79
     5
176
     1
170
     0
176
     1
171
     0
176
     1
290
     0
176
     1
 93
        1
176
     1
 44
50.0
176
     1
173
     0
176
     1
  0
VISUALSTYLE
  5
3A
102
{ACAD_REACTORS
330
2A
102
}
102
{ACAD_XDICTIONARY
360
32E
102
}
330
2A
100
AcDbVisualStyle
  2
ColorChange
 70
    16
177
     2
291
     1
 71
     2
176
     1
 72
     2
176
     1
 73
     3
176
     1
 90
        0
176
     1
 40
0.6
176
     1
 41
30.0
176
     1
 62
     5
 63
     8
421
  8421504
176
     1
 74
     1
176
     1
 91
        4
176
     1
 64
     7
176
     1
 65
   257
176
     1
 75
     1
176
     1
175
     1
176
     1
 42
1.0
176
     1
 92
        8
176
     1
 66
     8
424
  8421504
176
     1
 43
1.0
176
     1
 76
     1
176
     1
 77
     6
176
     1
 78
     2
176
     1
 67
     7
176
     1
 79
     5
176
     1
170
     0
176
     1
171
     0
176
     1
290
     0
176
     1
 93
        1
176
     1
 44
0.0
176
     1
173
     0
176
     1
  0
VISUALSTYLE
  5
34
102
{ACAD_REACTORS
330
2A
102
}
102
{ACAD_XDICTIONARY
360
322
102
}
330
2A
100
AcDbVisualStyle
  2
Conceptual
 70
     9
177
     2
291
     0
 71
     3
176
     1
 72
     2
176
     1
 73
     0
176
     1
 90
        0
176
     1
 40
0.6
176
     1
 41
30.0
176
     1
 62
     5
 63
     7
421
 16777215
176
     1
 74
     2
176
     1
 91
        2
176
     1
 64
     7
176
     1
 65
   257
176
     1
 75
     1
176
     1
175
     1
176
     1
 42
179.0
176
     1
 92
        8
176
     1
 66
     7
176
     1
 43
1.0
176
     1
 76
     1
176
     1
 77
     6
176
     1
 78
     2
176
     1
 67
     7
176
     1
 79
     3
176
     1
170
     0
176
     1
171
     0
176
     1
290
     0
176
     1
 93
        1
176
     1
 44
0.0
176
     1
173
     0
176
     1
  0
VISUALSTYLE
  5
35
102
{ACAD_REACTORS
330
2A
102
}
102
{ACAD_XDICTIONARY
360
324
102
}
330
2A
100
AcDbVisualStyle
  2
Dim
 70
    11
177
     2
291
     1
 71
     2
176
     1
 72
     2
176
     1
 73
     0
176
     1
 90
        0
176
     1
 40
0.6
176
     1
 41
30.0
176
     1
 62
     5
 63
     7
421
 16777215
176
     1
 74
     1
176
     1
 91
        4
176
     1
 64
     7
176
     1
 65
   257
176
     1
 75
     1
176
     1
175
     1
176
     1
 42
1.0
176
     1
 92
        8
176
     1
 66
     7
176
     1
 43
1.0
176
     1
 76
     1
176
     1
 77
     6
176
     1
 78
     2
176
     1
 67
     7
176
     1
 79
     5
176
     1
170
     0
176
     1
171
     0
176
     1
290
     0
176
     1
 93
        1
176
     1
 44
-50.0
176
     1
173
     0
176
     1
  0
VISUALSTYLE
  5
3D
102
{ACAD_REACTORS
330
2A
102
}
102
{ACAD_XDICTIONARY
360
334
102
}
330
2A
100
AcDbVisualStyle
  2
EdgeColorOff
 70
    22
177
     2
291
     1
 71
     2
176
     0
 72
     2
176
     0
 73
     0
176
     0
 90
        0
176
     0
 40
0.6
176
     0
 41
30.0
176
     0
 62
     5
 63
     7
421
 16777215
176
     0
 74
     1
176
     0
 91
        4
176
     0
 64
     7
176
     0
 65
   257
176
     0
 75
     1
176
     0
175
     1
176
     0
 42
1.0
176
     0
 92
        8
176
     2
 66
     7
176
     0
 43
1.0
176
     0
 76
     1
176
     0
 77
     6
176
     0
 78
     2
176
     0
 67
     7
176
     0
 79
     5
176
     0
170
     0
176
     0
171
     0
176
     0
290
     0
176
     0
 93
        1
176
     0
 44
0.0
176
     0
173
     0
176
     0
  0
VISUALSTYLE
  5
39
102
{ACAD_REACTORS
330
2A
102
}
102
{ACAD_XDICTIONARY
360
32C
102
}
330
2A
100
AcDbVisualStyle
  2
Facepattern
 70
    15
177
     2
291
     1
 71
     2
176
     1
 72
     2
176
     1
 73
     0
176
     1
 90
        0
176
     1
 40
0.6
176
     1
 41
30.0
176
     1
 62
     5
 63
     7
421
 16777215
176
     1
 74
     1
176
     1
 91
        4
176
     1
 64
     7
176
     1
 65
   257
176
     1
 75
     1
176
     1
175
     1
176
     1
 42
1.0
176
     1
 92
        8
176
     1
 66
     7
176
     1
 43
1.0
176
     1
 76
     1
176
     1
 77
     6
176
     1
 78
     2
176
     1
 67
     7
176
     1
 79
     5
176
     1
170
     0
176
     1
171
     0
176
     1
290
     0
176
     1
 93
        1
176
     1
 44
0.0
176
     1
173
     0
176
     1
  0
VISUALSTYLE
  5
2B
102
{ACAD_REACTORS
330
2A
102
}
102
{ACAD_XDICTIONARY
360
310
102
}
330
2A
100
AcDbVisualStyle
  2
Flat
 70
     0
177
     2
291
     1
 71
     2
176
     1
 72
     1
176
     1
 73
     1
176
     1
 90
        2
176
     1
 40
0.6
176
     1
 41
30.0
176
     1
 62
     5
 63
     7
421
 16777215
176
     1
 74
     0
176
     1
 91
        0
176
     1
 64
     7
176
     1
 65
   257
176
     1
 75
     1
176
     1
175
     1
176
     1
 42
1.0
176
     1
 92
        8
176
     1
 66
     7
176
     1
 43
1.0
176
     1
 76
     1
176
     1
 77
     6
176
     1
 78
     2
176
     1
 67
     7
176
     1
 79
     5
176
     1
170
     0
176
     1
171
     0
176
     1
290
     0
176
     1
 93
       13
176
     1
 44
0.0
176
     1
173
     0
176
     1
  0
VISUALSTYLE
  5
2C
102
{ACAD_REACTORS
330
2A
102
}
102
{ACAD_XDICTIONARY
360
312
102
}
330
2A
100
AcDbVisualStyle
  2
FlatWithEdges
 70
     1
177
     2
291
     1
 71
     2
176
     1
 72
     1
176
     1
 73
     1
176
     1
 90
        2
176
     1
 40
0.6
176
     1
 41
30.0
176
     1
 62
     5
 63
     7
421
 16777215
176
     1
 74
     1
176
     1
 91
        0
176
     1
 64
     7
176
     1
 65
   257
176
     1
 75
     1
176
     1
175
     1
176
     1
 42
1.0
176
     1
 92
        0
176
     1
 66
   257
176
     1
 43
1.0
176
     1
 76
     1
176
     1
 77
     6
176
     1
 78
     2
176
     1
 67
     7
176
     1
 79
     5
176
     1
170
     0
176
     1
171
     0
176
     1
290
     0
176
     1
 93
       13
176
     1
 44
0.0
176
     1
173
     0
176
     1
  0
VISUALSTYLE
  5
2D
102
{ACAD_REACTORS
330
2A
102
}
102
{ACAD_XDICTIONARY
360
314
102
}
330
2A
100
AcDbVisualStyle
  2
Gouraud
 70
     2
177
     2
291
     1
 71
     2
176
     1
 72
     2
176
     1
 73
     1
176
     1
 90
        2
176
     1
 40
0.6
176
     1
 41
30.0
176
     1
 62
     5
 63
     7
421
 16777215
176
     1
 74
     0
176
     1
 91
        0
176
     1
 64
     7
176
     1
 65
   257
176
     1
 75
     1
176
     1
175
     1
176
     1
 42
1.0
176
     1
 92
        0
176
     1
 66
     7
176
     1
 43
1.0
176
     1
 76
     1
176
     1
 77
     6
176
     1
 78
     2
176
     1
 67
     7
176
     1
 79
     5
176
     1
170
     0
176
     1
171
     0
176
     1
290
     0
176
     1
 93
       13
176
     1
 44
0.0
176
     1
173
     0
176
     1
  0
VISUALSTYLE
  5
2E
102
{ACAD_REACTORS
330
2A
102
}
102
{ACAD_XDICTIONARY
360
316
102
}
330
2A
100
AcDbVisualStyle
  2
GouraudWithEdges
 70
     3
177
     2
291
     1
 71
     2
176
     1
 72
     2
176
     1
 73
     1
176
     1
 90
        2
176
     1
 40
0.6
176
     1
 41
30.0
176
     1
 62
     5
 63
     7
421
 16777215
176
     1
 74
     1
176
     1
 91
        0
176
     1
 64
     7
176
     1
 65
   257
176
     1
 75
     1
176
     1
175
     1
176
     1
 42
1.0
176
     1
 92
        0
176
     1
 66
   257
176
     1
 43
1.0
176
     1
 76
     1
176
     1
 77
     6
176
     1
 78
     2
176
     1
 67
     7
176
     1
 79
     5
176
     1
170
     0
176
     1
171
     0
176
     1
290
     0
176
     1
 93
       13
176
     1
 44
0.0
176
     1
173
     0
176
     1
  0
VISUALSTYLE
  5
31
102
{ACAD_REACTORS
330
2A
102
}
102
{ACAD_XDICTIONARY
360
31C
102
}
330
2A
100
AcDbVisualStyle
  2
Hidden
 70
     6
177
     2
291
     0
 71
     1
176
     1
 72
     2
176
     1
 73
     2
176
     1
 90
        0
176
     1
 40
0.6
176
     1
 41
30.0
176
     1
 62
     5
 63
     7
421
 16777215
176
     1
 74
     2
176
     1
 91
        2
176
     1
 64
     7
176
     1
 65
   257
176
     1
 75
     2
176
     1
175
     1
176
     1
 42
40.0
176
     1
 92
        0
176
     1
 66
   257
176
     1
 43
1.0
176
     1
 76
     1
176
     1
 77
     6
176
     1
 78
     2
176
     1
 67
     7
176
     1
 79
     3
176
     1
170
     0
176
     1
171
     0
176
     1
290
     0
176
     1
 93
        1
176
     1
 44
0.0
176
     1
173
     0
176
     1
  0
VISUALSTYLE
  5
3B
102
{ACAD_REACTORS
330
2A
102
}
102
{ACAD_XDICTIONARY
360
330
102
}
330
2A
100
AcDbVisualStyle
  2
JitterOff
 70
    20
177
     2
291
     1
 71
     2
176
     0
 72
     2
176
     0
 73
     0
176
     0
 90
        0
176
     0
 40
0.6
176
     0
 41
30.0
176
     0
 62
     5
 63
     7
421
 16777215
176
     0
 74
     1
176
     0
 91
        4
176
     0
 64
     7
176
     0
 65
   257
176
     0
 75
     1
176
     0
175
     1
176
     0
 42
1.0
176
     0
 92
       10
176
     2
 66
     7
176
     0
 43
1.0
176
     0
 76
     1
176
     0
 77
     6
176
     0
 78
     2
176
     0
 67
     7
176
     0
 79
     5
176
     0
170
     0
176
     0
171
     0
176
     0
290
     0
176
     0
 93
        1
176
     0
 44
0.0
176
     0
173
     0
176
     0
  0
VISUALSTYLE
  5
38
102
{ACAD_REACTORS
330
2A
102
}
102
{ACAD_XDICTIONARY
360
32A
102
}
330
2A
100
AcDbVisualStyle
  2
Linepattern
 70
    14
177
     2
291
     1
 71
     2
176
     1
 72
     2
176
     1
 73
     0
176
     1
 90
        0
176
     1
 40
0.6
176
     1
 41
30.0
176
     1
 62
     5
 63
     7
421
 16777215
176
     1
 74
     1
176
     1
 91
        4
176
     1
 64
     7
176
     1
 65
   257
176
     1
 75
     7
176
     1
175
     7
176
     1
 42
1.0
176
     1
 92
        8
176
     1
 66
     7
176
     1
 43
1.0
176
     1
 76
     1
176
     1
 77
     6
176
     1
 78
     2
176
     1
 67
     7
176
     1
 79
     5
176
     1
170
     0
176
     1
171
     0
176
     1
290
     0
176
     1
 93
        1
176
     1
 44
0.0
176
     1
173
     0
176
     1
  0
VISUALSTYLE
  5
3C
102
{ACAD_REACTORS
330
2A
102
}
102
{ACAD_XDICTIONARY
360
332
102
}
330
2A
100
AcDbVisualStyle
  2
OverhangOff
 70
    21
177
     2
291
     1
 71
     2
176
     0
 72
     2
176
     0
 73
     0
176
     0
 90
        0
176
     0
 40
0.6
176
     0
 41
30.0
176
     0
 62
     5
 63
     7
421
 16777215
176
     0
 74
     1
176
     0
 91
        4
176
     0
 64
     7
176
     0
 65
   257
176
     0
 75
     1
176
     0
175
     1
176
     0
 42
1.0
176
     0
 92
        9
176
     2
 66
     7
176
     0
 43
1.0
176
     0
 76
     1
176
     0
 77
     6
176
     0
 78
     2
176
     0
 67
     7
176
     0
 79
     5
176
     0
170
     0
176
     0
171
     0
176
     0
290
     0
176
     0
 93
        1
176
     0
 44
0.0
176
     0
173
     0
176
     0
  0
VISUALSTYLE
  5
33
102
{ACAD_REACTORS
330
2A
102
}
102
{ACAD_XDICTIONARY
360
320
102
}
330
2A
100
AcDbVisualStyle
  2
Realistic
 70
     8
177
     2
291
     0
 71
     2
176
     1
 72
     3
176
     1
 73
     0
176
     1
 90
        2
176
     1
 40
0.6
176
     1
 41
30.0
176
     1
 62
     5
 63
     7
421
 16777215
176
     1
 74
     0
176
     1
 91
        0
176
     1
 64
     7
176
     1
 65
   257
176
     1
 75
     1
176
     1
175
     1
176
     1
 42
1.0
176
     1
 92
        8
176
     1
 66
   257
176
     1
 43
1.0
176
     1
 76
     1
176
     1
 77
     6
176
     1
 78
     2
176
     1
 67
     7
176
     1
 79
     3
176
     1
170
     0
176
     1
171
     0
176
     1
290
     0
176
     1
 93
       13
176
     1
 44
0.0
176
     1
173
     0
176
     1
  0
VISUALSTYLE
  5
42
102
{ACAD_REACTORS
330
2A
102
}
102
{ACAD_XDICTIONARY
360
33E
102
}
330
2A
100
AcDbVisualStyle
  2
Shaded
 70
    27
177
     2
291
     0
 71
     2
176
     1
 72
     2
176
     1
 73
     1
176
     1
 90
        2
176
     1
 40
0.6
176
     1
 41
30.0
176
     1
 62
     5
 63
     7
421
 16777215
176
     1
 74
     0
176
     1
 91
        4
176
     1
 64
     7
176
     1
 65
   257
176
     1
 75
     1
176
     1
175
     1
176
     1
 42
1.0
176
     1
 92
        8
176
     1
 66
   257
176
     1
 43
1.0
176
     1
 76
     1
176
     1
 77
     6
176
     1
 78
     2
176
     1
 67
     8
425
  7895160
176
     1
 79
     3
176
     1
170
     0
176
     1
171
     0
176
     1
290
     0
176
     1
 93
        5
176
     1
 44
0.0
176
     1
173
     0
176
     1
  0
VISUALSTYLE
  5
41
102
{ACAD_REACTORS
330
2A
102
}
102
{ACAD_XDICTIONARY
360
33C
102
}
330
2A
100
AcDbVisualStyle
  2
Shaded with edges
 70
    26
177
     2
291
     0
 71
     2
176
     1
 72
     2
176
     1
 73
     1
176
     1
 90
        2
176
     1
 40
0.6
176
     1
 41
30.0
176
     1
 62
     5
 63
     7
421
 16777215
176
     1
 74
     1
176
     1
 91
       10
176
     1
 64
     7
176
     1
 65
   257
176
     1
 75
     2
176
     1
175
     1
176
     1
 42
1.0
176
     1
 92
        8
176
     1
 66
   257
176
     1
 43
1.0
176
     1
 76
     1
176
     1
 77
     6
176
     1
 78
     2
176
     1
 67
     7
176
     1
 79
     3
176
     1
170
     0
176
     1
171
     0
176
     1
290
     0
176
     1
 93
        5
176
     1
 44
0.0
176
     1
173
     0
176
     1
  0
VISUALSTYLE
  5
3E
102
{ACAD_REACTORS
330
2A
102
}
102
{ACAD_XDICTIONARY
360
336
102
}
330
2A
100
AcDbVisualStyle
  2
Shades of Gray
 70
    23
177
     2
291
     0
 71
     2
176
     1
 72
     2
176
     1
 73
     3
176
     1
 90
        0
176
     1
 40
0.6
176
     1
 41
30.0
176
     1
 62
     5
 63
     7
421
 16777215
176
     1
 74
     2
176
     1
 91
        2
176
     1
 64
     7
176
     1
 65
     7
176
     1
 75
     1
176
     1
175
     1
176
     1
 42
40.0
176
     1
 92
        8
176
     1
 66
     7
176
     1
 43
1.0
176
     1
 76
     1
176
     1
 77
     6
176
     1
 78
     2
176
     1
 67
     7
176
     1
 79
     3
176
     1
170
     0
176
     1
171
     0
176
     1
290
     0
176
     1
 93
        1
176
     1
 44
0.0
176
     1
173
     0
176
     1
  0
VISUALSTYLE
  5
3F
102
{ACAD_REACTORS
330
2A
102
}
102
{ACAD_XDICTIONARY
360
338
102
}
330
2A
100
AcDbVisualStyle
  2
Sketchy
 70
    24
177
     2
291
     0
 71
     1
176
     1
 72
     2
176
     1
 73
     2
176
     1
 90
        0
176
     1
 40
0.6
176
     1
 41
30.0
176
     1
 62
     5
 63
     7
421
 16777215
176
     1
 74
     2
176
     1
 91
        2
176
     1
 64
     7
176
     1
 65
     7
176
     1
 75
     1
176
     1
175
     1
176
     1
 42
40.0
176
     1
 92
       11
176
     1
 66
     7
176
     1
 43
1.0
176
     1
 76
     1
176
     1
 77
     6
176
     1
 78
     2
176
     1
 67
     7
176
     1
 79
     6
176
     1
170
     0
176
     1
171
     0
176
     1
290
     0
176
     1
 93
        1
176
     1
 44
0.0
176
     1
173
     0
176
     1
  0
VISUALSTYLE
  5
37
102
{ACAD_REACTORS
330
2A
102
}
102
{ACAD_XDICTIONARY
360
328
102
}
330
2A
100
AcDbVisualStyle
  2
Thicken
 70
    13
177
     2
291
     1
 71
     2
176
     1
 72
     2
176
     1
 73
     0
176
     1
 90
        0
176
     1
 40
0.6
176
     1
 41
30.0
176
     1
 62
     5
 63
     7
421
 16777215
176
     1
 74
     1
176
     1
 91
        4
176
     1
 64
     7
176
     1
 65
   257
176
     1
 75
     1
176
     1
175
     1
176
     1
 42
1.0
176
     1
 92
       12
176
     1
 66
     7
176
     1
 43
1.0
176
     1
 76
     1
176
     1
 77
     6
176
     1
 78
     2
176
     1
 67
     7
176
     1
 79
     5
176
     1
170
     0
176
     1
171
     0
176
     1
290
     0
176
     1
 93
        1
176
     1
 44
0.0
176
     1
173
     0
176
     1
  0
VISUALSTYLE
  5
30
102
{ACAD_REACTORS
330
2A
102
}
102
{ACAD_XDICTIONARY
360
31A
102
}
330
2A
100
AcDbVisualStyle
  2
Wireframe
 70
     5
177
     2
291
     0
 71
     0
176
     1
 72
     2
176
     1
 73
     0
176
     1
 90
        0
176
     1
 40
0.6
176
     1
 41
30.0
176
     1
 62
     5
 63
     7
421
 16777215
176
     1
 74
     1
176
     1
 91
        4
176
     1
 64
     7
176
     1
 65
   257
176
     1
 75
     1
176
     1
175
     1
176
     1
 42
1.0
176
     1
 92
        0
176
     1
 66
   257
176
     1
 43
1.0
176
     1
 76
     1
176
     1
 77
     6
176
     1
 78
     2
176
     1
 67
     7
176
     1
 79
     3
176
     1
170
     0
176
     1
171
     0
176
     1
290
     0
176
     1
 93
        1
176
     1
 44
0.0
176
     1
173
     0
176
     1
  0
VISUALSTYLE
  5
40
102
{ACAD_REACTORS
330
2A
102
}
102
{ACAD_XDICTIONARY
360
33A
102
}
330
2A
100
AcDbVisualStyle
  2
X-Ray
 70
    25
177
     2
291
     0
 71
     2
176
     1
 72
     2
176
     1
 73
     1
176
     1
 90
        1
176
     1
 40
0.5
176
     1
 41
30.0
176
     1
 62
     5
 63
     7
421
 16777215
176
     1
 74
     1
176
     1
 91
        0
176
     1
 64
     7
176
     1
 65
   257
176
     1
 75
     1
176
     1
175
     1
176
     1
 42
1.0
176
     1
 92
        8
176
     1
 66
     7
176
     1
 43
1.0
176
     1
 76
     1
176
     1
 77
     6
176
     1
 78
     2
176
     1
 67
     7
176
     1
 79
     3
176
     1
170
     0
176
     1
171
     0
176
     1
290
     0
176
     1
 93
       13
176
     1
 44
0.0
176
     1
173
     0
176
     1
  0
DICTIONARYVAR
  5
30F
102
{ACAD_REACTORS
330
30E
102
}
330
30E
100
DictionaryVariables
280
     0
  1
1:1
  0
DICTIONARYVAR
  5
346
102
{ACAD_REACTORS
330
30E
102
}
330
30E
100
DictionaryVariables
280
     0
  1
Standard
  0
DICTIONARYVAR
  5
345
102
{ACAD_REACTORS
330
30E
102
}
330
30E
100
DictionaryVariables
280
     0
  1
Standard
  0
XRECORD
  5
11E
102
{ACAD_REACTORS
330
11D
102
}
330
11D
100
AcDbXrecord
280
     1
1000

1000
CAXA_DRAFT_CURRENTBOMSTYLE
1000
GB(4458.2-2003)
  0
XRECORD
  5
120
102
{ACAD_REACTORS
330
11D
102
}
330
11D
100
AcDbXrecord
280
     1
1000

1000
CAXA_DRAFT_BOMSTYLE
1000
GB(4458.2-2003)
1000

1041
7.0
1071
        0
1071
     1011
1041
1.66
1041
0.5
1071
1090519039
1071
1090519039
1071
1090519039
1071
1090519039
1041
3.5
1000
标准
1000
Continuous
1041
0.5
1071
        4
1041
0.5
1071
        4
1041
0.5
1071
        4
1041
0.5
1071
        4
1041
0.5
1071
        4
1041
0.25
1071
        3
1041
0.5
1071
        4
1041
0.5
1071
        4
1041
0.5
1071
        4
1041
0.5
1071
        4
1041
0.5
1071
        4
1041
0.25
1071
        3
1070
     0
1071
       10
1000
序号
1000
IndexID
1000

1071
       10
1071
       16
1070
     2
1070
     0
1041
0.0
1041
0.0
1041
0.0
1041
8.0
1041
14.0
1041
1.66
1041
0.5
1041
5.0
1000
标准
1071
        4
1070
     3
1071
     1001
1000
代号
1000
PCPNo
1000

1071
       10
1071
       32
1070
     2
1070
     0
1041
8.0
1041
0.0
1041
0.0
1041
40.0
1041
14.0
1041
1.66
1041
0.5
1041
5.0
1000
标准
1071
        4
1070
     3
1071
     1002
1000
名称
1000
PCPName
1000

1071
       10
1071
       32
1070
     2
1070
     0
1041
48.0
1041
0.0
1041
0.0
1041
44.0
1041
14.0
1041
1.66
1041
0.5
1041
5.0
1000
标准
1071
        4
1070
     3
1071
     1003
1000
数量
1000
Amount
1000

1071
        3
1071
       32
1070
     2
1070
     0
1041
92.0
1041
0.0
1041
0.0
1041
8.0
1041
14.0
1041
1.66
1041
0.5
1041
5.0
1000
标准
1071
        4
1070
     3
1071
     1004
1000
材料
1000
MaterialName
1000

1071
       10
1071
       32
1070
     2
1070
     0
1041
100.0
1041
0.0
1041
0.0
1041
38.0
1041
14.0
1041
1.66
1041
0.5
1041
5.0
1000
标准
1071
        4
1070
     3
1071
     1005
1000
重量
1000

1000

1071
        7
1071
       32
1070
     2
1070
     0
1041
138.0
1041
0.0
1041
0.0
1041
22.0
1041
7.0
1041
1.66
1041
0.5
1041
3.5
1000
标准
1071
        4
1070
     3
1071
     1006
1000
单件
1000
Weight
1000

1071
        7
1071
       32
1070
     2
1070
     1
1041
138.0
1041
7.0
1041
0.0
1041
10.0
1041
7.0
1041
1.66
1041
0.5
1041
3.5
1000
标准
1071
        4
1070
     3
1071
     1007
1000
总计
1000
TWeight
1000

1071
        7
1071
       32
1070
     2
1070
     1
1041
148.0
1041
7.0
1041
0.0
1041
12.0
1041
7.0
1041
1.66
1041
0.5
1041
3.5
1000
标准
1071
        4
1070
     3
1071
     1008
1000
备注
1000
Remark
1000

1071
       10
1071
       50
1070
     2
1070
     0
1041
160.0
1041
0.0
1041
0.0
1041
20.0
1041
14.0
1041
1.66
1041
0.5
1041
5.0
1000
标准
1071
        4
1070
     3
1071
     1009
1000
来源
1000
Source
1000

1071
       10
1071
       32
1070
     2
1070
     0
1041
180.0
1041
0.0
1041
0.0
1041
0.0
1041
14.0
1041
1.66
1041
0.5
1041
5.0
1000
标准
1071
        4
1070
     3
1071
     1010
1071
1090519039
1071
1090519039
1071
1090519039
1071
        1
1071
        7
1000
代号
1000
名称
1000
材料
1000
单件
1000
总计
1000
备注
1000
来源
1071
        1
1000
数量
1071
1090519039
1041
1.75
1041
0.875
1041
1.2
1041
1.2
1041
1.75
1041
0.875
1041
1.2
1041
1.2
  0
XRECORD
  5
11F
102
{ACAD_REACTORS
330
11D
102
}
330
11D
100
AcDbXrecord
280
     1
1000

1000
CAXA_DRAFT_BOMSTYLE
1000
标准
1000

1041
7.0
1071
        0
1071
     1011
1041
1.66
1041
0.5
1071
1090519039
1071
1090519039
1071
1090519039
1071
1090519039
1041
3.5
1000
标准
1000
Continuous
1041
0.5
1071
        4
1041
0.5
1071
        4
1041
0.5
1071
        4
1041
0.5
1071
        4
1041
0.5
1071
        4
1041
0.25
1071
        3
1041
0.5
1071
        4
1041
0.5
1071
        4
1041
0.5
1071
        4
1041
0.5
1071
        4
1041
0.5
1071
        4
1041
0.25
1071
        3
1070
     0
1071
       10
1000
序号
1000
IndexID
1000

1071
       10
1071
       16
1070
     2
1070
     0
1041
0.0
1041
0.0
1041
0.0
1041
8.0
1041
14.0
1041
1.66
1041
0.5
1041
5.0
1000
标准
1071
        4
1070
     3
1071
     1001
1000
代号
1000
PCPNo
1000

1071
       10
1071
       32
1070
     2
1070
     0
1041
8.0
1041
0.0
1041
0.0
1041
40.0
1041
14.0
1041
1.66
1041
0.5
1041
5.0
1000
标准
1071
        4
1070
     3
1071
     1002
1000
名称
1000
PCPName
1000

1071
       10
1071
       32
1070
     2
1070
     0
1041
48.0
1041
0.0
1041
0.0
1041
44.0
1041
14.0
1041
1.66
1041
0.5
1041
5.0
1000
标准
1071
        4
1070
     3
1071
     1003
1000
数量
1000
Amount
1000

1071
        3
1071
       32
1070
     2
1070
     0
1041
92.0
1041
0.0
1041
0.0
1041
8.0
1041
14.0
1041
1.66
1041
0.5
1041
5.0
1000
标准
1071
        4
1070
     3
1071
     1004
1000
材料
1000
MaterialName
1000

1071
       10
1071
       32
1070
     2
1070
     0
1041
100.0
1041
0.0
1041
0.0
1041
38.0
1041
14.0
1041
1.66
1041
0.5
1041
5.0
1000
标准
1071
        4
1070
     3
1071
     1005
1000
重量
1000

1000

1071
        7
1071
       32
1070
     2
1070
     0
1041
138.0
1041
0.0
1041
0.0
1041
22.0
1041
7.0
1041
1.66
1041
0.5
1041
3.5
1000
标准
1071
        4
1070
     3
1071
     1006
1000
单件
1000
Weight
1000

1071
        7
1071
       32
1070
     2
1070
     1
1041
138.0
1041
7.0
1041
0.0
1041
10.0
1041
7.0
1041
1.66
1041
0.5
1041
3.5
1000
标准
1071
        4
1070
     3
1071
     1007
1000
总计
1000
TWeight
1000

1071
        7
1071
       32
1070
     2
1070
     1
1041
148.0
1041
7.0
1041
0.0
1041
12.0
1041
7.0
1041
1.66
1041
0.5
1041
3.5
1000
标准
1071
        4
1070
     3
1071
     1008
1000
备注
1000
Remark
1000

1071
       10
1071
       50
1070
     2
1070
     0
1041
160.0
1041
0.0
1041
0.0
1041
20.0
1041
14.0
1041
1.66
1041
0.5
1041
5.0
1000
标准
1071
        4
1070
     3
1071
     1009
1000
来源
1000
Source
1000

1071
       10
1071
       32
1070
     2
1070
     0
1041
180.0
1041
0.0
1041
0.0
1041
0.0
1041
14.0
1041
1.66
1041
0.5
1041
5.0
1000
标准
1071
        4
1070
     3
1071
     1010
1071
1090519039
1071
1090519039
1071
1090519039
1071
        1
1071
        7
1000
代号
1000
名称
1000
材料
1000
单件
1000
总计
1000
备注
1000
来源
1071
        1
1000
数量
1071
1090519039
1041
1.75
1041
0.875
1041
1.2
1041
1.2
1041
1.75
1041
0.875
1041
1.2
1041
1.2
  0
XRECORD
  5
112
102
{ACAD_REACTORS
330
111
102
}
330
111
100
AcDbXrecord
280
     1
1000

1000
CAXA_DRAFT_CURRENTCUTSSTYLE
1000
GB(17452-1998)
  0
XRECORD
  5
114
102
{ACAD_REACTORS
330
111
102
}
330
111
100
AcDbXrecord
280
     1
1000

1000
CAXA_DRAFT_CUTSSTYLE
1000
GB(17452-1998)
1000

1071
1090519039
1041
0.3499999940395355
1041
5.0
1000
标准
1070
     1
1041
4.0
1071
1090519039
1070
     0
1070
     0
1071
1090519039
1041
3.5
1070
     1
1041
1.0
1070
     0
1000
Dash Dot
1071
        1
  0
XRECORD
  5
113
102
{ACAD_REACTORS
330
111
102
}
330
111
100
AcDbXrecord
280
     1
1000

1000
CAXA_DRAFT_CUTSSTYLE
1000
标准
1000

1071
1090519039
1041
0.3499999940395355
1041
5.0
1000
标准
1070
     1
1041
4.0
1071
1090519039
1070
     0
1070
     0
1071
1090519039
1041
3.5
1070
     1
1041
1.0
1070
     0
1000
Dash Dot
1071
        1
  0
XRECORD
  5
116
102
{ACAD_REACTORS
330
115
102
}
330
115
100
AcDbXrecord
280
     1
1000

1000
CAXA_DRAFT_CUTSSTYLEOVERRIDE
1070
     0
1070
     0
1070
     0
1070
     0
1070
     0
1070
     0
1070
     0
1070
     0
1070
     0
1070
     0
1070
     0
1070
     0
1070
     0
1070
     0
1070
     0
1070
     0
1070
     0
  0
XRECORD
  5
124
102
{ACAD_REACTORS
330
123
102
}
330
123
100
AcDbXrecord
280
     1
1000

1000
CAXA_DRAFT_DATATABLE*Model_Space
1071
      103
1071
        2
1071
        0
1071
        0
1071
        0
1071
        9
1000
序号
1071
     1001
1000
代号
1071
     1002
1000
名称
1071
     1003
1000
数量
1071
     1004
1000
材料
1071
     1005
1000
单件
1071
     1007
1000
总计
1071
     1008
1000
备注
1071
     1009
1000
来源
1071
     1010
1000
序号
1070
     1
1000

1070
     1
1000

1070
     1
1000

1070
     1
1000

1070
     1
1071
        0
1071
        7
1000
代号
1000
名称
1000
材料
1000
单件
1000
总计
1000
备注
1000
来源
1071
        1
1000
数量
1071
        0
1000

1000

1070
     1
1000
标准
1071
        0
1071
        0
  0
XRECORD
  5
10C
102
{ACAD_REACTORS
330
10B
102
}
330
10B
100
AcDbXrecord
280
     1
1000

1000
CAXA_DRAFT_CURRENTDATUMSTYLE
1000
GB(1182-2008)
  0
XRECORD
  5
10E
102
{ACAD_REACTORS
330
10B
102
}
330
10B
100
AcDbXrecord
280
     1
1000

1000
CAXA_DRAFT_DATUMSTYLE
1000
GB(1182-2008)
1000

1070
     2
1071
1090519039
1071
1090519039
1041
3.5
1041
1.0
1000
标准
1000
标准
1071
1090519039
1070
     1
1041
0.0
1071
        1
1071
1090519039
1070
     1
1071
        1
  0
XRECORD
  5
10D
102
{ACAD_REACTORS
330
10B
102
}
330
10B
100
AcDbXrecord
280
     1
1000

1000
CAXA_DRAFT_DATUMSTYLE
1000
标准
1000

1070
     2
1071
1090519039
1071
1090519039
1041
3.5
1041
1.0
1000
标准
1000
标准
1071
1090519039
1070
     1
1041
0.0
1071
        1
1071
1090519039
1070
     1
1071
        1
  0
XRECORD
  5
110
102
{ACAD_REACTORS
330
10F
102
}
330
10F
100
AcDbXrecord
280
     1
1000

1000
CAXA_DRAFT_DATUMSTYLEOVERRIDE
1070
     0
1070
     0
1070
     0
1070
     0
1070
     0
1070
     0
1070
     0
1070
     0
1070
     0
1070
     0
1070
     0
1070
     0
1070
     0
1070
     0
1070
     0
1070
     0
  0
XRECORD
  5
303
102
{ACAD_REACTORS
330
302
102
}
330
302
100
AcDbXrecord
280
     1
1000

1000
CAXA_DRAFT_DIMSTYLE_ANGTXTVPOS
1070
     1
  0
XRECORD
  5
307
102
{ACAD_REACTORS
330
306
102
}
330
306
100
AcDbXrecord
280
     1
1000

1000
CAXA_DRAFT_DIMSTYLE_ISDISPZEROTOL
1070
     0
  0
XRECORD
  5
305
102
{ACAD_REACTORS
330
304
102
}
330
304
100
AcDbXrecord
280
     1
1000

1000
CAXA_DRAFT_DIMSTYLE_ISFILLDFM
1070
     1
  0
XRECORD
  5
309
102
{ACAD_REACTORS
330
308
102
}
330
308
100
AcDbXrecord
280
     1
1000

1000
CAXA_DRAFT_DIMSTYLE_SYMBOLCOLOR
1071
1090519039
  0
XRECORD
  5
30B
102
{ACAD_REACTORS
330
30A
102
}
330
30A
100
AcDbXrecord
280
     1
1000
CAXA_DRAFT_DRAFTDATA
1071
     1093
1004
0800000030002E003000000026000000430061007800610044007200610066007400200044006F00630075006D0065006E007400000018000000310036002E0030002E0030002E00360032003200370000005C00000043006F0070007900720069006700680074002000280063002900200032003000310037002000430041
1004
00580041002E00200041006C006C0020007200690067006800740073002000720065007300650072007600650064002E0000008B229BCCAC1E8E489F986408ABC5B31A00000000E1070100030004000F0023000B00A703E80703000500080013001E001F004D01010000000000000000000000000000000000000000000000
1004
00
1004
00000000000000000000000000000000000000000000000000000000000000000000000000000000000000000000000000000000000000000000000000000000000000000000000000000000000000000000000000000000000000000000000000000000000000000000000000000000000000000000000000000000000000
1004
0000000000000000004E0000008F00900053008A00B600E10022008B00B600FE002100F600B50090003D008700CC00EB0055009E00CD00950029008B00D900E50024008300CC0092005200F000C100910023008200B500AE000000020000000E00000041007500740068006F00720000001000000042004500450046004D00
1004
41
1004
004E0000001E000000500072006F006400750063007400560065007200730069006F006E00000010000000310031002E0031004400650076000000000000000800000030002E003000000000000000000000000000000000000000000000000000000000000000000000000000000000000000000000000000000000000000
1004
000000000000000000000000000000000000000000000000000000000000000000000000000000000000000000000000000000000000000000000000000000000000000000000000000000000000000000000000000000000000000000000000000000000000000000000000010000000800000030002E0030000000000000
1004
00
1004
00000000000000000000000000000000000000000000000000000000000000000000000000000000000000000000000000000000000000000000000000000000000000000000000000000000000000000000000000000000000000000000000000000000000000000000000000000000000000000000000000000000000000
1004
00000000000000000000000000000000000000000000000000000000000800000030002E00300000000000000000000000000000000000000000000000000000000000000000000000000000000000000000000000000000000000000000000000000000000000000000000000000000000000000000000000000000000000
1004
00
1004
00000000000000000000000000000000000000000000000000000000000000000000000000000000000000000000000000000000000000000000000000000000000000000000000000
  0
XRECORD
  5
E0
102
{ACAD_REACTORS
330
DF
102
}
330
DF
100
AcDbXrecord
280
     1
1000
CAXA_DRAFT_FILEVERSION
1000
16.0.0.6227
1000
10.1.0.000
1000
18.0.0.000.20170220
  0
XRECORD
  5
106
102
{ACAD_REACTORS
330
105
102
}
330
105
100
AcDbXrecord
280
     1
1000

1000
CAXA_DRAFT_CURRENTGEOTOLSTYLE
1000
GB(1182-2008)
  0
XRECORD
  5
108
102
{ACAD_REACTORS
330
105
102
}
330
105
100
AcDbXrecord
280
     1
1000

1000
CAXA_DRAFT_GEOTOLSTYLE
1000
GB(1182-2008)
1000

1000
标准
1000
标准
1070
     1
1070
     0
1070
     0
1070
     0
1070
     1
1070
     0
1070
     3
1000
.ၒ
1070
     0
1070
     1
1070
     0
1070
     0
1070
     0
1070
     3
1041
1.0
1000
.
1070
     0
1070
     1
1070
     0
1000
Continuous
1071
1090519039
1071
1090519039
1041
3.5
1071
1090519039
1041
1.0
1071
1090519039
1071
        1
1070
     0
1070
     0
  0
XRECORD
  5
107
102
{ACAD_REACTORS
330
105
102
}
330
105
100
AcDbXrecord
280
     1
1000

1000
CAXA_DRAFT_GEOTOLSTYLE
1000
标准
1000

1000
标准
1000
标准
1070
     1
1070
     0
1070
     0
1070
     0
1070
     1
1070
     0
1070
     3
1000
.ၒ
1070
     0
1070
     1
1070
     0
1070
     0
1070
     0
1070
     3
1041
1.0
1000
.
1070
     0
1070
     1
1070
     0
1000
Continuous
1071
1090519039
1071
1090519039
1041
3.5
1071
1090519039
1041
1.0
1071
1090519039
1071
        1
1070
     0
1070
     0
  0
XRECORD
  5
10A
102
{ACAD_REACTORS
330
109
102
}
330
109
100
AcDbXrecord
280
     1
1000

1000
CAXA_DRAFT_GEOTOLSTYLEOVERRIDE
1070
     0
1070
     0
1070
     0
1070
     0
1070
     0
1070
     0
1070
     0
1070
     0
1070
     0
1070
     0
1070
     0
1070
     0
1070
     0
1070
     0
1070
     0
1070
     0
1070
     0
1070
     0
1070
     0
1070
     0
1070
     0
1070
     0
1070
     0
1070
     0
1070
     0
1070
     0
1070
     0
1070
     0
1070
     0
1070
     0
  0
XRECORD
  5
F7
102
{ACAD_REACTORS
330
F6
102
}
330
F6
100
AcDbXrecord
280
     1
1000

1000
CAXA_DRAFT_CURRENTLEADERSTYLE
1000
标准
  0
XRECORD
  5
F8
102
{ACAD_REACTORS
330
F6
102
}
330
F6
100
AcDbXrecord
280
     1
1000

1000
CAXA_DRAFT_LEADERSTYLE
1000
标准
1000

1070
     1
1041
4.0
1041
0.0
1041
0.0
1041
3.5
1000
Continuous
1071
1090519039
1041
3.5
1070
     1
  0
XRECORD
  5
118
102
{ACAD_REACTORS
330
117
102
}
330
117
100
AcDbXrecord
280
     1
1000

1000
CAXA_DRAFT_CURRENTPARTNOSTYLE
1000
GB(4458.2-2003)
  0
XRECORD
  5
11A
102
{ACAD_REACTORS
330
117
102
}
330
117
100
AcDbXrecord
280
     1
1000

1000
CAXA_DRAFT_PARTNOSTYLE
1000
GB(4458.2-2003)
1000

1071
        0
1000
标准
1000
ByLayer
1041
5.0
1041
0.5
1071
        3
1041
2.0
1041
5.0
1041
10.0
1041
1.5
1041
1.1
1041
1.1
1071
        0
1000

1071
       -1
1071
       -1
1041
4.0
1041
1.0
1041
0.7
1041
0.9
1071
        1
1071
        1
1000
序号
1071
        1
1071
        2
1000

1000

1041
1.0
1071
        1
  0
XRECORD
  5
119
102
{ACAD_REACTORS
330
117
102
}
330
117
100
AcDbXrecord
280
     1
1000

1000
CAXA_DRAFT_PARTNOSTYLE
1000
标准
1000

1071
        0
1000
标准
1000
ByLayer
1041
5.0
1041
0.5
1071
        3
1041
2.0
1041
5.0
1041
10.0
1041
1.5
1041
1.1
1041
1.1
1071
        0
1000

1071
       -1
1071
       -1
1041
4.0
1041
1.0
1041
0.7
1041
0.9
1071
        1
1071
        1
1000
序号
1071
        1
1071
        2
1000

1000

1041
1.0
1071
        1
  0
XRECORD
  5
11C
102
{ACAD_REACTORS
330
11B
102
}
330
11B
100
AcDbXrecord
280
     1
1000

1000
CAXA_DRAFT_PARTNOSTYLEOVERRIDE
1070
     0
1070
     0
1070
     0
1070
     0
1070
     0
1070
     0
1070
     0
1070
     0
1070
     0
1070
     0
1070
     0
1070
     0
1070
     0
1070
     0
1070
     0
1070
     0
  0
XRECORD
  5
100
102
{ACAD_REACTORS
330
FF
102
}
330
FF
100
AcDbXrecord
280
     1
1000

1000
CAXA_DRAFT_CURRENTROUGHSTYLE
1000
GB(131-93)
  0
XRECORD
  5
102
102
{ACAD_REACTORS
330
FF
102
}
330
FF
100
AcDbXrecord
280
     1
1000

1000
CAXA_DRAFT_ROUGHSTYLE
1000
GB(131-93)
1000

1000
标准
1000
标准
1000
Continuous
1071
1090519039
1071
1090519039
1041
3.5
1041
1.0
1041
0.0
1071
        0
1041
0.0
1071
        0
1071
        1
1070
     1
1070
     0
1070
     0
  0
XRECORD
  5
101
102
{ACAD_REACTORS
330
FF
102
}
330
FF
100
AcDbXrecord
280
     1
1000

1000
CAXA_DRAFT_ROUGHSTYLE
1000
标准
1000

1000
标准
1000
标准
1000
Continuous
1071
1090519039
1071
1090519039
1041
3.5
1041
1.0
1041
0.0
1071
        0
1041
0.0
1071
        0
1071
        1
1070
     1
1070
     0
1070
     0
  0
XRECORD
  5
104
102
{ACAD_REACTORS
330
103
102
}
330
103
100
AcDbXrecord
280
     1
1000

1000
CAXA_DRAFT_ROUGHSTYLEOVERRIDE
1070
     0
1070
     0
1070
     0
1070
     0
1070
     0
1070
     0
1070
     0
1070
     0
1070
     0
1070
     0
1070
     0
1070
     0
  0
XRECORD
  5
30D
102
{ACAD_REACTORS
330
30C
102
}
330
30C
100
AcDbXrecord
280
     1
1000
CAXA_DRAFT_STDDATA
1071
     5730
1004
18000000310036002E0030002E0030002E00360032003200370000001A0000002A005300740061006E0064006100720064004D006700720000001200000001000000000000000000F03F000000000100000006000000470042000000080000002A004700420000001300000006000000470042000000FFFF00000000800008
1004
00000000008000E3FFFFFF0000000000000C40FFFFFF40010000000000000000001040FFFFFF4004000000FFFFFF40FFFF000000000C000000470042005F003A5CF85B0000060000000768C65100000D00000062180AC173A1D341AC13A517A280BD85100000002A00440049004D0053005400440000001400000001000000
1004
25
1004
9DF64A6F542643BFC74B8B1F6D71FA02000000000002000000000000008000080000000000010000000000010000000000010000000000010000000000020000000000010000000000010000000000010000000000010000000000020000000000FFFF000000000000244000000000000028400C000000470042005F003A5C
1004
F85B0000020000000000C6214C6C6E2B124B990DDA77D01DDBDA140000002A0052004F0055004700480053005400440000001600000001000000708C6003FCA6F84FA01B1854F3AD4C2918000000470042002F00540020003100330031002D0039003300000018000000470042002F00540020003100330031002D00390033
1004
00
1004
0000000080000900000002000000020000000200000001000000020000000000FFFF090000000000000004000000300000000100000001000000040000003000000001000000020000000400000030000000010000000300000004000000300000000100000004000000040000003000000001000000060000000400000030
1004
0000000100000007000000040000003000000001000000080000000400000030000000010000000A000000040000003000000001000000160000004700420028003100330031002D00390033002900000018000000470042002F00540020003100330031002D003900330000005F702C7848A26047AA45EF6977F15D811200
1004
00
1004
002A00570045004C0044005300540044000000180000000100000009176A59B4AD5D40A81D3C0A9D8CD0312C0000004700420020003300320034002D00380038002C00200047004200200035003100380035002D003800350000002C0000004700420020003300320034002D00380038002C00200047004200200035003100
1004
380035002D00380035000000000080000A0000000400000001000000190000000000000001000000FFFF0A0000007753B98F0A711D7F0000000000000100000001000000FFFF0A0000004900625F0A711D7F0000000000000200000001000000FFFF0A0000005600625F0A711D7F0000000000000300000001000000FFFF0E
1004
00
1004
00005553B98F5600625F0A711D7F0000000000000400000001000000FFFF10000000265E9D94B98F5600625F0A711D7F0000000000000500000001000000FFFF14000000265E9D94B98F5553B98F5600625F0A711D7F0000000000000600000001000000FFFF10000000265E9D94B98F5500625F0A711D7F00000000000007
1004
00000001000000FFFF10000000265E9D94B98F4A00625F0A711D7F0000000000000800000001000000FFFF0A000000015C955E0A711D7F0000000000000900000001000000FFFF08000000D2890A711D7F0000000000000A00000001000000FFFF100000005E580A711D7F1662FD690A711D7F0000000000000B0000000100
1004
00
1004
00FFFF08000000B9700A711D7F0000000000000C00000001000000FFFF14000000B9700A711D7F28004F50BB792D4EC35F29000000000000000D00000001000000FFFF080000001D7F0A711D7F0000000000000E00000001000000FFFF140000001D7F0A711D7F28004F50BB792D4EC35F2900000000000000E80300000100
1004
0000FFFF120000006196A74F56008B576157E35306580A71000000000000E903000001000000FFFF160000005553B98F6196A74F56008B576157E35306580A71000000000000EA03000001000000FFFF0A000000EF7AA5630A711D7F000000000000EB03000001000000FFFF0A0000009862E053A563E353000000000000EC
1004
03
1004
000001000000FFFF0A0000003E509C650A711D7F000000000000ED03000001000000FFFF0A00000006580A71A5633459000000000000EE03000001000000FFFF0A0000003E509C65A5633459000000000000F203000001000000FFFF0C000000EF53FB7964966C88AB57000000000000F303000001000000FFFF0A00000001
1004
63454E6C88AB57000000000000F403000001000000FFFF0C000000EF53FB7964966C88AB5700000000000002000000090000000000000001000000FFFF100000002C7B004ECD79735E6297267BF7530000000000000100000001000000FFFF100000002C7B8C4ECD79735E6297267BF7530000000000000200000001000000
1004
FF
1004
FF100000002C7B094ECD79735E6297267BF7530000000000000300000001000000FFFF100000002C7B004ECD79F9516297267BF7530000000000000400000001000000FFFF100000002C7B8C4ECD79F9516297267BF7530000000000000500000001000000FFFF100000002C7B004ECD79F8516297267BF753000000000000
1004
0600000001000000FFFF100000002C7B8C4ECD79F8516297267BF753000000000000F003000001000000FFFF0E000000BE8DE890735ED16EC78F216E000000000000F103000001000000FFFF0A0000004A52735E0A711D7F00000000000020000000090000000100000001000000FFFF0C000000265EAB577F67267BF75300
1004
00
1004
000000000200000001000000FFFF0E000000094E62970A711D7F267BF7530000000000000400000001000000FFFF0E0000006854F4560A711D7F267BF7530000000000000800000001000000FFFF0A000000B0733A57267BF7530000000000001000000001000000FFFF0A0000003E5CE890267BF753000000000000200000
1004
0001000000FFFF12000000A44E1995AD65ED7E0A71A563267BF7530000000000004000000001000000FFFF0E000000094E62970A711D7F267BF7530000000000008000000001000000FFFF0E000000094E62970A711D7F267BF7530000000000000001000001000000FFFF0E000000094E62970A711D7F267BF75300000000
1004
00
1004
0040000000050000001000000001000000FFFF0C0000008755ED53625F0A711D7F0000000000001100000001000000FFFF100000005553B98F8755ED53625F0A711D7F0000000000001200000001000000FFFF0800000006580A711D7F0000000000001300000001000000FFFF0A0000000195B98F0A711D7F000000000000
1004
1400000001000000FFFF0A0000000195B98F6157E353000000000000160000004700420028003300320034002D0038003800290000002C0000004700420020003300320034002D00380038002C00200047004200200035003100380035002D0038003500000082D93BE9997F4041881A19EB1C8F9D46160000002A00470045
1004
00
1004
4F0054004F004C0053005400440000001A00000001000000DA579D9AD23AC242B38B91F0E32D71C81E000000470042002F005400200031003100380032002D00320030003000380000001E000000470042002F005400200031003100380032002D0032003000300038000000000080000B00000002000000010000000E0000
1004
000000000001000000FFFF08000000F476BF7EA65E00000200000000000100000001000000FFFF08000000735E6297A65E00000200000000000200000001000000FFFF060000000657A65E00000200000000000300000001000000FFFF080000000657F167A65E00000200000000000400000001000000FFFF0A000000BF7E
1004
6E
1004
8FD35EA65E00000200000000000500000001000000FFFF0A00000062976E8FD35EA65E00000200000000000600000001000000FFFF08000000735E4C88A65E00000200000000000700000001000000FFFF080000008257F476A65E00000200000000000800000001000000FFFF080000003E509C65A65E0000020000000000
1004
0900000001000000FFFF060000004D4F6E7F00000200000000000A00000001000000FFFF080000000C54748FA65E00000200000000000B00000001000000FFFF08000000F95BF079A65E00000200000000000C00000001000000FFFF080000000657F38DA85200000200000000000D00000001000000FFFF080000006851F3
1004
8D
1004
A85200000200000000000200000006000000FFFFFFFF01000000FFFF0E000000006727599E5B534F8189426C0000040000006D000000FFFFFFFF01000000FFFF0C000000F65E384F6C51EE5D265E00000400000070000000FFFFFFFF01000000FFFF0E00000000670F5C9E5B534F8189426C0000040000006C000000FFFFFF
1004
FF01000000FFFF0E000000EA813175B67201606167F64E00000400000066000000FFFFFFFF01000000FFFF0A0000000553B95B8189426C00000400000065000000FFFFFFFF01000000FFFF100000000D4E038051867972815F3A5CF85B000004000000720000001C00000047004200280031003100380032002D0032003000
1004
30
1004
003800290000001E000000470042002F005400200031003100380032002D00320030003000380000009C9ED3E9A127ED45BC38BDB2527851D1140000002A0044004100540055004D0053005400440000001C00000001000000ABFD65BDD14B5A469C00E35FDA50A4141E000000470042002F00540020003100310038003200
1004
2D00320030003000380000001E000000470042002F005400200031003100380032002D0032003000300038000000000080000C0000001C00000047004200280031003100380032002D003200300030003800290000001E000000470042002F005400200031003100380032002D0032003000300038000000F527A1CFE2A4C2
1004
4B
1004
8D50B0822447D51C120000002A00430055005400530053005400440000001E000000010000000230145DFF6B0A4FAD5D7DE6F4E1A14220000000470042002F0054002000310037003400350032002D003100390039003800000020000000470042002F0054002000310037003400350032002D0031003900390038000000FF
1004
FF0000000000000000000080000D0000001E000000470042002800310037003400350032002D0031003900390038002900000020000000470042002F0054002000310037003400350032002D0031003900390038000000B4471AD2BD196342BD5B37F15E7019F5160000002A0050004100520054004E004F00530054004400
1004
00
1004
002000000001000000C538618EBE14A64387B54D2A0BE42DC522000000470042002F005400200034003400350038002E0032002D003200300030003300000022000000470042002F005400200034003400350038002E0032002D0032003000300033000000FFFF02000000000080000E000000200000004700420028003400
1004
3400350038002E0032002D0032003000300033002900000022000000470042002F005400200034003400350038002E0032002D0032003000300033000000B283886E965F1540BDADBD78F4779C6C100000002A0042004F004D00530054004400000022000000010000009E16704288DD1145BE6AD6C7BD512A9D2200000047
1004
00
1004
42002F005400200034003400350038002E0032002D003200300030003300000022000000470042002F005400200034003400350038002E0032002D0032003000300033000000040000000100000001000000010000000100000001000000FFFF01000000000001000000010000000100000001000000010000000100000001
1004
0000000100000001000000000080000F0000002000000047004200280034003400350038002E0032002D0032003000300033002900000022000000470042002F005400200034003400350038002E0032002D00320030003000330000004D03C971A7683844874BB3EDB2ECE4A11E0000002A00430045004E00540045005200
1004
4C
1004
0049004E00450053005400440000002400000001000000239CCD5064AB684FAAFCCD0171048ABB22000000470042002F005400200034003400350037002E0034002D003200300030003200000022000000470042002F005400200034003400350037002E0034002D0032003000300032000000000000000000000000000840
1004
333333333333F33FFFFF22000000470042002F005400200034003400350037002E0034002D003200300030003200000060E27056119B2C499C7549322AC316521E0000002A00440045005400410049004C00560049004500570053005400440000002600000001000000FD693F42D5F0B04C9524885E6901AEBF1C00000047
1004
00
1004
42002F0054002000310034003600390030002D003900330000001C000000470042002F0054002000310034003600390030002D003900330000000000000000008000E3FFFFFF020000000000000000000C40FFFFFF4000008000F3FFFFFFFFFFFFFF0100000000000000000000000000104000000000060000000768C65100
1004
0010000000420079004C00610079006500720000001C000000470042002F0054002000310034003600390030002D00390033000000378324DF0EC65241979A18E3709AB2491A0000002A0048004F004C0045004C00490053005400530054004400000028000000010000009FAC568DC972D34C8EDE1697EA2C4F3B02000000
1004
00
1004
00020000000000000000000000000000000000000000000000000000000000000000000000000000000400000000000000050000000200000000000100000000000000000024400000000000000100000000000000000000000200000005000000040000005800000002000000000000000000344000000000000001000000
1004
010000000000000002000000050000000400000059000000030000000000000000003440000000000000010000000100000000000000020000000500000006000000545B845F0000040000000000000000003940000000000000010000000100000000000000020000000000589549FE22248744AF67DF08A8858E931C0000
1004
00
1004
2A00440049004D004C004500410044004500520053005400440000002A000000010000009CB4A305A33EE242B7971B4FE93D0C5122000000470042002F005400200034003400350038002E0034002D003100390038003400000022000000470042002F005400200034003400350038002E0034002D00310039003800340000
1004
00FFFF010000000000000000001040FFFFFF400000000000000840FFFFFF400000000000008000100000001C000000470042005F00155FFA51F48B0E66280031003900380034002900000022000000470042002F005400200034003400350038002E0034002D003100390038003400000081C6337BDA0E9143B488CF0D537F
1004
A3
1004
18140000002A005400410050004500520053005400440000002C000000010000004AE75D8F20808C438F29EBD0D2D3A2CB44000000470042002F005400200034003400350038002E0034002D0032003000300033002C002000470042002F0054002000310035003700350034002D0031003900390035000000440000004700
1004
42002F005400200034003400350038002E0034002D0032003000300033002C002000470042002F0054002000310035003700350034002D00310039003900350000000000000000000000040000003A000000010000000000000000001040FFFFFF400000000000000840FFFFFF40000080001100000018000000470042005F
1004
00
1004
2595A65E280032003000300033002900000044000000470042002F005400200034003400350038002E0034002D0032003000300033002C002000470042002F0054002000310035003700350034002D0031003900390035000000100000002A00440049004D00530054004400000006000000470042000000
  0
XRECORD
  5
FA
102
{ACAD_REACTORS
330
F9
102
}
330
F9
100
AcDbXrecord
280
     1
1000

1000
CAXA_DRAFT_CURRENTWELDSTYLE
1000
GB(324-88)
  0
XRECORD
  5
FC
102
{ACAD_REACTORS
330
F9
102
}
330
F9
100
AcDbXrecord
280
     1
1000

1000
CAXA_DRAFT_WELDSTYLE
1000
GB(324-88)
1000

1000
标准
1000
标准
1041
0.3
1070
     0
1041
1.0
1041
0.5
1041
3.5
1041
1.0
1071
1090519039
1071
1090519039
1000
Dash
1041
0.0
1071
        0
1071
        1
1071
1090519039
  0
XRECORD
  5
FB
102
{ACAD_REACTORS
330
F9
102
}
330
F9
100
AcDbXrecord
280
     1
1000

1000
CAXA_DRAFT_WELDSTYLE
1000
标准
1000

1000
标准
1000
标准
1041
0.3
1070
     0
1041
1.0
1041
0.5
1041
3.5
1041
1.0
1071
1090519039
1071
1090519039
1000
Dash
1041
0.0
1071
        0
1071
        1
1071
1090519039
  0
XRECORD
  5
FE
102
{ACAD_REACTORS
330
FD
102
}
330
FD
100
AcDbXrecord
280
     1
1000

1000
CAXA_DRAFT_WELDSTYLEOVERRIDE
1070
     0
1070
     0
1070
     0
1070
     0
1070
     0
1070
     0
1070
     0
1070
     0
1070
     0
1070
     0
1070
     0
1070
     0
1070
     0
1070
     0
  0
DICTIONARY
  5
340
330
6A
100
AcDbDictionary
280
     1
281
     1
  3
ACAD_ROUNDTRIP_2008_TABLESTYLE_CELLSTYLEMAP
360
341
  0
DICTIONARY
  5
342
330
122
100
AcDbDictionary
280
     1
281
     1
  3
ACAD_ROUNDTRIP_2008_TABLESTYLE_CELLSTYLEMAP
360
343
  0
DICTIONARY
  5
318
330
2F
100
AcDbDictionary
280
     1
281
     1
  3
ACAD_XREC_ROUNDTRIP
360
319
  0
DICTIONARY
  5
31E
330
32
100
AcDbDictionary
280
     1
281
     1
  3
ACAD_XREC_ROUNDTRIP
360
31F
  0
DICTIONARY
  5
326
330
36
100
AcDbDictionary
280
     1
281
     1
  3
ACAD_XREC_ROUNDTRIP
360
327
  0
DICTIONARY
  5
32E
330
3A
100
AcDbDictionary
280
     1
281
     1
  3
ACAD_XREC_ROUNDTRIP
360
32F
  0
DICTIONARY
  5
322
330
34
100
AcDbDictionary
280
     1
281
     1
  3
ACAD_XREC_ROUNDTRIP
360
323
  0
DICTIONARY
  5
324
330
35
100
AcDbDictionary
280
     1
281
     1
  3
ACAD_XREC_ROUNDTRIP
360
325
  0
DICTIONARY
  5
334
330
3D
100
AcDbDictionary
280
     1
281
     1
  3
ACAD_XREC_ROUNDTRIP
360
335
  0
DICTIONARY
  5
32C
330
39
100
AcDbDictionary
280
     1
281
     1
  3
ACAD_XREC_ROUNDTRIP
360
32D
  0
DICTIONARY
  5
310
330
2B
100
AcDbDictionary
280
     1
281
     1
  3
ACAD_XREC_ROUNDTRIP
360
311
  0
DICTIONARY
  5
312
330
2C
100
AcDbDictionary
280
     1
281
     1
  3
ACAD_XREC_ROUNDTRIP
360
313
  0
DICTIONARY
  5
314
330
2D
100
AcDbDictionary
280
     1
281
     1
  3
ACAD_XREC_ROUNDTRIP
360
315
  0
DICTIONARY
  5
316
330
2E
100
AcDbDictionary
280
     1
281
     1
  3
ACAD_XREC_ROUNDTRIP
360
317
  0
DICTIONARY
  5
31C
330
31
100
AcDbDictionary
280
     1
281
     1
  3
ACAD_XREC_ROUNDTRIP
360
31D
  0
DICTIONARY
  5
330
330
3B
100
AcDbDictionary
280
     1
281
     1
  3
ACAD_XREC_ROUNDTRIP
360
331
  0
DICTIONARY
  5
32A
330
38
100
AcDbDictionary
280
     1
281
     1
  3
ACAD_XREC_ROUNDTRIP
360
32B
  0
DICTIONARY
  5
332
330
3C
100
AcDbDictionary
280
     1
281
     1
  3
ACAD_XREC_ROUNDTRIP
360
333
  0
DICTIONARY
  5
320
330
33
100
AcDbDictionary
280
     1
281
     1
  3
ACAD_XREC_ROUNDTRIP
360
321
  0
DICTIONARY
  5
33E
330
42
100
AcDbDictionary
280
     1
281
     1
  3
ACAD_XREC_ROUNDTRIP
360
33F
  0
DICTIONARY
  5
33C
330
41
100
AcDbDictionary
280
     1
281
     1
  3
ACAD_XREC_ROUNDTRIP
360
33D
  0
DICTIONARY
  5
336
330
3E
100
AcDbDictionary
280
     1
281
     1
  3
ACAD_XREC_ROUNDTRIP
360
337
  0
DICTIONARY
  5
338
330
3F
100
AcDbDictionary
280
     1
281
     1
  3
ACAD_XREC_ROUNDTRIP
360
339
  0
DICTIONARY
  5
328
330
37
100
AcDbDictionary
280
     1
281
     1
  3
ACAD_XREC_ROUNDTRIP
360
329
  0
DICTIONARY
  5
31A
330
30
100
AcDbDictionary
280
     1
281
     1
  3
ACAD_XREC_ROUNDTRIP
360
31B
  0
DICTIONARY
  5
33A
330
40
100
AcDbDictionary
280
     1
281
     1
  3
ACAD_XREC_ROUNDTRIP
360
33B
  0
CELLSTYLEMAP
  5
341
102
{ACAD_REACTORS
330
340
102
}
330
340
100
AcDbCellStyleMap
 90
        3
300
CELLSTYLE
  1
TABLEFORMAT_BEGIN
 90
        5
170
     1
 91
        0
 92
    32768
 62
   257
 93
        1
300
CONTENTFORMAT
  1
CONTENTFORMAT_BEGIN
 90
        0
 91
        0
 92
        4
 93
        0
300

 40
0.0
140
1.0
 94
        5
 62
     0
340
11
144
6.0
309
CONTENTFORMAT_END
171
     1
301
MARGIN
  1
CELLMARGIN_BEGIN
 40
1.5
 40
1.5
 40
1.5
 40
1.5
 40
1.5
 40
1.5
309
CELLMARGIN_END
 94
        6
 95
        1
302
GRIDFORMAT
  1
GRIDFORMAT_BEGIN
 90
        0
 91
        1
 62
     0
 92
       -2
340
14
 93
        0
 40
0.045
309
GRIDFORMAT_END
 95
        2
302
GRIDFORMAT
  1
GRIDFORMAT_BEGIN
 90
        0
 91
        1
 62
     0
 92
       -2
340
14
 93
        0
 40
0.045
309
GRIDFORMAT_END
 95
        4
302
GRIDFORMAT
  1
GRIDFORMAT_BEGIN
 90
        0
 91
        1
 62
     0
 92
       -2
340
14
 93
        0
 40
0.045
309
GRIDFORMAT_END
 95
        8
302
GRIDFORMAT
  1
GRIDFORMAT_BEGIN
 90
        0
 91
        1
 62
     0
 92
       -2
340
14
 93
        0
 40
0.045
309
GRIDFORMAT_END
 95
       16
302
GRIDFORMAT
  1
GRIDFORMAT_BEGIN
 90
        0
 91
        1
 62
     0
 92
       -2
340
14
 93
        0
 40
0.045
309
GRIDFORMAT_END
 95
       32
302
GRIDFORMAT
  1
GRIDFORMAT_BEGIN
 90
        0
 91
        1
 62
     0
 92
       -2
340
14
 93
        0
 40
0.045
309
GRIDFORMAT_END
309
TABLEFORMAT_END
  1
CELLSTYLE_BEGIN
 90
        1
 91
        1
300
_TITLE
309
CELLSTYLE_END
300
CELLSTYLE
  1
TABLEFORMAT_BEGIN
 90
        5
170
     1
 91
        0
 92
        0
 62
   257
 93
        1
300
CONTENTFORMAT
  1
CONTENTFORMAT_BEGIN
 90
        0
 91
        0
 92
        4
 93
        0
300

 40
0.0
140
1.0
 94
        5
 62
     0
340
11
144
4.5
309
CONTENTFORMAT_END
171
     1
301
MARGIN
  1
CELLMARGIN_BEGIN
 40
1.5
 40
1.5
 40
1.5
 40
1.5
 40
1.5
 40
1.5
309
CELLMARGIN_END
 94
        6
 95
        1
302
GRIDFORMAT
  1
GRIDFORMAT_BEGIN
 90
        0
 91
        1
 62
     0
 92
       -2
340
14
 93
        0
 40
0.045
309
GRIDFORMAT_END
 95
        2
302
GRIDFORMAT
  1
GRIDFORMAT_BEGIN
 90
        0
 91
        1
 62
     0
 92
       -2
340
14
 93
        0
 40
0.045
309
GRIDFORMAT_END
 95
        4
302
GRIDFORMAT
  1
GRIDFORMAT_BEGIN
 90
        0
 91
        1
 62
     0
 92
       -2
340
14
 93
        0
 40
0.045
309
GRIDFORMAT_END
 95
        8
302
GRIDFORMAT
  1
GRIDFORMAT_BEGIN
 90
        0
 91
        1
 62
     0
 92
       -2
340
14
 93
        0
 40
0.045
309
GRIDFORMAT_END
 95
       16
302
GRIDFORMAT
  1
GRIDFORMAT_BEGIN
 90
        0
 91
        1
 62
     0
 92
       -2
340
14
 93
        0
 40
0.045
309
GRIDFORMAT_END
 95
       32
302
GRIDFORMAT
  1
GRIDFORMAT_BEGIN
 90
        0
 91
        1
 62
     0
 92
       -2
340
14
 93
        0
 40
0.045
309
GRIDFORMAT_END
309
TABLEFORMAT_END
  1
CELLSTYLE_BEGIN
 90
        2
 91
        1
300
_HEADER
309
CELLSTYLE_END
300
CELLSTYLE
  1
TABLEFORMAT_BEGIN
 90
        5
170
     1
 91
        0
 92
        0
 62
   257
 93
        1
300
CONTENTFORMAT
  1
CONTENTFORMAT_BEGIN
 90
        0
 91
        0
 92
        4
 93
        0
300

 40
0.0
140
1.0
 94
        2
 62
     0
340
11
144
4.5
309
CONTENTFORMAT_END
171
     1
301
MARGIN
  1
CELLMARGIN_BEGIN
 40
1.5
 40
1.5
 40
1.5
 40
1.5
 40
1.5
 40
1.5
309
CELLMARGIN_END
 94
        6
 95
        1
302
GRIDFORMAT
  1
GRIDFORMAT_BEGIN
 90
        0
 91
        1
 62
     0
 92
       -2
340
14
 93
        0
 40
0.045
309
GRIDFORMAT_END
 95
        2
302
GRIDFORMAT
  1
GRIDFORMAT_BEGIN
 90
        0
 91
        1
 62
     0
 92
       -2
340
14
 93
        0
 40
0.045
309
GRIDFORMAT_END
 95
        4
302
GRIDFORMAT
  1
GRIDFORMAT_BEGIN
 90
        0
 91
        1
 62
     0
 92
       -2
340
14
 93
        0
 40
0.045
309
GRIDFORMAT_END
 95
        8
302
GRIDFORMAT
  1
GRIDFORMAT_BEGIN
 90
        0
 91
        1
 62
     0
 92
       -2
340
14
 93
        0
 40
0.045
309
GRIDFORMAT_END
 95
       16
302
GRIDFORMAT
  1
GRIDFORMAT_BEGIN
 90
        0
 91
        1
 62
     0
 92
       -2
340
14
 93
        0
 40
0.045
309
GRIDFORMAT_END
 95
       32
302
GRIDFORMAT
  1
GRIDFORMAT_BEGIN
 90
        0
 91
        1
 62
     0
 92
       -2
340
14
 93
        0
 40
0.045
309
GRIDFORMAT_END
309
TABLEFORMAT_END
  1
CELLSTYLE_BEGIN
 90
        3
 91
        2
300
_DATA
309
CELLSTYLE_END
  0
CELLSTYLEMAP
  5
343
102
{ACAD_REACTORS
330
342
102
}
330
342
100
AcDbCellStyleMap
 90
        3
300
CELLSTYLE
  1
TABLEFORMAT_BEGIN
 90
        5
170
     1
 91
        0
 92
    32768
 62
   257
 93
        1
300
CONTENTFORMAT
  1
CONTENTFORMAT_BEGIN
 90
        0
 91
        0
 92
 19529728
 93
        0
300

 40
0.0
140
1.0
 94
        5
 62
     0
340
EC
144
6.0
309
CONTENTFORMAT_END
171
     1
301
MARGIN
  1
CELLMARGIN_BEGIN
 40
1.5
 40
1.5
 40
1.5
 40
1.5
 40
0.06
 40
0.06
309
CELLMARGIN_END
 94
        6
 95
        1
302
GRIDFORMAT
  1
GRIDFORMAT_BEGIN
 90
        0
 91
        1
 62
     0
 92
       -2
340
14
 93
        0
 40
0.045
309
GRIDFORMAT_END
 95
        2
302
GRIDFORMAT
  1
GRIDFORMAT_BEGIN
 90
        0
 91
        1
 62
     0
 92
       -2
340
14
 93
        0
 40
0.045
309
GRIDFORMAT_END
 95
        4
302
GRIDFORMAT
  1
GRIDFORMAT_BEGIN
 90
        0
 91
        1
 62
     0
 92
       -2
340
14
 93
        0
 40
0.045
309
GRIDFORMAT_END
 95
        8
302
GRIDFORMAT
  1
GRIDFORMAT_BEGIN
 90
        0
 91
        1
 62
     0
 92
       -2
340
14
 93
        0
 40
0.045
309
GRIDFORMAT_END
 95
       16
302
GRIDFORMAT
  1
GRIDFORMAT_BEGIN
 90
        0
 91
        1
 62
     0
 92
       -2
340
14
 93
        0
 40
0.045
309
GRIDFORMAT_END
 95
       32
302
GRIDFORMAT
  1
GRIDFORMAT_BEGIN
 90
        0
 91
        1
 62
     0
 92
       -2
340
14
 93
        0
 40
0.045
309
GRIDFORMAT_END
309
TABLEFORMAT_END
  1
CELLSTYLE_BEGIN
 90
        1
 91
        0
300
_TITLE
309
CELLSTYLE_END
300
CELLSTYLE
  1
TABLEFORMAT_BEGIN
 90
        5
170
     1
 91
        0
 92
        0
 62
   257
 93
        1
300
CONTENTFORMAT
  1
CONTENTFORMAT_BEGIN
 90
        0
 91
        0
 92
 19529728
 93
        0
300

 40
0.0
140
1.0
 94
        5
 62
     0
340
EC
144
4.5
309
CONTENTFORMAT_END
171
     1
301
MARGIN
  1
CELLMARGIN_BEGIN
 40
1.5
 40
1.5
 40
1.5
 40
1.5
 40
0.06
 40
0.06
309
CELLMARGIN_END
 94
        6
 95
        1
302
GRIDFORMAT
  1
GRIDFORMAT_BEGIN
 90
        0
 91
        1
 62
     0
 92
       -2
340
14
 93
        0
 40
0.045
309
GRIDFORMAT_END
 95
        2
302
GRIDFORMAT
  1
GRIDFORMAT_BEGIN
 90
        0
 91
        1
 62
     0
 92
       -2
340
14
 93
        0
 40
0.045
309
GRIDFORMAT_END
 95
        4
302
GRIDFORMAT
  1
GRIDFORMAT_BEGIN
 90
        0
 91
        1
 62
     0
 92
       -2
340
14
 93
        0
 40
0.045
309
GRIDFORMAT_END
 95
        8
302
GRIDFORMAT
  1
GRIDFORMAT_BEGIN
 90
        0
 91
        1
 62
     0
 92
       -2
340
14
 93
        0
 40
0.045
309
GRIDFORMAT_END
 95
       16
302
GRIDFORMAT
  1
GRIDFORMAT_BEGIN
 90
        0
 91
        1
 62
     0
 92
       -2
340
14
 93
        0
 40
0.045
309
GRIDFORMAT_END
 95
       32
302
GRIDFORMAT
  1
GRIDFORMAT_BEGIN
 90
        0
 91
        1
 62
     0
 92
       -2
340
14
 93
        0
 40
0.045
309
GRIDFORMAT_END
309
TABLEFORMAT_END
  1
CELLSTYLE_BEGIN
 90
        2
 91
        0
300
_HEADER
309
CELLSTYLE_END
300
CELLSTYLE
  1
TABLEFORMAT_BEGIN
 90
        5
170
     1
 91
        0
 92
        0
 62
   257
 93
        1
300
CONTENTFORMAT
  1
CONTENTFORMAT_BEGIN
 90
        0
 91
        0
 92
 19529728
 93
        0
300

 40
0.0
140
1.0
 94
        2
 62
     0
340
EC
144
4.5
309
CONTENTFORMAT_END
171
     1
301
MARGIN
  1
CELLMARGIN_BEGIN
 40
1.5
 40
1.5
 40
1.5
 40
1.5
 40
0.06
 40
0.06
309
CELLMARGIN_END
 94
        6
 95
        1
302
GRIDFORMAT
  1
GRIDFORMAT_BEGIN
 90
        0
 91
        1
 62
     0
 92
       -2
340
14
 93
        0
 40
0.045
309
GRIDFORMAT_END
 95
        2
302
GRIDFORMAT
  1
GRIDFORMAT_BEGIN
 90
        0
 91
        1
 62
     0
 92
       -2
340
14
 93
        0
 40
0.045
309
GRIDFORMAT_END
 95
        4
302
GRIDFORMAT
  1
GRIDFORMAT_BEGIN
 90
        0
 91
        1
 62
     0
 92
       -2
340
14
 93
        0
 40
0.045
309
GRIDFORMAT_END
 95
        8
302
GRIDFORMAT
  1
GRIDFORMAT_BEGIN
 90
        0
 91
        1
 62
     0
 92
       -2
340
14
 93
        0
 40
0.045
309
GRIDFORMAT_END
 95
       16
302
GRIDFORMAT
  1
GRIDFORMAT_BEGIN
 90
        0
 91
        1
 62
     0
 92
       -2
340
14
 93
        0
 40
0.045
309
GRIDFORMAT_END
 95
       32
302
GRIDFORMAT
  1
GRIDFORMAT_BEGIN
 90
        0
 91
        1
 62
     0
 92
       -2
340
14
 93
        0
 40
0.045
309
GRIDFORMAT_END
309
TABLEFORMAT_END
  1
CELLSTYLE_BEGIN
 90
        3
 91
        0
300
_DATA
309
CELLSTYLE_END
  0
XRECORD
  5
319
102
{ACAD_REACTORS
330
318
102
}
330
318
100
AcDbXrecord
280
     1
102
RTVSPost2010Prop28
280
     1
102
RTVSPost2010PropOp28
 70
     1
102
RTVSPost2010Prop29
280
     1
102
RTVSPost2010PropOp29
 70
     1
102
RTVSPost2010Prop30
280
     0
102
RTVSPost2010PropOp30
 70
     1
102
RTVSPost2010Prop31
280
     0
102
RTVSPost2010PropOp31
 70
     1
102
RTVSPost2010Prop32
280
     0
102
RTVSPost2010PropOp32
 70
     1
102
RTVSPost2010Prop33
280
     0
102
RTVSPost2010PropOp33
 70
     1
102
RTVSPost2010Prop34
280
     0
102
RTVSPost2010PropOp34
 70
     1
102
RTVSPost2010Prop35
280
     0
102
RTVSPost2010PropOp35
 70
     1
102
RTVSPost2010Prop36
280
     0
102
RTVSPost2010PropOp36
 70
     1
102
RTVSPost2010Prop37
 90
       50
102
RTVSPost2010PropOp37
 70
     1
102
RTVSPost2010Prop38
140
0.0
102
RTVSPost2010PropOp38
 70
     1
102
RTVSPost2010Prop39
140
1.0
102
RTVSPost2010PropOp39
 70
     1
102
RTVSPost2010Prop40
 90
        0
102
RTVSPost2010PropOp40
 70
     1
102
RTVSPost2010Prop41ColorIndex
 90
       18
102
RTVSPost2010Prop41ColorRGB
 90
        0
102
RTVSPost2010PropOp41
 70
     1
102
RTVSPost2010Prop42
 90
       50
102
RTVSPost2010PropOp42
 70
     1
102
RTVSPost2010Prop43
 90
        3
102
RTVSPost2010PropOp43
 70
     1
102
RTVSPost2010Prop44ColorIndex
 90
        5
102
RTVSPost2010Prop44ColorRGB
 90
      255
102
RTVSPost2010PropOp44
 70
     1
102
RTVSPost2010Prop45
280
     0
102
RTVSPost2010PropOp45
 70
     1
102
RTVSPost2010Prop46
 90
       50
102
RTVSPost2010PropOp46
 70
     1
102
RTVSPost2010Prop47
 90
       50
102
RTVSPost2010PropOp47
 70
     1
102
RTVSPost2010Prop48
 90
       50
102
RTVSPost2010PropOp48
 70
     1
102
RTVSPost2010Prop49
280
     0
102
RTVSPost2010PropOp49
 70
     1
102
RTVSPost2010Prop50
 90
       50
102
RTVSPost2010PropOp50
 70
     1
102
RTVSPost2010Prop51ColorIndex
 90
      256
102
RTVSPost2010Prop51ColorRGB
 90
-16777216
102
RTVSPost2010PropOp51
 70
     0
102
RTVSPost2010Prop52
140
1.0
102
RTVSPost2010PropOp52
 70
     0
102
RTVSPost2010Prop53
 90
        2
102
RTVSPost2010PropOp53
 70
     1
102
RTVSPost2010Prop54
  1
strokes_ogs.tif
102
RTVSPost2010PropOp54
 70
     1
102
RTVSPost2010Prop55
280
     0
102
RTVSPost2010PropOp55
 70
     1
102
RTVSPost2010Prop56
140
1.0
102
RTVSPost2010PropOp56
 70
     1
102
RTVSPost2010Prop57
140
1.0
102
RTVSPost2010PropOp57
 70
     1
  0
XRECORD
  5
31F
102
{ACAD_REACTORS
330
31E
102
}
330
31E
100
AcDbXrecord
280
     1
102
RTVSPost2010Prop28
280
     0
102
RTVSPost2010PropOp28
 70
     1
102
RTVSPost2010Prop29
280
     1
102
RTVSPost2010PropOp29
 70
     1
102
RTVSPost2010Prop30
280
     1
102
RTVSPost2010PropOp30
 70
     1
102
RTVSPost2010Prop31
280
     0
102
RTVSPost2010PropOp31
 70
     1
102
RTVSPost2010Prop32
280
     0
102
RTVSPost2010PropOp32
 70
     1
102
RTVSPost2010Prop33
280
     0
102
RTVSPost2010PropOp33
 70
     1
102
RTVSPost2010Prop34
280
     0
102
RTVSPost2010PropOp34
 70
     1
102
RTVSPost2010Prop35
280
     0
102
RTVSPost2010PropOp35
 70
     1
102
RTVSPost2010Prop36
280
     0
102
RTVSPost2010PropOp36
 70
     1
102
RTVSPost2010Prop37
 90
       50
102
RTVSPost2010PropOp37
 70
     1
102
RTVSPost2010Prop38
140
0.0
102
RTVSPost2010PropOp38
 70
     1
102
RTVSPost2010Prop39
140
1.0
102
RTVSPost2010PropOp39
 70
     1
102
RTVSPost2010Prop40
 90
        0
102
RTVSPost2010PropOp40
 70
     1
102
RTVSPost2010Prop41ColorIndex
 90
       18
102
RTVSPost2010Prop41ColorRGB
 90
        0
102
RTVSPost2010PropOp41
 70
     1
102
RTVSPost2010Prop42
 90
       50
102
RTVSPost2010PropOp42
 70
     1
102
RTVSPost2010Prop43
 90
        3
102
RTVSPost2010PropOp43
 70
     1
102
RTVSPost2010Prop44ColorIndex
 90
        5
102
RTVSPost2010Prop44ColorRGB
 90
      255
102
RTVSPost2010PropOp44
 70
     1
102
RTVSPost2010Prop45
280
     0
102
RTVSPost2010PropOp45
 70
     1
102
RTVSPost2010Prop46
 90
       50
102
RTVSPost2010PropOp46
 70
     1
102
RTVSPost2010Prop47
 90
       50
102
RTVSPost2010PropOp47
 70
     1
102
RTVSPost2010Prop48
 90
       50
102
RTVSPost2010PropOp48
 70
     1
102
RTVSPost2010Prop49
280
     0
102
RTVSPost2010PropOp49
 70
     1
102
RTVSPost2010Prop50
 90
       50
102
RTVSPost2010PropOp50
 70
     1
102
RTVSPost2010Prop51ColorIndex
 90
      256
102
RTVSPost2010Prop51ColorRGB
 90
-16777216
102
RTVSPost2010PropOp51
 70
     0
102
RTVSPost2010Prop52
140
1.0
102
RTVSPost2010PropOp52
 70
     0
102
RTVSPost2010Prop53
 90
        2
102
RTVSPost2010PropOp53
 70
     1
102
RTVSPost2010Prop54
  1
strokes_ogs.tif
102
RTVSPost2010PropOp54
 70
     1
102
RTVSPost2010Prop55
280
     0
102
RTVSPost2010PropOp55
 70
     1
102
RTVSPost2010Prop56
140
1.0
102
RTVSPost2010PropOp56
 70
     1
102
RTVSPost2010Prop57
140
1.0
102
RTVSPost2010PropOp57
 70
     1
  0
XRECORD
  5
327
102
{ACAD_REACTORS
330
326
102
}
330
326
100
AcDbXrecord
280
     1
102
RTVSPost2010Prop28
280
     0
102
RTVSPost2010PropOp28
 70
     1
102
RTVSPost2010Prop29
280
     1
102
RTVSPost2010PropOp29
 70
     1
102
RTVSPost2010Prop30
280
     1
102
RTVSPost2010PropOp30
 70
     1
102
RTVSPost2010Prop31
280
     0
102
RTVSPost2010PropOp31
 70
     1
102
RTVSPost2010Prop32
280
     0
102
RTVSPost2010PropOp32
 70
     1
102
RTVSPost2010Prop33
280
     0
102
RTVSPost2010PropOp33
 70
     1
102
RTVSPost2010Prop34
280
     0
102
RTVSPost2010PropOp34
 70
     1
102
RTVSPost2010Prop35
280
     0
102
RTVSPost2010PropOp35
 70
     1
102
RTVSPost2010Prop36
280
     0
102
RTVSPost2010PropOp36
 70
     1
102
RTVSPost2010Prop37
 90
       50
102
RTVSPost2010PropOp37
 70
     1
102
RTVSPost2010Prop38
140
0.0
102
RTVSPost2010PropOp38
 70
     1
102
RTVSPost2010Prop39
140
1.0
102
RTVSPost2010PropOp39
 70
     1
102
RTVSPost2010Prop40
 90
        0
102
RTVSPost2010PropOp40
 70
     1
102
RTVSPost2010Prop41ColorIndex
 90
       18
102
RTVSPost2010Prop41ColorRGB
 90
        0
102
RTVSPost2010PropOp41
 70
     1
102
RTVSPost2010Prop42
 90
       50
102
RTVSPost2010PropOp42
 70
     1
102
RTVSPost2010Prop43
 90
        3
102
RTVSPost2010PropOp43
 70
     1
102
RTVSPost2010Prop44ColorIndex
 90
        5
102
RTVSPost2010Prop44ColorRGB
 90
      255
102
RTVSPost2010PropOp44
 70
     1
102
RTVSPost2010Prop45
280
     0
102
RTVSPost2010PropOp45
 70
     1
102
RTVSPost2010Prop46
 90
       50
102
RTVSPost2010PropOp46
 70
     1
102
RTVSPost2010Prop47
 90
       50
102
RTVSPost2010PropOp47
 70
     1
102
RTVSPost2010Prop48
 90
       50
102
RTVSPost2010PropOp48
 70
     1
102
RTVSPost2010Prop49
280
     0
102
RTVSPost2010PropOp49
 70
     1
102
RTVSPost2010Prop50
 90
       50
102
RTVSPost2010PropOp50
 70
     1
102
RTVSPost2010Prop51ColorIndex
 90
      256
102
RTVSPost2010Prop51ColorRGB
 90
-16777216
102
RTVSPost2010PropOp51
 70
     0
102
RTVSPost2010Prop52
140
1.0
102
RTVSPost2010PropOp52
 70
     0
102
RTVSPost2010Prop53
 90
        2
102
RTVSPost2010PropOp53
 70
     1
102
RTVSPost2010Prop54
  1
strokes_ogs.tif
102
RTVSPost2010PropOp54
 70
     1
102
RTVSPost2010Prop55
280
     0
102
RTVSPost2010PropOp55
 70
     1
102
RTVSPost2010Prop56
140
1.0
102
RTVSPost2010PropOp56
 70
     1
102
RTVSPost2010Prop57
140
1.0
102
RTVSPost2010PropOp57
 70
     1
  0
XRECORD
  5
32F
102
{ACAD_REACTORS
330
32E
102
}
330
32E
100
AcDbXrecord
280
     1
102
RTVSPost2010Prop28
280
     0
102
RTVSPost2010PropOp28
 70
     1
102
RTVSPost2010Prop29
280
     1
102
RTVSPost2010PropOp29
 70
     1
102
RTVSPost2010Prop30
280
     1
102
RTVSPost2010PropOp30
 70
     1
102
RTVSPost2010Prop31
280
     0
102
RTVSPost2010PropOp31
 70
     1
102
RTVSPost2010Prop32
280
     0
102
RTVSPost2010PropOp32
 70
     1
102
RTVSPost2010Prop33
280
     0
102
RTVSPost2010PropOp33
 70
     1
102
RTVSPost2010Prop34
280
     0
102
RTVSPost2010PropOp34
 70
     1
102
RTVSPost2010Prop35
280
     0
102
RTVSPost2010PropOp35
 70
     1
102
RTVSPost2010Prop36
280
     0
102
RTVSPost2010PropOp36
 70
     1
102
RTVSPost2010Prop37
 90
       50
102
RTVSPost2010PropOp37
 70
     1
102
RTVSPost2010Prop38
140
0.0
102
RTVSPost2010PropOp38
 70
     1
102
RTVSPost2010Prop39
140
1.0
102
RTVSPost2010PropOp39
 70
     1
102
RTVSPost2010Prop40
 90
        0
102
RTVSPost2010PropOp40
 70
     1
102
RTVSPost2010Prop41ColorIndex
 90
       18
102
RTVSPost2010Prop41ColorRGB
 90
        0
102
RTVSPost2010PropOp41
 70
     1
102
RTVSPost2010Prop42
 90
       50
102
RTVSPost2010PropOp42
 70
     1
102
RTVSPost2010Prop43
 90
        3
102
RTVSPost2010PropOp43
 70
     1
102
RTVSPost2010Prop44ColorIndex
 90
        5
102
RTVSPost2010Prop44ColorRGB
 90
      255
102
RTVSPost2010PropOp44
 70
     1
102
RTVSPost2010Prop45
280
     0
102
RTVSPost2010PropOp45
 70
     1
102
RTVSPost2010Prop46
 90
       50
102
RTVSPost2010PropOp46
 70
     1
102
RTVSPost2010Prop47
 90
       50
102
RTVSPost2010PropOp47
 70
     1
102
RTVSPost2010Prop48
 90
       50
102
RTVSPost2010PropOp48
 70
     1
102
RTVSPost2010Prop49
280
     0
102
RTVSPost2010PropOp49
 70
     1
102
RTVSPost2010Prop50
 90
       50
102
RTVSPost2010PropOp50
 70
     1
102
RTVSPost2010Prop51ColorIndex
 90
      256
102
RTVSPost2010Prop51ColorRGB
 90
-16777216
102
RTVSPost2010PropOp51
 70
     0
102
RTVSPost2010Prop52
140
1.0
102
RTVSPost2010PropOp52
 70
     0
102
RTVSPost2010Prop53
 90
        2
102
RTVSPost2010PropOp53
 70
     1
102
RTVSPost2010Prop54
  1
strokes_ogs.tif
102
RTVSPost2010PropOp54
 70
     1
102
RTVSPost2010Prop55
280
     0
102
RTVSPost2010PropOp55
 70
     1
102
RTVSPost2010Prop56
140
1.0
102
RTVSPost2010PropOp56
 70
     1
102
RTVSPost2010Prop57
140
1.0
102
RTVSPost2010PropOp57
 70
     1
  0
XRECORD
  5
323
102
{ACAD_REACTORS
330
322
102
}
330
322
100
AcDbXrecord
280
     1
102
RTVSPost2010Prop28
280
     0
102
RTVSPost2010PropOp28
 70
     1
102
RTVSPost2010Prop29
280
     1
102
RTVSPost2010PropOp29
 70
     1
102
RTVSPost2010Prop30
280
     1
102
RTVSPost2010PropOp30
 70
     1
102
RTVSPost2010Prop31
280
     0
102
RTVSPost2010PropOp31
 70
     1
102
RTVSPost2010Prop32
280
     0
102
RTVSPost2010PropOp32
 70
     1
102
RTVSPost2010Prop33
280
     0
102
RTVSPost2010PropOp33
 70
     1
102
RTVSPost2010Prop34
280
     0
102
RTVSPost2010PropOp34
 70
     1
102
RTVSPost2010Prop35
280
     0
102
RTVSPost2010PropOp35
 70
     1
102
RTVSPost2010Prop36
280
     0
102
RTVSPost2010PropOp36
 70
     1
102
RTVSPost2010Prop37
 90
       50
102
RTVSPost2010PropOp37
 70
     1
102
RTVSPost2010Prop38
140
0.0
102
RTVSPost2010PropOp38
 70
     1
102
RTVSPost2010Prop39
140
1.0
102
RTVSPost2010PropOp39
 70
     1
102
RTVSPost2010Prop40
 90
        0
102
RTVSPost2010PropOp40
 70
     1
102
RTVSPost2010Prop41ColorIndex
 90
       18
102
RTVSPost2010Prop41ColorRGB
 90
        0
102
RTVSPost2010PropOp41
 70
     1
102
RTVSPost2010Prop42
 90
       50
102
RTVSPost2010PropOp42
 70
     1
102
RTVSPost2010Prop43
 90
        3
102
RTVSPost2010PropOp43
 70
     1
102
RTVSPost2010Prop44ColorIndex
 90
        5
102
RTVSPost2010Prop44ColorRGB
 90
      255
102
RTVSPost2010PropOp44
 70
     1
102
RTVSPost2010Prop45
280
     0
102
RTVSPost2010PropOp45
 70
     1
102
RTVSPost2010Prop46
 90
       50
102
RTVSPost2010PropOp46
 70
     1
102
RTVSPost2010Prop47
 90
       50
102
RTVSPost2010PropOp47
 70
     1
102
RTVSPost2010Prop48
 90
       50
102
RTVSPost2010PropOp48
 70
     1
102
RTVSPost2010Prop49
280
     0
102
RTVSPost2010PropOp49
 70
     1
102
RTVSPost2010Prop50
 90
       50
102
RTVSPost2010PropOp50
 70
     1
102
RTVSPost2010Prop51ColorIndex
 90
      256
102
RTVSPost2010Prop51ColorRGB
 90
-16777216
102
RTVSPost2010PropOp51
 70
     0
102
RTVSPost2010Prop52
140
1.0
102
RTVSPost2010PropOp52
 70
     0
102
RTVSPost2010Prop53
 90
        2
102
RTVSPost2010PropOp53
 70
     1
102
RTVSPost2010Prop54
  1
strokes_ogs.tif
102
RTVSPost2010PropOp54
 70
     1
102
RTVSPost2010Prop55
280
     0
102
RTVSPost2010PropOp55
 70
     1
102
RTVSPost2010Prop56
140
1.0
102
RTVSPost2010PropOp56
 70
     1
102
RTVSPost2010Prop57
140
1.0
102
RTVSPost2010PropOp57
 70
     1
  0
XRECORD
  5
325
102
{ACAD_REACTORS
330
324
102
}
330
324
100
AcDbXrecord
280
     1
102
RTVSPost2010Prop28
280
     0
102
RTVSPost2010PropOp28
 70
     1
102
RTVSPost2010Prop29
280
     1
102
RTVSPost2010PropOp29
 70
     1
102
RTVSPost2010Prop30
280
     1
102
RTVSPost2010PropOp30
 70
     1
102
RTVSPost2010Prop31
280
     0
102
RTVSPost2010PropOp31
 70
     1
102
RTVSPost2010Prop32
280
     0
102
RTVSPost2010PropOp32
 70
     1
102
RTVSPost2010Prop33
280
     0
102
RTVSPost2010PropOp33
 70
     1
102
RTVSPost2010Prop34
280
     0
102
RTVSPost2010PropOp34
 70
     1
102
RTVSPost2010Prop35
280
     0
102
RTVSPost2010PropOp35
 70
     1
102
RTVSPost2010Prop36
280
     0
102
RTVSPost2010PropOp36
 70
     1
102
RTVSPost2010Prop37
 90
       50
102
RTVSPost2010PropOp37
 70
     1
102
RTVSPost2010Prop38
140
0.0
102
RTVSPost2010PropOp38
 70
     1
102
RTVSPost2010Prop39
140
1.0
102
RTVSPost2010PropOp39
 70
     1
102
RTVSPost2010Prop40
 90
        0
102
RTVSPost2010PropOp40
 70
     1
102
RTVSPost2010Prop41ColorIndex
 90
       18
102
RTVSPost2010Prop41ColorRGB
 90
        0
102
RTVSPost2010PropOp41
 70
     1
102
RTVSPost2010Prop42
 90
       50
102
RTVSPost2010PropOp42
 70
     1
102
RTVSPost2010Prop43
 90
        3
102
RTVSPost2010PropOp43
 70
     1
102
RTVSPost2010Prop44ColorIndex
 90
        5
102
RTVSPost2010Prop44ColorRGB
 90
      255
102
RTVSPost2010PropOp44
 70
     1
102
RTVSPost2010Prop45
280
     0
102
RTVSPost2010PropOp45
 70
     1
102
RTVSPost2010Prop46
 90
       50
102
RTVSPost2010PropOp46
 70
     1
102
RTVSPost2010Prop47
 90
       50
102
RTVSPost2010PropOp47
 70
     1
102
RTVSPost2010Prop48
 90
       50
102
RTVSPost2010PropOp48
 70
     1
102
RTVSPost2010Prop49
280
     0
102
RTVSPost2010PropOp49
 70
     1
102
RTVSPost2010Prop50
 90
       50
102
RTVSPost2010PropOp50
 70
     1
102
RTVSPost2010Prop51ColorIndex
 90
      256
102
RTVSPost2010Prop51ColorRGB
 90
-16777216
102
RTVSPost2010PropOp51
 70
     0
102
RTVSPost2010Prop52
140
1.0
102
RTVSPost2010PropOp52
 70
     0
102
RTVSPost2010Prop53
 90
        2
102
RTVSPost2010PropOp53
 70
     1
102
RTVSPost2010Prop54
  1
strokes_ogs.tif
102
RTVSPost2010PropOp54
 70
     1
102
RTVSPost2010Prop55
280
     0
102
RTVSPost2010PropOp55
 70
     1
102
RTVSPost2010Prop56
140
1.0
102
RTVSPost2010PropOp56
 70
     1
102
RTVSPost2010Prop57
140
1.0
102
RTVSPost2010PropOp57
 70
     1
  0
XRECORD
  5
335
102
{ACAD_REACTORS
330
334
102
}
330
334
100
AcDbXrecord
280
     1
102
RTVSPost2010Prop28
280
     0
102
RTVSPost2010PropOp28
 70
     0
102
RTVSPost2010Prop29
280
     1
102
RTVSPost2010PropOp29
 70
     0
102
RTVSPost2010Prop30
280
     1
102
RTVSPost2010PropOp30
 70
     0
102
RTVSPost2010Prop31
280
     0
102
RTVSPost2010PropOp31
 70
     0
102
RTVSPost2010Prop32
280
     0
102
RTVSPost2010PropOp32
 70
     0
102
RTVSPost2010Prop33
280
     0
102
RTVSPost2010PropOp33
 70
     0
102
RTVSPost2010Prop34
280
     0
102
RTVSPost2010PropOp34
 70
     0
102
RTVSPost2010Prop35
280
     0
102
RTVSPost2010PropOp35
 70
     0
102
RTVSPost2010Prop36
280
     0
102
RTVSPost2010PropOp36
 70
     0
102
RTVSPost2010Prop37
 90
       50
102
RTVSPost2010PropOp37
 70
     0
102
RTVSPost2010Prop38
140
0.0
102
RTVSPost2010PropOp38
 70
     0
102
RTVSPost2010Prop39
140
1.0
102
RTVSPost2010PropOp39
 70
     0
102
RTVSPost2010Prop40
 90
        0
102
RTVSPost2010PropOp40
 70
     0
102
RTVSPost2010Prop41ColorIndex
 90
       18
102
RTVSPost2010Prop41ColorRGB
 90
        0
102
RTVSPost2010PropOp41
 70
     0
102
RTVSPost2010Prop42
 90
       50
102
RTVSPost2010PropOp42
 70
     0
102
RTVSPost2010Prop43
 90
        3
102
RTVSPost2010PropOp43
 70
     0
102
RTVSPost2010Prop44ColorIndex
 90
        5
102
RTVSPost2010Prop44ColorRGB
 90
      255
102
RTVSPost2010PropOp44
 70
     0
102
RTVSPost2010Prop45
280
     0
102
RTVSPost2010PropOp45
 70
     0
102
RTVSPost2010Prop46
 90
       50
102
RTVSPost2010PropOp46
 70
     0
102
RTVSPost2010Prop47
 90
       50
102
RTVSPost2010PropOp47
 70
     0
102
RTVSPost2010Prop48
 90
       50
102
RTVSPost2010PropOp48
 70
     0
102
RTVSPost2010Prop49
280
     0
102
RTVSPost2010PropOp49
 70
     0
102
RTVSPost2010Prop50
 90
       50
102
RTVSPost2010PropOp50
 70
     0
102
RTVSPost2010Prop51ColorIndex
 90
      256
102
RTVSPost2010Prop51ColorRGB
 90
-16777216
102
RTVSPost2010PropOp51
 70
     0
102
RTVSPost2010Prop52
140
1.0
102
RTVSPost2010PropOp52
 70
     0
102
RTVSPost2010Prop53
 90
        2
102
RTVSPost2010PropOp53
 70
     0
102
RTVSPost2010Prop54
  1
strokes_ogs.tif
102
RTVSPost2010PropOp54
 70
     0
102
RTVSPost2010Prop55
280
     0
102
RTVSPost2010PropOp55
 70
     0
102
RTVSPost2010Prop56
140
1.0
102
RTVSPost2010PropOp56
 70
     0
102
RTVSPost2010Prop57
140
1.0
102
RTVSPost2010PropOp57
 70
     0
  0
XRECORD
  5
32D
102
{ACAD_REACTORS
330
32C
102
}
330
32C
100
AcDbXrecord
280
     1
102
RTVSPost2010Prop28
280
     0
102
RTVSPost2010PropOp28
 70
     1
102
RTVSPost2010Prop29
280
     1
102
RTVSPost2010PropOp29
 70
     1
102
RTVSPost2010Prop30
280
     1
102
RTVSPost2010PropOp30
 70
     1
102
RTVSPost2010Prop31
280
     0
102
RTVSPost2010PropOp31
 70
     1
102
RTVSPost2010Prop32
280
     0
102
RTVSPost2010PropOp32
 70
     1
102
RTVSPost2010Prop33
280
     0
102
RTVSPost2010PropOp33
 70
     1
102
RTVSPost2010Prop34
280
     0
102
RTVSPost2010PropOp34
 70
     1
102
RTVSPost2010Prop35
280
     0
102
RTVSPost2010PropOp35
 70
     1
102
RTVSPost2010Prop36
280
     0
102
RTVSPost2010PropOp36
 70
     1
102
RTVSPost2010Prop37
 90
       50
102
RTVSPost2010PropOp37
 70
     1
102
RTVSPost2010Prop38
140
0.0
102
RTVSPost2010PropOp38
 70
     1
102
RTVSPost2010Prop39
140
1.0
102
RTVSPost2010PropOp39
 70
     1
102
RTVSPost2010Prop40
 90
        0
102
RTVSPost2010PropOp40
 70
     1
102
RTVSPost2010Prop41ColorIndex
 90
       18
102
RTVSPost2010Prop41ColorRGB
 90
        0
102
RTVSPost2010PropOp41
 70
     1
102
RTVSPost2010Prop42
 90
       50
102
RTVSPost2010PropOp42
 70
     1
102
RTVSPost2010Prop43
 90
        3
102
RTVSPost2010PropOp43
 70
     1
102
RTVSPost2010Prop44ColorIndex
 90
        5
102
RTVSPost2010Prop44ColorRGB
 90
      255
102
RTVSPost2010PropOp44
 70
     1
102
RTVSPost2010Prop45
280
     0
102
RTVSPost2010PropOp45
 70
     1
102
RTVSPost2010Prop46
 90
       50
102
RTVSPost2010PropOp46
 70
     1
102
RTVSPost2010Prop47
 90
       50
102
RTVSPost2010PropOp47
 70
     1
102
RTVSPost2010Prop48
 90
       50
102
RTVSPost2010PropOp48
 70
     1
102
RTVSPost2010Prop49
280
     0
102
RTVSPost2010PropOp49
 70
     1
102
RTVSPost2010Prop50
 90
       50
102
RTVSPost2010PropOp50
 70
     1
102
RTVSPost2010Prop51ColorIndex
 90
      256
102
RTVSPost2010Prop51ColorRGB
 90
-16777216
102
RTVSPost2010PropOp51
 70
     0
102
RTVSPost2010Prop52
140
1.0
102
RTVSPost2010PropOp52
 70
     0
102
RTVSPost2010Prop53
 90
        2
102
RTVSPost2010PropOp53
 70
     1
102
RTVSPost2010Prop54
  1
strokes_ogs.tif
102
RTVSPost2010PropOp54
 70
     1
102
RTVSPost2010Prop55
280
     0
102
RTVSPost2010PropOp55
 70
     1
102
RTVSPost2010Prop56
140
1.0
102
RTVSPost2010PropOp56
 70
     1
102
RTVSPost2010Prop57
140
1.0
102
RTVSPost2010PropOp57
 70
     1
  0
XRECORD
  5
311
102
{ACAD_REACTORS
330
310
102
}
330
310
100
AcDbXrecord
280
     1
102
RTVSPost2010Prop28
280
     0
102
RTVSPost2010PropOp28
 70
     1
102
RTVSPost2010Prop29
280
     1
102
RTVSPost2010PropOp29
 70
     1
102
RTVSPost2010Prop30
280
     1
102
RTVSPost2010PropOp30
 70
     1
102
RTVSPost2010Prop31
280
     0
102
RTVSPost2010PropOp31
 70
     1
102
RTVSPost2010Prop32
280
     0
102
RTVSPost2010PropOp32
 70
     1
102
RTVSPost2010Prop33
280
     0
102
RTVSPost2010PropOp33
 70
     1
102
RTVSPost2010Prop34
280
     0
102
RTVSPost2010PropOp34
 70
     1
102
RTVSPost2010Prop35
280
     0
102
RTVSPost2010PropOp35
 70
     1
102
RTVSPost2010Prop36
280
     0
102
RTVSPost2010PropOp36
 70
     1
102
RTVSPost2010Prop37
 90
       50
102
RTVSPost2010PropOp37
 70
     1
102
RTVSPost2010Prop38
140
0.0
102
RTVSPost2010PropOp38
 70
     1
102
RTVSPost2010Prop39
140
1.0
102
RTVSPost2010PropOp39
 70
     1
102
RTVSPost2010Prop40
 90
        0
102
RTVSPost2010PropOp40
 70
     1
102
RTVSPost2010Prop41ColorIndex
 90
       18
102
RTVSPost2010Prop41ColorRGB
 90
        0
102
RTVSPost2010PropOp41
 70
     1
102
RTVSPost2010Prop42
 90
       50
102
RTVSPost2010PropOp42
 70
     1
102
RTVSPost2010Prop43
 90
        3
102
RTVSPost2010PropOp43
 70
     1
102
RTVSPost2010Prop44ColorIndex
 90
        5
102
RTVSPost2010Prop44ColorRGB
 90
      255
102
RTVSPost2010PropOp44
 70
     1
102
RTVSPost2010Prop45
280
     0
102
RTVSPost2010PropOp45
 70
     1
102
RTVSPost2010Prop46
 90
       50
102
RTVSPost2010PropOp46
 70
     1
102
RTVSPost2010Prop47
 90
       50
102
RTVSPost2010PropOp47
 70
     1
102
RTVSPost2010Prop48
 90
       50
102
RTVSPost2010PropOp48
 70
     1
102
RTVSPost2010Prop49
280
     0
102
RTVSPost2010PropOp49
 70
     1
102
RTVSPost2010Prop50
 90
       50
102
RTVSPost2010PropOp50
 70
     1
102
RTVSPost2010Prop51ColorIndex
 90
      256
102
RTVSPost2010Prop51ColorRGB
 90
-16777216
102
RTVSPost2010PropOp51
 70
     0
102
RTVSPost2010Prop52
140
1.0
102
RTVSPost2010PropOp52
 70
     0
102
RTVSPost2010Prop53
 90
        2
102
RTVSPost2010PropOp53
 70
     1
102
RTVSPost2010Prop54
  1
strokes_ogs.tif
102
RTVSPost2010PropOp54
 70
     1
102
RTVSPost2010Prop55
280
     0
102
RTVSPost2010PropOp55
 70
     1
102
RTVSPost2010Prop56
140
1.0
102
RTVSPost2010PropOp56
 70
     1
102
RTVSPost2010Prop57
140
1.0
102
RTVSPost2010PropOp57
 70
     1
  0
XRECORD
  5
313
102
{ACAD_REACTORS
330
312
102
}
330
312
100
AcDbXrecord
280
     1
102
RTVSPost2010Prop28
280
     0
102
RTVSPost2010PropOp28
 70
     1
102
RTVSPost2010Prop29
280
     1
102
RTVSPost2010PropOp29
 70
     1
102
RTVSPost2010Prop30
280
     1
102
RTVSPost2010PropOp30
 70
     1
102
RTVSPost2010Prop31
280
     0
102
RTVSPost2010PropOp31
 70
     1
102
RTVSPost2010Prop32
280
     0
102
RTVSPost2010PropOp32
 70
     1
102
RTVSPost2010Prop33
280
     0
102
RTVSPost2010PropOp33
 70
     1
102
RTVSPost2010Prop34
280
     0
102
RTVSPost2010PropOp34
 70
     1
102
RTVSPost2010Prop35
280
     0
102
RTVSPost2010PropOp35
 70
     1
102
RTVSPost2010Prop36
280
     0
102
RTVSPost2010PropOp36
 70
     1
102
RTVSPost2010Prop37
 90
       50
102
RTVSPost2010PropOp37
 70
     1
102
RTVSPost2010Prop38
140
0.0
102
RTVSPost2010PropOp38
 70
     1
102
RTVSPost2010Prop39
140
1.0
102
RTVSPost2010PropOp39
 70
     1
102
RTVSPost2010Prop40
 90
        0
102
RTVSPost2010PropOp40
 70
     1
102
RTVSPost2010Prop41ColorIndex
 90
       18
102
RTVSPost2010Prop41ColorRGB
 90
        0
102
RTVSPost2010PropOp41
 70
     1
102
RTVSPost2010Prop42
 90
       50
102
RTVSPost2010PropOp42
 70
     1
102
RTVSPost2010Prop43
 90
        3
102
RTVSPost2010PropOp43
 70
     1
102
RTVSPost2010Prop44ColorIndex
 90
        5
102
RTVSPost2010Prop44ColorRGB
 90
      255
102
RTVSPost2010PropOp44
 70
     1
102
RTVSPost2010Prop45
280
     0
102
RTVSPost2010PropOp45
 70
     1
102
RTVSPost2010Prop46
 90
       50
102
RTVSPost2010PropOp46
 70
     1
102
RTVSPost2010Prop47
 90
       50
102
RTVSPost2010PropOp47
 70
     1
102
RTVSPost2010Prop48
 90
       50
102
RTVSPost2010PropOp48
 70
     1
102
RTVSPost2010Prop49
280
     0
102
RTVSPost2010PropOp49
 70
     1
102
RTVSPost2010Prop50
 90
       50
102
RTVSPost2010PropOp50
 70
     1
102
RTVSPost2010Prop51ColorIndex
 90
      256
102
RTVSPost2010Prop51ColorRGB
 90
-16777216
102
RTVSPost2010PropOp51
 70
     0
102
RTVSPost2010Prop52
140
1.0
102
RTVSPost2010PropOp52
 70
     0
102
RTVSPost2010Prop53
 90
        2
102
RTVSPost2010PropOp53
 70
     1
102
RTVSPost2010Prop54
  1
strokes_ogs.tif
102
RTVSPost2010PropOp54
 70
     1
102
RTVSPost2010Prop55
280
     0
102
RTVSPost2010PropOp55
 70
     1
102
RTVSPost2010Prop56
140
1.0
102
RTVSPost2010PropOp56
 70
     1
102
RTVSPost2010Prop57
140
1.0
102
RTVSPost2010PropOp57
 70
     1
  0
XRECORD
  5
315
102
{ACAD_REACTORS
330
314
102
}
330
314
100
AcDbXrecord
280
     1
102
RTVSPost2010Prop28
280
     0
102
RTVSPost2010PropOp28
 70
     1
102
RTVSPost2010Prop29
280
     1
102
RTVSPost2010PropOp29
 70
     1
102
RTVSPost2010Prop30
280
     1
102
RTVSPost2010PropOp30
 70
     1
102
RTVSPost2010Prop31
280
     0
102
RTVSPost2010PropOp31
 70
     1
102
RTVSPost2010Prop32
280
     0
102
RTVSPost2010PropOp32
 70
     1
102
RTVSPost2010Prop33
280
     0
102
RTVSPost2010PropOp33
 70
     1
102
RTVSPost2010Prop34
280
     0
102
RTVSPost2010PropOp34
 70
     1
102
RTVSPost2010Prop35
280
     0
102
RTVSPost2010PropOp35
 70
     1
102
RTVSPost2010Prop36
280
     0
102
RTVSPost2010PropOp36
 70
     1
102
RTVSPost2010Prop37
 90
       50
102
RTVSPost2010PropOp37
 70
     1
102
RTVSPost2010Prop38
140
0.0
102
RTVSPost2010PropOp38
 70
     1
102
RTVSPost2010Prop39
140
1.0
102
RTVSPost2010PropOp39
 70
     1
102
RTVSPost2010Prop40
 90
        0
102
RTVSPost2010PropOp40
 70
     1
102
RTVSPost2010Prop41ColorIndex
 90
       18
102
RTVSPost2010Prop41ColorRGB
 90
        0
102
RTVSPost2010PropOp41
 70
     1
102
RTVSPost2010Prop42
 90
       50
102
RTVSPost2010PropOp42
 70
     1
102
RTVSPost2010Prop43
 90
        3
102
RTVSPost2010PropOp43
 70
     1
102
RTVSPost2010Prop44ColorIndex
 90
        5
102
RTVSPost2010Prop44ColorRGB
 90
      255
102
RTVSPost2010PropOp44
 70
     1
102
RTVSPost2010Prop45
280
     0
102
RTVSPost2010PropOp45
 70
     1
102
RTVSPost2010Prop46
 90
       50
102
RTVSPost2010PropOp46
 70
     1
102
RTVSPost2010Prop47
 90
       50
102
RTVSPost2010PropOp47
 70
     1
102
RTVSPost2010Prop48
 90
       50
102
RTVSPost2010PropOp48
 70
     1
102
RTVSPost2010Prop49
280
     0
102
RTVSPost2010PropOp49
 70
     1
102
RTVSPost2010Prop50
 90
       50
102
RTVSPost2010PropOp50
 70
     1
102
RTVSPost2010Prop51ColorIndex
 90
      256
102
RTVSPost2010Prop51ColorRGB
 90
-16777216
102
RTVSPost2010PropOp51
 70
     0
102
RTVSPost2010Prop52
140
1.0
102
RTVSPost2010PropOp52
 70
     0
102
RTVSPost2010Prop53
 90
        2
102
RTVSPost2010PropOp53
 70
     1
102
RTVSPost2010Prop54
  1
strokes_ogs.tif
102
RTVSPost2010PropOp54
 70
     1
102
RTVSPost2010Prop55
280
     0
102
RTVSPost2010PropOp55
 70
     1
102
RTVSPost2010Prop56
140
1.0
102
RTVSPost2010PropOp56
 70
     1
102
RTVSPost2010Prop57
140
1.0
102
RTVSPost2010PropOp57
 70
     1
  0
XRECORD
  5
317
102
{ACAD_REACTORS
330
316
102
}
330
316
100
AcDbXrecord
280
     1
102
RTVSPost2010Prop28
280
     0
102
RTVSPost2010PropOp28
 70
     1
102
RTVSPost2010Prop29
280
     1
102
RTVSPost2010PropOp29
 70
     1
102
RTVSPost2010Prop30
280
     1
102
RTVSPost2010PropOp30
 70
     1
102
RTVSPost2010Prop31
280
     0
102
RTVSPost2010PropOp31
 70
     1
102
RTVSPost2010Prop32
280
     0
102
RTVSPost2010PropOp32
 70
     1
102
RTVSPost2010Prop33
280
     0
102
RTVSPost2010PropOp33
 70
     1
102
RTVSPost2010Prop34
280
     0
102
RTVSPost2010PropOp34
 70
     1
102
RTVSPost2010Prop35
280
     0
102
RTVSPost2010PropOp35
 70
     1
102
RTVSPost2010Prop36
280
     0
102
RTVSPost2010PropOp36
 70
     1
102
RTVSPost2010Prop37
 90
       50
102
RTVSPost2010PropOp37
 70
     1
102
RTVSPost2010Prop38
140
0.0
102
RTVSPost2010PropOp38
 70
     1
102
RTVSPost2010Prop39
140
1.0
102
RTVSPost2010PropOp39
 70
     1
102
RTVSPost2010Prop40
 90
        0
102
RTVSPost2010PropOp40
 70
     1
102
RTVSPost2010Prop41ColorIndex
 90
       18
102
RTVSPost2010Prop41ColorRGB
 90
        0
102
RTVSPost2010PropOp41
 70
     1
102
RTVSPost2010Prop42
 90
       50
102
RTVSPost2010PropOp42
 70
     1
102
RTVSPost2010Prop43
 90
        3
102
RTVSPost2010PropOp43
 70
     1
102
RTVSPost2010Prop44ColorIndex
 90
        5
102
RTVSPost2010Prop44ColorRGB
 90
      255
102
RTVSPost2010PropOp44
 70
     1
102
RTVSPost2010Prop45
280
     0
102
RTVSPost2010PropOp45
 70
     1
102
RTVSPost2010Prop46
 90
       50
102
RTVSPost2010PropOp46
 70
     1
102
RTVSPost2010Prop47
 90
       50
102
RTVSPost2010PropOp47
 70
     1
102
RTVSPost2010Prop48
 90
       50
102
RTVSPost2010PropOp48
 70
     1
102
RTVSPost2010Prop49
280
     0
102
RTVSPost2010PropOp49
 70
     1
102
RTVSPost2010Prop50
 90
       50
102
RTVSPost2010PropOp50
 70
     1
102
RTVSPost2010Prop51ColorIndex
 90
      256
102
RTVSPost2010Prop51ColorRGB
 90
-16777216
102
RTVSPost2010PropOp51
 70
     0
102
RTVSPost2010Prop52
140
1.0
102
RTVSPost2010PropOp52
 70
     0
102
RTVSPost2010Prop53
 90
        2
102
RTVSPost2010PropOp53
 70
     1
102
RTVSPost2010Prop54
  1
strokes_ogs.tif
102
RTVSPost2010PropOp54
 70
     1
102
RTVSPost2010Prop55
280
     0
102
RTVSPost2010PropOp55
 70
     1
102
RTVSPost2010Prop56
140
1.0
102
RTVSPost2010PropOp56
 70
     1
102
RTVSPost2010Prop57
140
1.0
102
RTVSPost2010PropOp57
 70
     1
  0
XRECORD
  5
31D
102
{ACAD_REACTORS
330
31C
102
}
330
31C
100
AcDbXrecord
280
     1
102
RTVSPost2010Prop28
280
     0
102
RTVSPost2010PropOp28
 70
     1
102
RTVSPost2010Prop29
280
     1
102
RTVSPost2010PropOp29
 70
     1
102
RTVSPost2010Prop30
280
     1
102
RTVSPost2010PropOp30
 70
     1
102
RTVSPost2010Prop31
280
     0
102
RTVSPost2010PropOp31
 70
     1
102
RTVSPost2010Prop32
280
     0
102
RTVSPost2010PropOp32
 70
     1
102
RTVSPost2010Prop33
280
     0
102
RTVSPost2010PropOp33
 70
     1
102
RTVSPost2010Prop34
280
     0
102
RTVSPost2010PropOp34
 70
     1
102
RTVSPost2010Prop35
280
     0
102
RTVSPost2010PropOp35
 70
     1
102
RTVSPost2010Prop36
280
     0
102
RTVSPost2010PropOp36
 70
     1
102
RTVSPost2010Prop37
 90
       50
102
RTVSPost2010PropOp37
 70
     1
102
RTVSPost2010Prop38
140
0.0
102
RTVSPost2010PropOp38
 70
     1
102
RTVSPost2010Prop39
140
1.0
102
RTVSPost2010PropOp39
 70
     1
102
RTVSPost2010Prop40
 90
        0
102
RTVSPost2010PropOp40
 70
     1
102
RTVSPost2010Prop41ColorIndex
 90
       18
102
RTVSPost2010Prop41ColorRGB
 90
        0
102
RTVSPost2010PropOp41
 70
     1
102
RTVSPost2010Prop42
 90
       50
102
RTVSPost2010PropOp42
 70
     1
102
RTVSPost2010Prop43
 90
        3
102
RTVSPost2010PropOp43
 70
     1
102
RTVSPost2010Prop44ColorIndex
 90
        5
102
RTVSPost2010Prop44ColorRGB
 90
      255
102
RTVSPost2010PropOp44
 70
     1
102
RTVSPost2010Prop45
280
     0
102
RTVSPost2010PropOp45
 70
     1
102
RTVSPost2010Prop46
 90
       50
102
RTVSPost2010PropOp46
 70
     1
102
RTVSPost2010Prop47
 90
       50
102
RTVSPost2010PropOp47
 70
     1
102
RTVSPost2010Prop48
 90
       50
102
RTVSPost2010PropOp48
 70
     1
102
RTVSPost2010Prop49
280
     0
102
RTVSPost2010PropOp49
 70
     1
102
RTVSPost2010Prop50
 90
       50
102
RTVSPost2010PropOp50
 70
     1
102
RTVSPost2010Prop51ColorIndex
 90
      256
102
RTVSPost2010Prop51ColorRGB
 90
-16777216
102
RTVSPost2010PropOp51
 70
     0
102
RTVSPost2010Prop52
140
1.0
102
RTVSPost2010PropOp52
 70
     0
102
RTVSPost2010Prop53
 90
        2
102
RTVSPost2010PropOp53
 70
     1
102
RTVSPost2010Prop54
  1
strokes_ogs.tif
102
RTVSPost2010PropOp54
 70
     1
102
RTVSPost2010Prop55
280
     0
102
RTVSPost2010PropOp55
 70
     1
102
RTVSPost2010Prop56
140
1.0
102
RTVSPost2010PropOp56
 70
     1
102
RTVSPost2010Prop57
140
1.0
102
RTVSPost2010PropOp57
 70
     1
  0
XRECORD
  5
331
102
{ACAD_REACTORS
330
330
102
}
330
330
100
AcDbXrecord
280
     1
102
RTVSPost2010Prop28
280
     0
102
RTVSPost2010PropOp28
 70
     0
102
RTVSPost2010Prop29
280
     1
102
RTVSPost2010PropOp29
 70
     0
102
RTVSPost2010Prop30
280
     1
102
RTVSPost2010PropOp30
 70
     0
102
RTVSPost2010Prop31
280
     0
102
RTVSPost2010PropOp31
 70
     0
102
RTVSPost2010Prop32
280
     0
102
RTVSPost2010PropOp32
 70
     0
102
RTVSPost2010Prop33
280
     0
102
RTVSPost2010PropOp33
 70
     0
102
RTVSPost2010Prop34
280
     0
102
RTVSPost2010PropOp34
 70
     0
102
RTVSPost2010Prop35
280
     0
102
RTVSPost2010PropOp35
 70
     0
102
RTVSPost2010Prop36
280
     0
102
RTVSPost2010PropOp36
 70
     0
102
RTVSPost2010Prop37
 90
       50
102
RTVSPost2010PropOp37
 70
     0
102
RTVSPost2010Prop38
140
0.0
102
RTVSPost2010PropOp38
 70
     0
102
RTVSPost2010Prop39
140
1.0
102
RTVSPost2010PropOp39
 70
     0
102
RTVSPost2010Prop40
 90
        0
102
RTVSPost2010PropOp40
 70
     0
102
RTVSPost2010Prop41ColorIndex
 90
       18
102
RTVSPost2010Prop41ColorRGB
 90
        0
102
RTVSPost2010PropOp41
 70
     0
102
RTVSPost2010Prop42
 90
       50
102
RTVSPost2010PropOp42
 70
     0
102
RTVSPost2010Prop43
 90
        3
102
RTVSPost2010PropOp43
 70
     0
102
RTVSPost2010Prop44ColorIndex
 90
        5
102
RTVSPost2010Prop44ColorRGB
 90
      255
102
RTVSPost2010PropOp44
 70
     0
102
RTVSPost2010Prop45
280
     0
102
RTVSPost2010PropOp45
 70
     0
102
RTVSPost2010Prop46
 90
       50
102
RTVSPost2010PropOp46
 70
     0
102
RTVSPost2010Prop47
 90
       50
102
RTVSPost2010PropOp47
 70
     0
102
RTVSPost2010Prop48
 90
       50
102
RTVSPost2010PropOp48
 70
     0
102
RTVSPost2010Prop49
280
     0
102
RTVSPost2010PropOp49
 70
     0
102
RTVSPost2010Prop50
 90
       50
102
RTVSPost2010PropOp50
 70
     0
102
RTVSPost2010Prop51ColorIndex
 90
      256
102
RTVSPost2010Prop51ColorRGB
 90
-16777216
102
RTVSPost2010PropOp51
 70
     0
102
RTVSPost2010Prop52
140
1.0
102
RTVSPost2010PropOp52
 70
     0
102
RTVSPost2010Prop53
 90
        2
102
RTVSPost2010PropOp53
 70
     0
102
RTVSPost2010Prop54
  1
strokes_ogs.tif
102
RTVSPost2010PropOp54
 70
     0
102
RTVSPost2010Prop55
280
     0
102
RTVSPost2010PropOp55
 70
     0
102
RTVSPost2010Prop56
140
1.0
102
RTVSPost2010PropOp56
 70
     0
102
RTVSPost2010Prop57
140
1.0
102
RTVSPost2010PropOp57
 70
     0
  0
XRECORD
  5
32B
102
{ACAD_REACTORS
330
32A
102
}
330
32A
100
AcDbXrecord
280
     1
102
RTVSPost2010Prop28
280
     0
102
RTVSPost2010PropOp28
 70
     1
102
RTVSPost2010Prop29
280
     1
102
RTVSPost2010PropOp29
 70
     1
102
RTVSPost2010Prop30
280
     1
102
RTVSPost2010PropOp30
 70
     1
102
RTVSPost2010Prop31
280
     0
102
RTVSPost2010PropOp31
 70
     1
102
RTVSPost2010Prop32
280
     0
102
RTVSPost2010PropOp32
 70
     1
102
RTVSPost2010Prop33
280
     0
102
RTVSPost2010PropOp33
 70
     1
102
RTVSPost2010Prop34
280
     0
102
RTVSPost2010PropOp34
 70
     1
102
RTVSPost2010Prop35
280
     0
102
RTVSPost2010PropOp35
 70
     1
102
RTVSPost2010Prop36
280
     0
102
RTVSPost2010PropOp36
 70
     1
102
RTVSPost2010Prop37
 90
       50
102
RTVSPost2010PropOp37
 70
     1
102
RTVSPost2010Prop38
140
0.0
102
RTVSPost2010PropOp38
 70
     1
102
RTVSPost2010Prop39
140
1.0
102
RTVSPost2010PropOp39
 70
     1
102
RTVSPost2010Prop40
 90
        0
102
RTVSPost2010PropOp40
 70
     1
102
RTVSPost2010Prop41ColorIndex
 90
       18
102
RTVSPost2010Prop41ColorRGB
 90
        0
102
RTVSPost2010PropOp41
 70
     1
102
RTVSPost2010Prop42
 90
       50
102
RTVSPost2010PropOp42
 70
     1
102
RTVSPost2010Prop43
 90
        3
102
RTVSPost2010PropOp43
 70
     1
102
RTVSPost2010Prop44ColorIndex
 90
        5
102
RTVSPost2010Prop44ColorRGB
 90
      255
102
RTVSPost2010PropOp44
 70
     1
102
RTVSPost2010Prop45
280
     0
102
RTVSPost2010PropOp45
 70
     1
102
RTVSPost2010Prop46
 90
       50
102
RTVSPost2010PropOp46
 70
     1
102
RTVSPost2010Prop47
 90
       50
102
RTVSPost2010PropOp47
 70
     1
102
RTVSPost2010Prop48
 90
       50
102
RTVSPost2010PropOp48
 70
     1
102
RTVSPost2010Prop49
280
     0
102
RTVSPost2010PropOp49
 70
     1
102
RTVSPost2010Prop50
 90
       50
102
RTVSPost2010PropOp50
 70
     1
102
RTVSPost2010Prop51ColorIndex
 90
      256
102
RTVSPost2010Prop51ColorRGB
 90
-16777216
102
RTVSPost2010PropOp51
 70
     0
102
RTVSPost2010Prop52
140
1.0
102
RTVSPost2010PropOp52
 70
     0
102
RTVSPost2010Prop53
 90
        2
102
RTVSPost2010PropOp53
 70
     1
102
RTVSPost2010Prop54
  1
strokes_ogs.tif
102
RTVSPost2010PropOp54
 70
     1
102
RTVSPost2010Prop55
280
     0
102
RTVSPost2010PropOp55
 70
     1
102
RTVSPost2010Prop56
140
1.0
102
RTVSPost2010PropOp56
 70
     1
102
RTVSPost2010Prop57
140
1.0
102
RTVSPost2010PropOp57
 70
     1
  0
XRECORD
  5
333
102
{ACAD_REACTORS
330
332
102
}
330
332
100
AcDbXrecord
280
     1
102
RTVSPost2010Prop28
280
     0
102
RTVSPost2010PropOp28
 70
     0
102
RTVSPost2010Prop29
280
     1
102
RTVSPost2010PropOp29
 70
     0
102
RTVSPost2010Prop30
280
     1
102
RTVSPost2010PropOp30
 70
     0
102
RTVSPost2010Prop31
280
     0
102
RTVSPost2010PropOp31
 70
     0
102
RTVSPost2010Prop32
280
     0
102
RTVSPost2010PropOp32
 70
     0
102
RTVSPost2010Prop33
280
     0
102
RTVSPost2010PropOp33
 70
     0
102
RTVSPost2010Prop34
280
     0
102
RTVSPost2010PropOp34
 70
     0
102
RTVSPost2010Prop35
280
     0
102
RTVSPost2010PropOp35
 70
     0
102
RTVSPost2010Prop36
280
     0
102
RTVSPost2010PropOp36
 70
     0
102
RTVSPost2010Prop37
 90
       50
102
RTVSPost2010PropOp37
 70
     0
102
RTVSPost2010Prop38
140
0.0
102
RTVSPost2010PropOp38
 70
     0
102
RTVSPost2010Prop39
140
1.0
102
RTVSPost2010PropOp39
 70
     0
102
RTVSPost2010Prop40
 90
        0
102
RTVSPost2010PropOp40
 70
     0
102
RTVSPost2010Prop41ColorIndex
 90
       18
102
RTVSPost2010Prop41ColorRGB
 90
        0
102
RTVSPost2010PropOp41
 70
     0
102
RTVSPost2010Prop42
 90
       50
102
RTVSPost2010PropOp42
 70
     0
102
RTVSPost2010Prop43
 90
        3
102
RTVSPost2010PropOp43
 70
     0
102
RTVSPost2010Prop44ColorIndex
 90
        5
102
RTVSPost2010Prop44ColorRGB
 90
      255
102
RTVSPost2010PropOp44
 70
     0
102
RTVSPost2010Prop45
280
     0
102
RTVSPost2010PropOp45
 70
     0
102
RTVSPost2010Prop46
 90
       50
102
RTVSPost2010PropOp46
 70
     0
102
RTVSPost2010Prop47
 90
       50
102
RTVSPost2010PropOp47
 70
     0
102
RTVSPost2010Prop48
 90
       50
102
RTVSPost2010PropOp48
 70
     0
102
RTVSPost2010Prop49
280
     0
102
RTVSPost2010PropOp49
 70
     0
102
RTVSPost2010Prop50
 90
       50
102
RTVSPost2010PropOp50
 70
     0
102
RTVSPost2010Prop51ColorIndex
 90
      256
102
RTVSPost2010Prop51ColorRGB
 90
-16777216
102
RTVSPost2010PropOp51
 70
     0
102
RTVSPost2010Prop52
140
1.0
102
RTVSPost2010PropOp52
 70
     0
102
RTVSPost2010Prop53
 90
        2
102
RTVSPost2010PropOp53
 70
     0
102
RTVSPost2010Prop54
  1
strokes_ogs.tif
102
RTVSPost2010PropOp54
 70
     0
102
RTVSPost2010Prop55
280
     0
102
RTVSPost2010PropOp55
 70
     0
102
RTVSPost2010Prop56
140
1.0
102
RTVSPost2010PropOp56
 70
     0
102
RTVSPost2010Prop57
140
1.0
102
RTVSPost2010PropOp57
 70
     0
  0
XRECORD
  5
321
102
{ACAD_REACTORS
330
320
102
}
330
320
100
AcDbXrecord
280
     1
102
RTVSPost2010Prop28
280
     0
102
RTVSPost2010PropOp28
 70
     1
102
RTVSPost2010Prop29
280
     1
102
RTVSPost2010PropOp29
 70
     1
102
RTVSPost2010Prop30
280
     1
102
RTVSPost2010PropOp30
 70
     1
102
RTVSPost2010Prop31
280
     0
102
RTVSPost2010PropOp31
 70
     1
102
RTVSPost2010Prop32
280
     0
102
RTVSPost2010PropOp32
 70
     1
102
RTVSPost2010Prop33
280
     0
102
RTVSPost2010PropOp33
 70
     1
102
RTVSPost2010Prop34
280
     0
102
RTVSPost2010PropOp34
 70
     1
102
RTVSPost2010Prop35
280
     0
102
RTVSPost2010PropOp35
 70
     1
102
RTVSPost2010Prop36
280
     0
102
RTVSPost2010PropOp36
 70
     1
102
RTVSPost2010Prop37
 90
       50
102
RTVSPost2010PropOp37
 70
     1
102
RTVSPost2010Prop38
140
0.0
102
RTVSPost2010PropOp38
 70
     1
102
RTVSPost2010Prop39
140
1.0
102
RTVSPost2010PropOp39
 70
     1
102
RTVSPost2010Prop40
 90
        0
102
RTVSPost2010PropOp40
 70
     1
102
RTVSPost2010Prop41ColorIndex
 90
       18
102
RTVSPost2010Prop41ColorRGB
 90
        0
102
RTVSPost2010PropOp41
 70
     1
102
RTVSPost2010Prop42
 90
       50
102
RTVSPost2010PropOp42
 70
     1
102
RTVSPost2010Prop43
 90
        3
102
RTVSPost2010PropOp43
 70
     1
102
RTVSPost2010Prop44ColorIndex
 90
        5
102
RTVSPost2010Prop44ColorRGB
 90
      255
102
RTVSPost2010PropOp44
 70
     1
102
RTVSPost2010Prop45
280
     0
102
RTVSPost2010PropOp45
 70
     1
102
RTVSPost2010Prop46
 90
       50
102
RTVSPost2010PropOp46
 70
     1
102
RTVSPost2010Prop47
 90
       50
102
RTVSPost2010PropOp47
 70
     1
102
RTVSPost2010Prop48
 90
       50
102
RTVSPost2010PropOp48
 70
     1
102
RTVSPost2010Prop49
280
     0
102
RTVSPost2010PropOp49
 70
     1
102
RTVSPost2010Prop50
 90
       50
102
RTVSPost2010PropOp50
 70
     1
102
RTVSPost2010Prop51ColorIndex
 90
      256
102
RTVSPost2010Prop51ColorRGB
 90
-16777216
102
RTVSPost2010PropOp51
 70
     0
102
RTVSPost2010Prop52
140
1.0
102
RTVSPost2010PropOp52
 70
     0
102
RTVSPost2010Prop53
 90
        2
102
RTVSPost2010PropOp53
 70
     1
102
RTVSPost2010Prop54
  1
strokes_ogs.tif
102
RTVSPost2010PropOp54
 70
     1
102
RTVSPost2010Prop55
280
     0
102
RTVSPost2010PropOp55
 70
     1
102
RTVSPost2010Prop56
140
1.0
102
RTVSPost2010PropOp56
 70
     1
102
RTVSPost2010Prop57
140
1.0
102
RTVSPost2010PropOp57
 70
     1
  0
XRECORD
  5
33F
102
{ACAD_REACTORS
330
33E
102
}
330
33E
100
AcDbXrecord
280
     1
102
RTVSPost2010Prop28
280
     0
102
RTVSPost2010PropOp28
 70
     1
102
RTVSPost2010Prop29
280
     1
102
RTVSPost2010PropOp29
 70
     1
102
RTVSPost2010Prop30
280
     1
102
RTVSPost2010PropOp30
 70
     1
102
RTVSPost2010Prop31
280
     0
102
RTVSPost2010PropOp31
 70
     1
102
RTVSPost2010Prop32
280
     0
102
RTVSPost2010PropOp32
 70
     1
102
RTVSPost2010Prop33
280
     0
102
RTVSPost2010PropOp33
 70
     1
102
RTVSPost2010Prop34
280
     0
102
RTVSPost2010PropOp34
 70
     1
102
RTVSPost2010Prop35
280
     0
102
RTVSPost2010PropOp35
 70
     1
102
RTVSPost2010Prop36
280
     0
102
RTVSPost2010PropOp36
 70
     1
102
RTVSPost2010Prop37
 90
       50
102
RTVSPost2010PropOp37
 70
     1
102
RTVSPost2010Prop38
140
0.0
102
RTVSPost2010PropOp38
 70
     1
102
RTVSPost2010Prop39
140
1.0
102
RTVSPost2010PropOp39
 70
     1
102
RTVSPost2010Prop40
 90
        0
102
RTVSPost2010PropOp40
 70
     1
102
RTVSPost2010Prop41ColorIndex
 90
       18
102
RTVSPost2010Prop41ColorRGB
 90
        0
102
RTVSPost2010PropOp41
 70
     1
102
RTVSPost2010Prop42
 90
       50
102
RTVSPost2010PropOp42
 70
     1
102
RTVSPost2010Prop43
 90
        3
102
RTVSPost2010PropOp43
 70
     1
102
RTVSPost2010Prop44ColorIndex
 90
        5
102
RTVSPost2010Prop44ColorRGB
 90
      255
102
RTVSPost2010PropOp44
 70
     1
102
RTVSPost2010Prop45
280
     0
102
RTVSPost2010PropOp45
 70
     1
102
RTVSPost2010Prop46
 90
       50
102
RTVSPost2010PropOp46
 70
     1
102
RTVSPost2010Prop47
 90
       50
102
RTVSPost2010PropOp47
 70
     1
102
RTVSPost2010Prop48
 90
       50
102
RTVSPost2010PropOp48
 70
     1
102
RTVSPost2010Prop49
280
     0
102
RTVSPost2010PropOp49
 70
     1
102
RTVSPost2010Prop50
 90
       50
102
RTVSPost2010PropOp50
 70
     1
102
RTVSPost2010Prop51ColorIndex
 90
      256
102
RTVSPost2010Prop51ColorRGB
 90
-16777216
102
RTVSPost2010PropOp51
 70
     0
102
RTVSPost2010Prop52
140
1.0
102
RTVSPost2010PropOp52
 70
     0
102
RTVSPost2010Prop53
 90
        2
102
RTVSPost2010PropOp53
 70
     1
102
RTVSPost2010Prop54
  1
strokes_ogs.tif
102
RTVSPost2010PropOp54
 70
     1
102
RTVSPost2010Prop55
280
     0
102
RTVSPost2010PropOp55
 70
     1
102
RTVSPost2010Prop56
140
1.0
102
RTVSPost2010PropOp56
 70
     1
102
RTVSPost2010Prop57
140
1.0
102
RTVSPost2010PropOp57
 70
     1
  0
XRECORD
  5
33D
102
{ACAD_REACTORS
330
33C
102
}
330
33C
100
AcDbXrecord
280
     1
102
RTVSPost2010Prop28
280
     0
102
RTVSPost2010PropOp28
 70
     1
102
RTVSPost2010Prop29
280
     1
102
RTVSPost2010PropOp29
 70
     1
102
RTVSPost2010Prop30
280
     1
102
RTVSPost2010PropOp30
 70
     1
102
RTVSPost2010Prop31
280
     0
102
RTVSPost2010PropOp31
 70
     1
102
RTVSPost2010Prop32
280
     0
102
RTVSPost2010PropOp32
 70
     1
102
RTVSPost2010Prop33
280
     0
102
RTVSPost2010PropOp33
 70
     1
102
RTVSPost2010Prop34
280
     0
102
RTVSPost2010PropOp34
 70
     1
102
RTVSPost2010Prop35
280
     0
102
RTVSPost2010PropOp35
 70
     1
102
RTVSPost2010Prop36
280
     0
102
RTVSPost2010PropOp36
 70
     1
102
RTVSPost2010Prop37
 90
       50
102
RTVSPost2010PropOp37
 70
     1
102
RTVSPost2010Prop38
140
0.0
102
RTVSPost2010PropOp38
 70
     1
102
RTVSPost2010Prop39
140
1.0
102
RTVSPost2010PropOp39
 70
     1
102
RTVSPost2010Prop40
 90
        0
102
RTVSPost2010PropOp40
 70
     1
102
RTVSPost2010Prop41ColorIndex
 90
       18
102
RTVSPost2010Prop41ColorRGB
 90
        0
102
RTVSPost2010PropOp41
 70
     1
102
RTVSPost2010Prop42
 90
       50
102
RTVSPost2010PropOp42
 70
     1
102
RTVSPost2010Prop43
 90
        3
102
RTVSPost2010PropOp43
 70
     1
102
RTVSPost2010Prop44ColorIndex
 90
        5
102
RTVSPost2010Prop44ColorRGB
 90
      255
102
RTVSPost2010PropOp44
 70
     1
102
RTVSPost2010Prop45
280
     0
102
RTVSPost2010PropOp45
 70
     1
102
RTVSPost2010Prop46
 90
       50
102
RTVSPost2010PropOp46
 70
     1
102
RTVSPost2010Prop47
 90
       50
102
RTVSPost2010PropOp47
 70
     1
102
RTVSPost2010Prop48
 90
       50
102
RTVSPost2010PropOp48
 70
     1
102
RTVSPost2010Prop49
280
     0
102
RTVSPost2010PropOp49
 70
     1
102
RTVSPost2010Prop50
 90
       50
102
RTVSPost2010PropOp50
 70
     1
102
RTVSPost2010Prop51ColorIndex
 90
      256
102
RTVSPost2010Prop51ColorRGB
 90
-16777216
102
RTVSPost2010PropOp51
 70
     0
102
RTVSPost2010Prop52
140
1.0
102
RTVSPost2010PropOp52
 70
     0
102
RTVSPost2010Prop53
 90
        2
102
RTVSPost2010PropOp53
 70
     1
102
RTVSPost2010Prop54
  1
strokes_ogs.tif
102
RTVSPost2010PropOp54
 70
     1
102
RTVSPost2010Prop55
280
     0
102
RTVSPost2010PropOp55
 70
     1
102
RTVSPost2010Prop56
140
1.0
102
RTVSPost2010PropOp56
 70
     1
102
RTVSPost2010Prop57
140
1.0
102
RTVSPost2010PropOp57
 70
     1
  0
XRECORD
  5
337
102
{ACAD_REACTORS
330
336
102
}
330
336
100
AcDbXrecord
280
     1
102
RTVSPost2010Prop28
280
     0
102
RTVSPost2010PropOp28
 70
     1
102
RTVSPost2010Prop29
280
     1
102
RTVSPost2010PropOp29
 70
     1
102
RTVSPost2010Prop30
280
     1
102
RTVSPost2010PropOp30
 70
     1
102
RTVSPost2010Prop31
280
     0
102
RTVSPost2010PropOp31
 70
     1
102
RTVSPost2010Prop32
280
     0
102
RTVSPost2010PropOp32
 70
     1
102
RTVSPost2010Prop33
280
     0
102
RTVSPost2010PropOp33
 70
     1
102
RTVSPost2010Prop34
280
     0
102
RTVSPost2010PropOp34
 70
     1
102
RTVSPost2010Prop35
280
     0
102
RTVSPost2010PropOp35
 70
     1
102
RTVSPost2010Prop36
280
     0
102
RTVSPost2010PropOp36
 70
     1
102
RTVSPost2010Prop37
 90
       50
102
RTVSPost2010PropOp37
 70
     1
102
RTVSPost2010Prop38
140
0.0
102
RTVSPost2010PropOp38
 70
     1
102
RTVSPost2010Prop39
140
1.0
102
RTVSPost2010PropOp39
 70
     1
102
RTVSPost2010Prop40
 90
        0
102
RTVSPost2010PropOp40
 70
     1
102
RTVSPost2010Prop41ColorIndex
 90
       18
102
RTVSPost2010Prop41ColorRGB
 90
        0
102
RTVSPost2010PropOp41
 70
     1
102
RTVSPost2010Prop42
 90
       50
102
RTVSPost2010PropOp42
 70
     1
102
RTVSPost2010Prop43
 90
        3
102
RTVSPost2010PropOp43
 70
     1
102
RTVSPost2010Prop44ColorIndex
 90
        5
102
RTVSPost2010Prop44ColorRGB
 90
      255
102
RTVSPost2010PropOp44
 70
     1
102
RTVSPost2010Prop45
280
     0
102
RTVSPost2010PropOp45
 70
     1
102
RTVSPost2010Prop46
 90
       50
102
RTVSPost2010PropOp46
 70
     1
102
RTVSPost2010Prop47
 90
       50
102
RTVSPost2010PropOp47
 70
     1
102
RTVSPost2010Prop48
 90
       50
102
RTVSPost2010PropOp48
 70
     1
102
RTVSPost2010Prop49
280
     0
102
RTVSPost2010PropOp49
 70
     1
102
RTVSPost2010Prop50
 90
       50
102
RTVSPost2010PropOp50
 70
     1
102
RTVSPost2010Prop51ColorIndex
 90
      256
102
RTVSPost2010Prop51ColorRGB
 90
-16777216
102
RTVSPost2010PropOp51
 70
     0
102
RTVSPost2010Prop52
140
1.0
102
RTVSPost2010PropOp52
 70
     0
102
RTVSPost2010Prop53
 90
        2
102
RTVSPost2010PropOp53
 70
     1
102
RTVSPost2010Prop54
  1
strokes_ogs.tif
102
RTVSPost2010PropOp54
 70
     1
102
RTVSPost2010Prop55
280
     0
102
RTVSPost2010PropOp55
 70
     1
102
RTVSPost2010Prop56
140
1.0
102
RTVSPost2010PropOp56
 70
     1
102
RTVSPost2010Prop57
140
1.0
102
RTVSPost2010PropOp57
 70
     1
  0
XRECORD
  5
339
102
{ACAD_REACTORS
330
338
102
}
330
338
100
AcDbXrecord
280
     1
102
RTVSPost2010Prop28
280
     0
102
RTVSPost2010PropOp28
 70
     1
102
RTVSPost2010Prop29
280
     1
102
RTVSPost2010PropOp29
 70
     1
102
RTVSPost2010Prop30
280
     1
102
RTVSPost2010PropOp30
 70
     1
102
RTVSPost2010Prop31
280
     0
102
RTVSPost2010PropOp31
 70
     1
102
RTVSPost2010Prop32
280
     0
102
RTVSPost2010PropOp32
 70
     1
102
RTVSPost2010Prop33
280
     0
102
RTVSPost2010PropOp33
 70
     1
102
RTVSPost2010Prop34
280
     0
102
RTVSPost2010PropOp34
 70
     1
102
RTVSPost2010Prop35
280
     0
102
RTVSPost2010PropOp35
 70
     1
102
RTVSPost2010Prop36
280
     0
102
RTVSPost2010PropOp36
 70
     1
102
RTVSPost2010Prop37
 90
       50
102
RTVSPost2010PropOp37
 70
     1
102
RTVSPost2010Prop38
140
0.0
102
RTVSPost2010PropOp38
 70
     1
102
RTVSPost2010Prop39
140
1.0
102
RTVSPost2010PropOp39
 70
     1
102
RTVSPost2010Prop40
 90
        0
102
RTVSPost2010PropOp40
 70
     1
102
RTVSPost2010Prop41ColorIndex
 90
       18
102
RTVSPost2010Prop41ColorRGB
 90
        0
102
RTVSPost2010PropOp41
 70
     1
102
RTVSPost2010Prop42
 90
       50
102
RTVSPost2010PropOp42
 70
     1
102
RTVSPost2010Prop43
 90
        3
102
RTVSPost2010PropOp43
 70
     1
102
RTVSPost2010Prop44ColorIndex
 90
        5
102
RTVSPost2010Prop44ColorRGB
 90
      255
102
RTVSPost2010PropOp44
 70
     1
102
RTVSPost2010Prop45
280
     0
102
RTVSPost2010PropOp45
 70
     1
102
RTVSPost2010Prop46
 90
       50
102
RTVSPost2010PropOp46
 70
     1
102
RTVSPost2010Prop47
 90
       50
102
RTVSPost2010PropOp47
 70
     1
102
RTVSPost2010Prop48
 90
       50
102
RTVSPost2010PropOp48
 70
     1
102
RTVSPost2010Prop49
280
     0
102
RTVSPost2010PropOp49
 70
     1
102
RTVSPost2010Prop50
 90
       50
102
RTVSPost2010PropOp50
 70
     1
102
RTVSPost2010Prop51ColorIndex
 90
      256
102
RTVSPost2010Prop51ColorRGB
 90
-16777216
102
RTVSPost2010PropOp51
 70
     0
102
RTVSPost2010Prop52
140
1.0
102
RTVSPost2010PropOp52
 70
     0
102
RTVSPost2010Prop53
 90
        2
102
RTVSPost2010PropOp53
 70
     1
102
RTVSPost2010Prop54
  1
strokes_ogs.tif
102
RTVSPost2010PropOp54
 70
     1
102
RTVSPost2010Prop55
280
     0
102
RTVSPost2010PropOp55
 70
     1
102
RTVSPost2010Prop56
140
1.0
102
RTVSPost2010PropOp56
 70
     1
102
RTVSPost2010Prop57
140
1.0
102
RTVSPost2010PropOp57
 70
     1
  0
XRECORD
  5
329
102
{ACAD_REACTORS
330
328
102
}
330
328
100
AcDbXrecord
280
     1
102
RTVSPost2010Prop28
280
     0
102
RTVSPost2010PropOp28
 70
     1
102
RTVSPost2010Prop29
280
     1
102
RTVSPost2010PropOp29
 70
     1
102
RTVSPost2010Prop30
280
     1
102
RTVSPost2010PropOp30
 70
     1
102
RTVSPost2010Prop31
280
     0
102
RTVSPost2010PropOp31
 70
     1
102
RTVSPost2010Prop32
280
     0
102
RTVSPost2010PropOp32
 70
     1
102
RTVSPost2010Prop33
280
     0
102
RTVSPost2010PropOp33
 70
     1
102
RTVSPost2010Prop34
280
     0
102
RTVSPost2010PropOp34
 70
     1
102
RTVSPost2010Prop35
280
     0
102
RTVSPost2010PropOp35
 70
     1
102
RTVSPost2010Prop36
280
     0
102
RTVSPost2010PropOp36
 70
     1
102
RTVSPost2010Prop37
 90
       50
102
RTVSPost2010PropOp37
 70
     1
102
RTVSPost2010Prop38
140
0.0
102
RTVSPost2010PropOp38
 70
     1
102
RTVSPost2010Prop39
140
1.0
102
RTVSPost2010PropOp39
 70
     1
102
RTVSPost2010Prop40
 90
        0
102
RTVSPost2010PropOp40
 70
     1
102
RTVSPost2010Prop41ColorIndex
 90
       18
102
RTVSPost2010Prop41ColorRGB
 90
        0
102
RTVSPost2010PropOp41
 70
     1
102
RTVSPost2010Prop42
 90
       50
102
RTVSPost2010PropOp42
 70
     1
102
RTVSPost2010Prop43
 90
        3
102
RTVSPost2010PropOp43
 70
     1
102
RTVSPost2010Prop44ColorIndex
 90
        5
102
RTVSPost2010Prop44ColorRGB
 90
      255
102
RTVSPost2010PropOp44
 70
     1
102
RTVSPost2010Prop45
280
     0
102
RTVSPost2010PropOp45
 70
     1
102
RTVSPost2010Prop46
 90
       50
102
RTVSPost2010PropOp46
 70
     1
102
RTVSPost2010Prop47
 90
       50
102
RTVSPost2010PropOp47
 70
     1
102
RTVSPost2010Prop48
 90
       50
102
RTVSPost2010PropOp48
 70
     1
102
RTVSPost2010Prop49
280
     0
102
RTVSPost2010PropOp49
 70
     1
102
RTVSPost2010Prop50
 90
       50
102
RTVSPost2010PropOp50
 70
     1
102
RTVSPost2010Prop51ColorIndex
 90
      256
102
RTVSPost2010Prop51ColorRGB
 90
-16777216
102
RTVSPost2010PropOp51
 70
     0
102
RTVSPost2010Prop52
140
1.0
102
RTVSPost2010PropOp52
 70
     0
102
RTVSPost2010Prop53
 90
        2
102
RTVSPost2010PropOp53
 70
     1
102
RTVSPost2010Prop54
  1
strokes_ogs.tif
102
RTVSPost2010PropOp54
 70
     1
102
RTVSPost2010Prop55
280
     0
102
RTVSPost2010PropOp55
 70
     1
102
RTVSPost2010Prop56
140
1.0
102
RTVSPost2010PropOp56
 70
     1
102
RTVSPost2010Prop57
140
1.0
102
RTVSPost2010PropOp57
 70
     1
  0
XRECORD
  5
31B
102
{ACAD_REACTORS
330
31A
102
}
330
31A
100
AcDbXrecord
280
     1
102
RTVSPost2010Prop28
280
     0
102
RTVSPost2010PropOp28
 70
     1
102
RTVSPost2010Prop29
280
     1
102
RTVSPost2010PropOp29
 70
     1
102
RTVSPost2010Prop30
280
     1
102
RTVSPost2010PropOp30
 70
     1
102
RTVSPost2010Prop31
280
     0
102
RTVSPost2010PropOp31
 70
     1
102
RTVSPost2010Prop32
280
     0
102
RTVSPost2010PropOp32
 70
     1
102
RTVSPost2010Prop33
280
     0
102
RTVSPost2010PropOp33
 70
     1
102
RTVSPost2010Prop34
280
     0
102
RTVSPost2010PropOp34
 70
     1
102
RTVSPost2010Prop35
280
     0
102
RTVSPost2010PropOp35
 70
     1
102
RTVSPost2010Prop36
280
     0
102
RTVSPost2010PropOp36
 70
     1
102
RTVSPost2010Prop37
 90
       50
102
RTVSPost2010PropOp37
 70
     1
102
RTVSPost2010Prop38
140
0.0
102
RTVSPost2010PropOp38
 70
     1
102
RTVSPost2010Prop39
140
1.0
102
RTVSPost2010PropOp39
 70
     1
102
RTVSPost2010Prop40
 90
        0
102
RTVSPost2010PropOp40
 70
     1
102
RTVSPost2010Prop41ColorIndex
 90
       18
102
RTVSPost2010Prop41ColorRGB
 90
        0
102
RTVSPost2010PropOp41
 70
     1
102
RTVSPost2010Prop42
 90
       50
102
RTVSPost2010PropOp42
 70
     1
102
RTVSPost2010Prop43
 90
        3
102
RTVSPost2010PropOp43
 70
     1
102
RTVSPost2010Prop44ColorIndex
 90
        5
102
RTVSPost2010Prop44ColorRGB
 90
      255
102
RTVSPost2010PropOp44
 70
     1
102
RTVSPost2010Prop45
280
     0
102
RTVSPost2010PropOp45
 70
     1
102
RTVSPost2010Prop46
 90
       50
102
RTVSPost2010PropOp46
 70
     1
102
RTVSPost2010Prop47
 90
       50
102
RTVSPost2010PropOp47
 70
     1
102
RTVSPost2010Prop48
 90
       50
102
RTVSPost2010PropOp48
 70
     1
102
RTVSPost2010Prop49
280
     0
102
RTVSPost2010PropOp49
 70
     1
102
RTVSPost2010Prop50
 90
       50
102
RTVSPost2010PropOp50
 70
     1
102
RTVSPost2010Prop51ColorIndex
 90
      256
102
RTVSPost2010Prop51ColorRGB
 90
-16777216
102
RTVSPost2010PropOp51
 70
     0
102
RTVSPost2010Prop52
140
1.0
102
RTVSPost2010PropOp52
 70
     0
102
RTVSPost2010Prop53
 90
        2
102
RTVSPost2010PropOp53
 70
     1
102
RTVSPost2010Prop54
  1
strokes_ogs.tif
102
RTVSPost2010PropOp54
 70
     1
102
RTVSPost2010Prop55
280
     0
102
RTVSPost2010PropOp55
 70
     1
102
RTVSPost2010Prop56
140
1.0
102
RTVSPost2010PropOp56
 70
     1
102
RTVSPost2010Prop57
140
1.0
102
RTVSPost2010PropOp57
 70
     1
  0
XRECORD
  5
33B
102
{ACAD_REACTORS
330
33A
102
}
330
33A
100
AcDbXrecord
280
     1
102
RTVSPost2010Prop28
280
     0
102
RTVSPost2010PropOp28
 70
     1
102
RTVSPost2010Prop29
280
     1
102
RTVSPost2010PropOp29
 70
     1
102
RTVSPost2010Prop30
280
     1
102
RTVSPost2010PropOp30
 70
     1
102
RTVSPost2010Prop31
280
     0
102
RTVSPost2010PropOp31
 70
     1
102
RTVSPost2010Prop32
280
     0
102
RTVSPost2010PropOp32
 70
     1
102
RTVSPost2010Prop33
280
     0
102
RTVSPost2010PropOp33
 70
     1
102
RTVSPost2010Prop34
280
     0
102
RTVSPost2010PropOp34
 70
     1
102
RTVSPost2010Prop35
280
     0
102
RTVSPost2010PropOp35
 70
     1
102
RTVSPost2010Prop36
280
     0
102
RTVSPost2010PropOp36
 70
     1
102
RTVSPost2010Prop37
 90
       50
102
RTVSPost2010PropOp37
 70
     1
102
RTVSPost2010Prop38
140
0.0
102
RTVSPost2010PropOp38
 70
     1
102
RTVSPost2010Prop39
140
1.0
102
RTVSPost2010PropOp39
 70
     1
102
RTVSPost2010Prop40
 90
        0
102
RTVSPost2010PropOp40
 70
     1
102
RTVSPost2010Prop41ColorIndex
 90
       18
102
RTVSPost2010Prop41ColorRGB
 90
        0
102
RTVSPost2010PropOp41
 70
     1
102
RTVSPost2010Prop42
 90
       50
102
RTVSPost2010PropOp42
 70
     1
102
RTVSPost2010Prop43
 90
        3
102
RTVSPost2010PropOp43
 70
     1
102
RTVSPost2010Prop44ColorIndex
 90
        5
102
RTVSPost2010Prop44ColorRGB
 90
      255
102
RTVSPost2010PropOp44
 70
     1
102
RTVSPost2010Prop45
280
     0
102
RTVSPost2010PropOp45
 70
     1
102
RTVSPost2010Prop46
 90
       50
102
RTVSPost2010PropOp46
 70
     1
102
RTVSPost2010Prop47
 90
       50
102
RTVSPost2010PropOp47
 70
     1
102
RTVSPost2010Prop48
 90
       50
102
RTVSPost2010PropOp48
 70
     1
102
RTVSPost2010Prop49
280
     0
102
RTVSPost2010PropOp49
 70
     1
102
RTVSPost2010Prop50
 90
       50
102
RTVSPost2010PropOp50
 70
     1
102
RTVSPost2010Prop51ColorIndex
 90
      256
102
RTVSPost2010Prop51ColorRGB
 90
-16777216
102
RTVSPost2010PropOp51
 70
     0
102
RTVSPost2010Prop52
140
1.0
102
RTVSPost2010PropOp52
 70
     0
102
RTVSPost2010Prop53
 90
        2
102
RTVSPost2010PropOp53
 70
     1
102
RTVSPost2010Prop54
  1
strokes_ogs.tif
102
RTVSPost2010PropOp54
 70
     1
102
RTVSPost2010Prop55
280
     0
102
RTVSPost2010PropOp55
 70
     1
102
RTVSPost2010Prop56
140
1.0
102
RTVSPost2010PropOp56
 70
     1
102
RTVSPost2010Prop57
140
1.0
102
RTVSPost2010PropOp57
 70
     1
  0
ENDSEC
  0
SECTION
  2
THUMBNAILIMAGE
 90
    48214
310
28000000AC0000008C000000010010000000000020BC0000C40E0000C40E00000000000000000000FF7FFF7FFF7FFF7FFF7FFF7FFF7FFF7FFF7FFF7FFF7FFF7FFF7FFF7FFF7FFF7FFF7FFF7FFF7FFF7FFF7FFF7FFF7FFF7FFF7FFF7FFF7FFF7FFF7FFF7FFF7FFF7FFF7FFF7FFF7FFF7FFF7FFF7FFF7FFF7FFF7FFF7FFF7FFF
310
7FFF7FFF7FFF7FFF7FFF7FFF7FFF7FFF7FFF7FFF7FFF7FFF7FFF7FFF7FFF7FFF7FFF7FFF7FFF7FFF7FFF7FFF7FFF7FFF7FFF7FFF7FFF7FFF7FFF7FFF7FFF7FFF7FFF7FFF7FFF7FFF7FFF7FFF7FFF7FFF7FFF7FFF7FFF7FFF7FFF7FFF7FFF7FFF7FFF7FFF7FFF7FFF7FFF7FFF7FFF7FFF7FFF7FFF7FFF7FFF7FFF7FFF7FFF7F
310
FF7FFF7FFF7FFF7FFF7FFF7FFF7FFF7FFF7FFF7FFF7FFF7FFF7FFF7FFF7FFF7FFF7FFF7FFF7FFF7FFF7FFF7FFF7FFF7FFF7FFF7FFF7FFF7FFF7FFF7FFF7FFF7FFF7FFF7FFF7FFF7FFF7FFF7FFF7FFF7FFF7FFF7FFF7FFF7FFF7FFF7FFF7FFF7FFF7FFF7FFF7FFF7FFF7FFF7FFF7FFF7FFF7FFF7FFF7FFF7FFF7FFF7FFF7FFF
310
7FFF7FFF7FFF7FFF7FFF7FFF7FFF7FFF7FFF7FFF7FFF7FFF7FFF7FFF7FFF7FFF7FFF7FFF7FFF7FFF7FFF7FFF7FFF7FFF7FFF7FFF7FFF7FFF7FFF7FFF7FFF7FFF7FFF7FFF7FFF7FFF7FFF7FFF7FFF7FFF7FFF7FFF7FFF7FFF7FFF7FFF7FFF7FFF7FFF7FFF7FFF7FFF7FFF7FFF7FFF7FFF7FFF7FFF7FFF7FFF7FFF7FFF7FFF7F
310
FF7FFF7FFF7FFF7FFF7FFF7FFF7FFF7FFF7FFF7FFF7FFF7FFF7FFF7FFF7FFF7FFF7FFF7FFF7FFF7FFF7FFF7FFF7FFF7FFF7FFF7FFF7FFF7FFF7FFF7FFF7FFF7FFF7FFF7FFF7FFF7FFF7FFF7FFF7FFF7FFF7FFF7FFF7FFF7FFF7FFF7FFF7FFF7FFF7FFF7FFF7FFF7FFF7FFF7FFF7FFF7FFF7FFF7FFF7FFF7FFF7FFF7FFF7FFF
310
7FFF7FFF7FFF7FFF7FFF7FFF7FFF7FFF7FFF7FFF7FFF7FFF7FFF7FFF7FFF7FFF7FFF7FFF7FFF7FFF7FFF7FFF7FFF7FFF7FFF7FFF7FFF7FFF7FFF7FFF7FFF7FFF7FFF7FFF7FFF7FFF7FFF7FFF7FFF7FFF7FFF7FFF7FFF7FFF7FFF7FFF7FFF7FFF7FFF7FFF7FFF7FFF7FFF7FFF7FFF7FFF7FFF7FFF7FFF7FFF7FFF7FFF7FFF7F
310
FF7FFF7FFF7FFF7FFF7FFF7FFF7FFF7FFF7FFF7FFF7FFF7FFF7FFF7FFF7FFF7FFF7FFF7FFF7FFF7FFF7FFF7FFF7FFF7FFF7FFF7FFF7FFF7FFF7FFF7FFF7FFF7FFF7FFF7FFF7FFF7FFF7FFF7FFF7FFF7FFF7FFF7FFF7FFF7FFF7FFF7FFF7FFF7FFF7FFF7FFF7FFF7FFF7FFF7FFF7FFF7FFF7FFF7FFF7FFF7FFF7FFF7FFF7FFF
310
7FFF7FFF7FFF7FFF7FFF7FFF7FFF7FFF7FFF7FFF7FFF7FFF7FFF7FFF7FFF7FFF7FFF7FFF7FFF7FFF7FFF7FFF7FFF7FFF7FFF7FFF7FFF7FFF7FFF7FFF7FFF7FFF7FFF7FFF7FFF7FFF7FFF7FFF7FFF7FFF7FFF7FFF7FFF7FFF7FFF7FFF7FFF7FFF7FFF7FFF7FFF7FFF7FFF7FFF7FFF7FFF7FFF7FFF7FFF7FFF7FFF7FFF7FFF7F
310
FF7FFF7FFF7FFF7FFF7FFF7FFF7FFF7FFF7FFF7FFF7FFF7FFF7FFF7FFF7FFF7FFF7FFF7FFF7FFF7FFF7FFF7FFF7FFF7FFF7FFF7FFF7FFF7FFF7FFF7FFF7FFF7FFF7FFF7FFF7FFF7FFF7FFF7FFF7FFF7FFF7FFF7FFF7FFF7FFF7FFF7FFF7FFF7FFF7FFF7FFF7FFF7FFF7FFF7FFF7FFF7FFF7FFF7FFF7FFF7FFF7FFF7FFF7FFF
310
7FFF7FFF7FFF7FFF7FFF7FFF7FFF7FFF7FFF7FFF7FFF7FFF7FFF7FFF7FFF7FFF7FFF7FFF7FFF7FFF7FFF7FFF7FFF7FFF7FFF7FFF7FFF7FFF7FFF7FFF7FFF7FFF7FFF7FFF7FFF7FFF7FFF7FFF7FFF7FFF7FFF7FFF7FFF7FFF7FFF7FFF7FFF7FFF7FFF7FFF7FFF7FFF7FFF7FFF7FFF7FFF7FFF7FFF7FFF7FFF7FFF7FFF7FFF7F
310
FF7FFF7FFF7FFF7FFF7FFF7FFF7FFF7FFF7FFF7FFF7FFF7FFF7FFF7FFF7FFF7FFF7FFF7FFF7FFF7FFF7FFF7FFF7FFF7FFF7FFF7FFF7FFF7FFF7FFF7FFF7FFF7FFF7FFF7FFF7FFF7FFF7FFF7FFF7FFF7FFF7FFF7FFF7FFF7FFF7FFF7FFF7FFF7FFF7FFF7FFF7FFF7FFF7FFF7FFF7FFF7FFF7FFF7FFF7FFF7FFF7FFF7FFF7FFF
310
7FFF7FFF7FFF7FFF7FFF7FFF7FFF7FFF7FFF7FFF7FFF7FFF7FFF7FFF7FFF7FFF7FFF7FFF7FFF7FFF7FFF7FFF7FFF7FFF7FFF7FFF7FFF7FFF7FFF7FFF7FFF7FFF7FFF7FFF7FFF7FFF7FFF7FFF7FFF7FFF7FFF7FFF7FFF7FFF7FFF7FFF7FFF7FFF7FFF7FFF7FFF7FFF7FFF7FFF7FFF7FFF7FFF7FFF7FFF7FFF7FFF7FFF7FFF7F
310
FF7FFF7FFF7FFF7FFF7FFF7FFF7FFF7FFF7FFF7FFF7FFF7FFF7FFF7FFF7FFF7FFF7FFF7FFF7FFF7FFF7FFF7FFF7FFF7FFF7FFF7FFF7FFF7FFF7FFF7FFF7FFF7FFF7FFF7FFF7FFF7FFF7FFF7FFF7FFF7FFF7FFF7FFF7FFF7FFF7FFF7FFF7FFF7FFF7FFF7FFF7FFF7FFF7FFF7FFF7FFF7FFF7FFF7FFF7FFF7FFF7FFF7FFF7FFF
310
7FFF7FFF7FFF7FFF7FFF7FFF7FFF7FFF7FFF7FFF7FFF7FFF7FFF7FFF7FFF7FFF7FFF7FFF7FFF7FFF7FFF7FFF7FFF7FFF7FFF7FFF7FFF7FFF7FFF7FFF7FFF7FFF7FFF7FFF7FFF7FFF7FFF7FFF7FFF7FFF7FFF7FFF7FFF7FFF7FFF7FFF7FFF7FFF7FFF7FFF7FFF7FFF7FFF7FFF7FFF7FFF7FFF7FFF7FFF7FFF7FFF7FFF7FFF7F
310
FF7FFF7FFF7FFF7FFF7FFF7FFF7FFF7FFF7FFF7FFF7FFF7FFF7FFF7FFF7FFF7FFF7FFF7FFF7FFF7FFF7FFF7FFF7FFF7FFF7FFF7FFF7FFF7FFF7FFF7FFF7FFF7FFF7FFF7FFF7FFF7FFF7FFF7FFF7FFF7FFF7FFF7FFF7FFF7FFF7FFF7FFF7FFF7FFF7FFF7FFF7FFF7FFF7FFF7FFF7FFF7FFF7FFF7FFF7FFF7FFF7FFF7FFF7FFF
310
7FFF7FFF7FFF7FFF7FFF7FFF7FFF7FFF7FFF7FFF7FFF7FFF7FFF7FFF7FFF7FFF7FFF7FFF7FFF7FFF7FFF7FFF7FFF7FFF7FFF7FFF7FFF7FFF7FFF7FFF7FFF7FFF7FFF7FFF7FFF7FFF7FFF7FFF7FFF7FFF7FFF7FFF7FFF7FFF7FFF7FFF7FFF7FFF7FFF7FFF7FFF7FFF7FFF7FFF7FFF7FFF7FFF7FFF7FFF7FFF7FFF7FFF7FFF7F
310
FF7FFF7FFF7FFF7FFF7FFF7FFF7FFF7FFF7FFF7FFF7FFF7FFF7FFF7FFF7FFF7FFF7FFF7FFF7FFF7FFF7FFF7FFF7FFF7FFF7FFF7FFF7FFF7FFF7FFF7FFF7FFF7FFF7FFF7FFF7FFF7FFF7FFF7FFF7FFF7FFF7FFF7FFF7FFF7FFF7FFF7FFF7FFF7FFF7FFF7FFF7FFF7FFF7FFF7FFF7FFF7FFF7FFF7FFF7FFF7FFF7FFF7FFF7FFF
310
7FFF7FFF7FFF7FFF7FFF7FFF7FFF7FFF7FFF7FFF7FFF7FFF7FFF7FFF7FFF7FFF7FFF7FFF7FFF7FFF7FFF7FFF7FFF7FFF7FFF7FFF7FFF7FFF7FFF7FFF7FFF7FFF7FFF7FFF7FFF7FFF7FFF7FFF7FFF7FFF7FFF7FFF7FFF7FFF7FFF7FFF7FFF7FFF7FFF7FFF7FFF7FFF7FFF7FFF7FFF7FFF7FFF7FFF7FFF7FFF7FFF7FFF7FFF7F
310
FF7FFF7FFF7FFF7FFF7FFF7FFF7FFF7FFF7FFF7FFF7FFF7FFF7FFF7FFF7FFF7FFF7FFF7FFF7FFF7FFF7FFF7FFF7FFF7FFF7FFF7FFF7FFF7FFF7FFF7FFF7FFF7FFF7FFF7FFF7FFF7FFF7FFF7FFF7FFF7FFF7FFF7FFF7FFF7FFF7FFF7FFF7FFF7FFF7FFF7FFF7FFF7FFF7FFF7FFF7FFF7FFF7FFF7FFF7FFF7FFF7FFF7FFF7FFF
310
7FFF7FFF7FFF7FFF7FFF7FFF7FFF7FFF7FFF7FFF7FFF7FFF7FFF7FFF7FFF7FFF7FFF7FFF7FFF7FFF7FFF7FFF7FFF7FFF7FFF7FFF7FFF7FFF7FFF7FFF7FFF7FFF7FFF7FFF7FFF7FFF7FFF7FFF7FFF7FFF7FFF7FFF7FFF7FFF7FFF7FFF7FFF7FFF7FFF7FFF7FFF7FFF7FFF7FFF7FFF7FFF7FFF7FFF7FFF7FFF7FFF7FFF7FFF7F
310
FF7FFF7FFF7FFF7FFF7FFF7FFF7FFF7FFF7FFF7FFF7FFF7FFF7FFF7FFF7FFF7FFF7FFF7FFF7FFF7FFF7FFF7FFF7FFF7FFF7FFF7FFF7FFF7FFF7FFF7FFF7FFF7FFF7FFF7FFF7FFF7FFF7FFF7FFF7FFF7FFF7FFF7FFF7FFF7FFF7FFF7FFF7FFF7FFF7FFF7FFF7FFF7FFF7FFF7FFF7FFF7FFF7FFF7FFF7FFF7FFF7FFF7FFF7FFF
310
7FFF7FFF7FFF7FFF7FFF7FFF7FFF7FFF7FFF7FFF7FFF7FFF7FFF7FFF7FFF7FFF7FFF7FFF7FFF7FFF7FFF7FFF7FFF7FFF7FFF7FFF7FFF7FFF7FFF7FFF7FFF7FFF7FFF7FFF7FFF7FFF7FFF7FFF7FFF7FFF7FFF7FFF7FFF7FFF7FFF7FFF7FFF7FFF7FFF7FFF7FFF7FFF7FFF7FFF7FFF7FFF7FFF7FFF7FFF7FFF7FFF7FFF7FFF7F
310
FF7FFF7FFF7FFF7FFF7FFF7FFF7FFF7FFF7FFF7FFF7FFF7FFF7FFF7FFF7FFF7FFF7FFF7FFF7FFF7FFF7FFF7FFF7FFF7FFF7FFF7FFF7FFF7FFF7FFF7FFF7FFF7FFF7FFF7FFF7FFF7FFF7FFF7FFF7FFF7FFF7FFF7FFF7FFF7FFF7FFF7FFF7FFF7FFF7FFF7FFF7FFF7FFF7FFF7FFF7FFF7FFF7FFF7FFF7FFF7FFF7FFF7FFF7FFF
310
7FFF7FFF7FFF7FFF7FFF7FFF7FFF7FFF7FFF7FFF7FFF7FFF7FFF7FFF7FFF7FFF7FFF7FFF7FFF7FFF7FFF7FFF7FFF7FFF7FFF7FFF7FFF7FFF7FFF7FFF7FFF7FFF7FFF7FFF7FFF7FFF7FFF7FFF7FFF7FFF7FFF7FFF7FFF7FFF7FFF7FFF7FFF7FFF7FFF7FFF7FFF7FFF7FFF7FFF7FFF7FFF7FFF7FFF7FFF7FFF7FFF7FFF7FFF7F
310
FF7FFF7FFF7FFF7FFF7FFF7FFF7FFF7FFF7FFF7FFF7FFF7FFF7FFF7FFF7FFF7FFF7FFF7FFF7FFF7FFF7FFF7FFF7FFF7FFF7FFF7FFF7FFF7FFF7FFF7FFF7FFF7FFF7FFF7FFF7FFF7FFF7FFF7FFF7FFF7FFF7FFF7FFF7FFF7FFF7FFF7FFF7FFF7FFF7FFF7FFF7FFF7FFF7FFF7FFF7FFF7FFF7FFF7FFF7FFF7FFF7FFF7FFF7FFF
310
7FFF7FFF7FFF7FFF7FFF7FFF7FFF7FFF7FFF7FFF7FFF7FFF7FFF7FFF7FFF7FFF7FFF7FFF7FFF7FFF7FFF7FFF7FFF7FFF7FFF7FFF7FFF7FFF7FFF7FFF7FFF7FFF7FFF7FFF7FFF7FFF7FFF7FFF7FFF7FFF7FFF7FFF7FFF7FFF7FFF7FFF7FFF7FFF7FFF7FFF7FFF7FFF7FFF7FFF7FFF7FFF7FFF7FFF7FFF7FFF7FFF7FFF7FFF7F
310
FF7FFF7FFF7FFF7FFF7FFF7FFF7FFF7FFF7FFF7FFF7FFF7FFF7FFF7FFF7FFF7FFF7FFF7FFF7FFF7FFF7FFF7FFF7FFF7FFF7FFF7FFF7FFF7FFF7FFF7FFF7FFF7FFF7FFF7FFF7FFF7FFF7FFF7FFF7FFF7FFF7FFF7FFF7FFF7FFF7FFF7FFF7FFF7FFF7FFF7FFF7FFF7FFF7FFF7FFF7FFF7FFF7FFF7FFF7FFF7FFF7FFF7FFF7FFF
310
7FFF7FFF7FFF7FFF7FFF7FFF7FFF7FFF7FFF7FFF7FFF7FFF7FFF7FFF7FFF7FFF7FFF7FFF7FFF7FFF7FFF7FFF7FFF7FFF7FFF7FFF7FFF7FFF7FFF7FFF7FFF7FFF7FFF7FFF7FFF7FFF7FFF7FFF7FFF7FFF7FFF7FFF7FFF7FFF7FFF7FFF7FFF7FFF7FFF7FFF7FFF7FFF7FFF7FFF7FFF7FFF7FFF7FFF7FFF7FFF7FFF7FFF7FFF7F
310
FF7FFF7FFF7FFF7FFF7FFF7FFF7FFF7FFF7FFF7FFF7FFF7FFF7FFF7FFF7FFF7FFF7FFF7FFF7FFF7FFF7FFF7FFF7FFF7FFF7FFF7FFF7FFF7FFF7FFF7FFF7FFF7FFF7FFF7FFF7FFF7FFF7FFF7FFF7FFF7FFF7FFF7FFF7FFF7FFF7FFF7FFF7FFF7FFF7FFF7FFF7FFF7FFF7FFF7FFF7FFF7FFF7FFF7FFF7FFF7FFF7FFF7FFF7FFF
310
7FFF7FFF7FFF7FFF7FFF7FFF7FFF7FFF7FFF7FFF7FFF7FFF7FFF7FFF7FFF7FFF7FFF7FFF7FFF7FFF7FFF7FFF7FFF7FFF7FFF7FFF7FFF7FFF7FFF7FFF7FFF7FFF7FFF7FFF7FFF7FFF7FFF7FFF7FFF7FFF7FFF7FFF7FFF7FFF7FFF7FFF7FFF7FFF7FFF7FFF7FFF7FFF7FFF7FFF7FFF7FFF7FFF7FFF7FFF7FFF7FFF7FFF7FFF7F
310
FF7FFF7FFF7FFF7FFF7FFF7FFF7FFF7FFF7FFF7FFF7FFF7FFF7FFF7FFF7FFF7FFF7FFF7FFF7FFF7FFF7FFF7FFF7FFF7FFF7FFF7FFF7FFF7FFF7FFF7FFF7FFF7FFF7FFF7FFF7FFF7FFF7FFF7FFF7FFF7FFF7FFF7FFF7FFF7FFF7FFF7FFF7FFF7FFF7FFF7FFF7FFF7FFF7FFF7FFF7FFF7FFF7FFF7FFF7FFF7FFF7FFF7FFF7FFF
310
7FFF7FFF7FFF7FFF7FFF7FFF7FFF7FFF7FFF7FFF7FFF7FFF7FFF7FFF7FFF7FFF7FFF7FFF7FFF7FFF7FFF7FFF7FFF7FFF7FFF7FFF7FFF7FFF7FFF7FFF7FFF7FFF7FFF7FFF7FFF7FFF7FFF7FFF7FFF7FFF7FFF7FFF7FFF7FFF7FFF7FFF7FFF7FFF7FFF7FFF7FFF7FFF7FFF7FFF7FFF7FFF7FFF7FFF7FFF7FFF7FFF7FFF7FFF7F
310
FF7FFF7FFF7FFF7FFF7FFF7FFF7FFF7FFF7FFF7FFF7FFF7FFF7FFF7FFF7FFF7FFF7FFF7FFF7FFF7FFF7FFF7FFF7FFF7FFF7FFF7FFF7FFF7FFF7FFF7FFF7FFF7FFF7FFF7FFF7FFF7FFF7FFF7FFF7FFF7FFF7FFF7FFF7FFF7FFF7FFF7FFF7FFF7FFF7FFF7FFF7FFF7FFF7FFF7FFF7FFF7FFF7FFF7FFF7FFF7FFF7FFF7FFF7FFF
310
7FFF7FFF7FFF7FFF7FFF7FFF7FFF7FFF7FFF7FFF7FFF7FFF7FFF7FFF7FFF7FFF7FFF7FFF7FFF7FFF7FFF7FFF7FFF7FFF7FFF7FFF7FFF7FFF7FFF7FFF7FFF7FFF7FFF7FFF7FFF7FFF7FFF7FFF7FFF7FFF7FFF7FFF7FFF7FFF7FFF7FFF7FFF7FFF7FFF7FFF7FFF7FFF7FFF7FFF7FFF7FFF7FFF7FFF7FFF7FFF7FFF7FFF7FFF7F
310
FF7FFF7FFF7FFF7FFF7FFF7FFF7FFF7FFF7FFF7FFF7FFF7FFF7FFF7FFF7FFF7FFF7FFF7FFF7FFF7FFF7FFF7FFF7FFF7FFF7FFF7FFF7FFF7FFF7FFF7FFF7FFF7FFF7FFF7FFF7FFF7FFF7FFF7FFF7FFF7FFF7FFF7FFF7FFF7FFF7FFF7FFF7FFF7FFF7FFF7FFF7FFF7FFF7FFF7FFF7FFF7FFF7FFF7FFF7FFF7FFF7FFF7FFF7FFF
310
7FFF7FFF7FFF7FFF7FFF7FFF7FFF7FFF7FFF7FFF7FFF7FFF7FFF7FFF7FFF7FFF7FFF7FFF7FFF7FFF7FFF7FFF7FFF7FFF7FFF7FFF7FFF7FFF7FFF7FFF7FFF7FFF7FFF7FFF7FFF7FFF7FFF7FFF7FFF7FFF7FFF7FFF7FFF7FFF7FFF7FFF7FFF7FFF7FFF7FFF7FFF7FFF7FFF7FFF7FFF7FFF7FFF7FFF7FFF7FFF7FFF7FFF7FFF7F
310
FF7FFF7FFF7FFF7FFF7FFF7FFF7FFF7FFF7FFF7FFF7FFF7FFF7FFF7FFF7FFF7FFF7FFF7FFF7FFF7FFF7FFF7FFF7FFF7FFF7FFF7FFF7FFF7FFF7FFF7FFF7FFF7FFF7FFF7FFF7FFF7FFF7FFF7FFF7FFF7FFF7FFF7FFF7FFF7FFF7FFF7FFF7FFF7FFF7FFF7FFF7FFF7FFF7FFF7FFF7FFF7FFF7FFF7FFF7FFF7FFF7FFF7FFF7FFF
310
7FFF7FFF7FFF7FFF7FFF7FFF7FFF7FFF7FFF7FFF7FFF7FFF7FFF7FFF7FFF7FFF7FFF7FFF7FFF7FFF7FFF7FFF7FFF7FFF7FFF7FFF7FFF7FFF7FFF7FFF7FFF7FFF7FFF7FFF7FFF7FFF7FFF7FFF7FFF7FFF7FFF7FFF7FFF7FFF7FFF7FFF7FFF7FFF7FFF7FFF7FFF7FFF7FFF7FFF7FFF7FFF7FFF7FFF7FFF7FFF7FFF7FFF7FFF7F
310
FF7FFF7FFF7FFF7FFF7FFF7FFF7FFF7FFF7FFF7FFF7FFF7FFF7FFF7FFF7FFF7FFF7FFF7FFF7FFF7FFF7FFF7FFF7FFF7FFF7FFF7FFF7FFF7FFF7FFF7FFF7FFF7FFF7FFF7FFF7FFF7FFF7FFF7FFF7FFF7FFF7FFF7FFF7FFF7FFF7FFF7FFF7FFF7FFF7FFF7FFF7FFF7FFF7FFF7FFF7FFF7FFF7FFF7FFF7FFF7FFF7FFF7FFF7FFF
310
7FFF7FFF7FFF7FFF7FFF7FFF7FFF7FFF7FFF7FFF7FFF7FFF7FFF7FFF7FFF7FFF7FFF7FFF7FFF7FFF7FFF7FFF7FFF7FFF7FFF7FFF7FFF7FFF7FFF7FFF7FFF7FFF7FFF7FFF7FFF7FFF7FFF7FFF7FFF7FFF7FFF7FFF7FFF7FFF7FFF7FFF7FFF7FFF7FFF7FFF7FFF7FFF7FFF7FFF7FFF7FFF7FFF7FFF7FFF7FFF7FFF7FFF7FFF7F
310
FF7FFF7FFF7FFF7FFF7FFF7FFF7FFF7FFF7FFF7FFF7FFF7FFF7FFF7FFF7FFF7FFF7FFF7FFF7FFF7FFF7FFF7FFF7FFF7FFF7FFF7FFF7FFF7FFF7FFF7FFF7FFF7FFF7FFF7FFF7FFF7FFF7FFF7FFF7FFF7FFF7FFF7FFF7FFF7FFF7FFF7FFF7FFF7FFF7FFF7FFF7FFF7FFF7FFF7FFF7FFF7FFF7FFF7FFF7FFF7FFF7FFF7FFF7FFF
310
7FFF7FFF7FFF7FFF7FFF7FFF7FFF7FFF7FFF7FFF7FFF7FFF7FFF7FFF7FFF7FFF7FFF7FFF7FFF7FFF7FFF7FFF7FFF7FFF7FFF7FFF7FFF7FFF7FFF7FFF7FFF7FFF7FFF7FFF7FFF7FFF7FFF7FFF7FFF7FFF7FFF7FFF7FFF7FFF7FFF7FFF7FFF7FFF7FFF7FFF7FFF7FFF7FFF7FFF7FFF7FFF7FFF7FFF7FFF7FFF7FFF7FFF7FFF7F
310
FF7FFF7FFF7FFF7FFF7FFF7FFF7FFF7FFF7FFF7FFF7FFF7FFF7FFF7FFF7FFF7FFF7FFF7FFF7FFF7FFF7FFF7FFF7FFF7FFF7FFF7FFF7FFF7FFF7FFF7FFF7FFF7FFF7FFF7FFF7FFF7FFF7FFF7FFF7FFF7FFF7FFF7FFF7FFF7FFF7FFF7FFF7FFF7FFF7FFF7FFF7FFF7FFF7FFF7FFF7FFF7FFF7FFF7FFF7FFF7FFF7FFF7FFF7FFF
310
7FFF7FFF7FFF7FFF7FFF7FFF7FFF7FFF7FFF7FFF7FFF7FFF7FFF7FFF7FFF7FFF7FFF7FFF7FFF7FFF7FFF7FFF7FFF7FFF7FFF7FFF7FFF7FFF7FFF7FFF7FFF7FFF7FFF7FFF7FFF7FFF7FFF7FFF7FFF7FFF7FFF7FFF7FFF7FFF7FFF7FFF7FFF7FFF7FFF7FFF7FFF7FFF7FFF7FFF7FFF7FFF7FFF7FFF7FFF7FFF7FFF7FFF7FFF7F
310
FF7FFF7FFF7FFF7FFF7FFF7FFF7FFF7FFF7FFF7FFF7FFF7FFF7FFF7FFF7FFF7FFF7FFF7FFF7FFF7FFF7FFF7FFF7FFF7FFF7FFF7FFF7FFF7FFF7FFF7FFF7FFF7FFF7FFF7FFF7FFF7FFF7FFF7FFF7FFF7FFF7FFF7FFF7FFF7FFF7FFF7FFF7FFF7FFF7FFF7FFF7FFF7FFF7FFF7FFF7FFF7FFF7FFF7FFF7FFF7FFF7FFF7FFF7FFF
310
7FFF7FFF7FFF7FFF7FFF7FFF7FFF7FFF7FFF7FFF7FFF7FFF7FFF7FFF7FFF7FFF7FFF7FFF7FFF7FFF7FFF7FFF7FFF7FFF7FFF7FFF7FFF7FFF7FFF7FFF7FFF7FFF7FFF7FFF7FFF7FFF7FFF7FFF7FFF7FFF7FFF7FFF7FFF7FFF7FFF7FFF7FFF7FFF7FFF7FFF7FFF7FFF7FFF7FFF7FFF7FFF7FFF7FFF7FFF7FFF7FFF7FFF7FFF7F
310
FF7FFF7FFF7FFF7FFF7FFF7FFF7FFF7FFF7FFF7FFF7FFF7FFF7FFF7FFF7FFF7FFF7FFF7FFF7FFF7FFF7FFF7FFF7FFF7FFF7FFF7FFF7FFF7FFF7FFF7FFF7FFF7FFF7FFF7FFF7FFF7FFF7FFF7FFF7FFF7FFF7FFF7FFF7FFF7FFF7FFF7FFF7FFF7FFF7FFF7FFF7FFF7FFF7FFF7FFF7FFF7FFF7FFF7FFF7FFF7FFF7FFF7FFF7FFF
310
7FFF7FFF7FFF7FFF7FFF7FFF7FFF7FFF7FFF7FFF7FFF7FFF7FFF7FFF7FFF7FFF7FFF7FFF7FFF7FFF7FFF7FFF7FFF7FFF7FFF7FFF7FFF7FFF7FFF7FFF7FFF7FFF7FFF7FFF7FFF7FFF7FFF7FFF7FFF7FFF7FFF7FFF7FFF7FFF7FFF7FFF7FFF7FFF7FFF7FFF7FFF7FFF7FFF7FFF7FFF7FFF7FFF7FFF7FFF7FFF7FFF7FFF7FFF7F
310
FF7FFF7FFF7FFF7FFF7FFF7FFF7FFF7FFF7FFF7FFF7FFF7FFF7FFF7FFF7FFF7FFF7FFF7FFF7FFF7FFF7FFF7FFF7FFF7FFF7FFF7FFF7FFF7FFF7FFF7FFF7FFF7FFF7FFF7FFF7FFF7FFF7FFF7FFF7FFF7FFF7FFF7FFF7FFF7FFF7FFF7FFF7FFF7FFF7FFF7FFF7FFF7FFF7FFF7FFF7FFF7FFF7FFF7FFF7FFF7FFF7FFF7FFF7FFF
310
7FFF7FFF7FFF7FFF7FFF7FFF7FFF7FFF7FFF7FFF7FFF7FFF7FFF7FFF7FFF7FFF7FFF7FFF7FFF7FFF7FFF7FFF7FFF7FFF7FFF7FFF7FFF7FFF7FFF7FFF7FFF7FFF7FFF7FFF7FFF7FFF7FFF7FFF7FFF7FFF7FFF7FFF7FFF7FFF7FFF7FFF7FFF7FFF7FFF7FFF7FFF7FFF7FFF7FFF7FFF7FFF7FFF7FFF7FFF7FFF7FFF7FFF7FFF7F
310
FF7FFF7FFF7FFF7FFF7FFF7FFF7FFF7FFF7FFF7FFF7FFF7FFF7FFF7FFF7FFF7FFF7FFF7FFF7FFF7FFF7FFF7FFF7FFF7FFF7FFF7FFF7FFF7FFF7FFF7FFF7FFF7FFF7FFF7FFF7FFF7FFF7FFF7FFF7FFF7FFF7FFF7FFF7FFF7FFF7FFF7FFF7FFF7FFF7FFF7FFF7FFF7FFF7FFF7FFF7FFF7FFF7FFF7FFF7FFF7FFF7FFF7FFF7FFF
310
7FFF7FFF7FFF7FFF7FFF7FFF7FFF7FFF7FFF7FFF7FFF7FFF7FFF7FFF7FFF7FFF7FFF7FFF7FFF7FFF7FFF7FFF7FFF7FFF7FFF7FFF7FFF7FFF7FFF7FFF7FFF7FFF7FFF7FFF7FFF7FFF7FFF7FFF7FFF7FFF7FFF7FFF7FFF7FFF7FFF7FFF7FFF7FFF7FFF7FFF7FFF7FFF7FFF7FFF7FFF7FFF7FFF7FFF7FFF7FFF7FFF7FFF7FFF7F
310
FF7FFF7FFF7FFF7FFF7FFF7FFF7FFF7FFF7FFF7FFF7FFF7FFF7FFF7FFF7FFF7FFF7FFF7FFF7FFF7FFF7FFF7FFF7FFF7FFF7FFF7FFF7FFF7FFF7FFF7FFF7FFF7FFF7FFF7FFF7FFF7FFF7FFF7FFF7FFF7FFF7FFF7FFF7FFF7FFF7FFF7FFF7FFF7FFF7FFF7FFF7FFF7FFF7FFF7FFF7FFF7FFF7FFF7FFF7FFF7FFF7FFF7FFF7FFF
310
7FFF7FFF7FFF7FFF7FFF7FFF7FFF7FFF7FFF7FFF7FFF7FFF7FFF7FFF7FFF7FFF7FFF7FFF7FFF7FFF7FFF7FFF7FFF7FFF7FFF7FFF7FFF7FFF7FFF7FFF7FFF7FFF7FFF7FFF7FFF7FFF7FFF7FFF7FFF7FFF7FFF7FFF7FFF7FFF7FFF7FFF7FFF7FFF7FFF7FFF7FFF7FFF7FFF7FFF7FFF7FFF7FFF7FFF7FFF7FFF7FFF7FFF7FFF7F
310
FF7FFF7FFF7FFF7FFF7FFF7FFF7FFF7FFF7FFF7FFF7FFF7FFF7FFF7FFF7FFF7FFF7FFF7FFF7FFF7FFF7FFF7FFF7FFF7FFF7FFF7FFF7FFF7FFF7FFF7FFF7FFF7FFF7FFF7FFF7FFF7FFF7FFF7FFF7FFF7FFF7FFF7FFF7FFF7FFF7FFF7FFF7FFF7FFF7FFF7FFF7FFF7FFF7FFF7FFF7FFF7FFF7FFF7FFF7FFF7FFF7FFF7FFF7FFF
310
7FFF7FFF7FFF7FFF7FFF7FFF7FFF7FFF7FFF7FFF7FFF7FFF7FFF7FFF7FFF7FFF7FFF7FFF7FFF7FFF7FFF7FFF7FFF7FFF7FFF7FFF7FFF7FFF7FFF7FFF7FFF7FFF7FFF7FFF7FFF7FFF7FFF7FFF7FFF7FFF7FFF7FFF7FFF7FFF7FFF7FFF7FFF7FFF7FFF7FFF7FFF7FFF7FFF7FFF7FFF7FFF7FFF7FFF7FFF7FFF7FFF7FFF7FFF7F
310
FF7FFF7FFF7FFF7FFF7FFF7FFF7FFF7FFF7FFF7FFF7FFF7FFF7FFF7FFF7FFF7FFF7FFF7FFF7FFF7FFF7FFF7FFF7FFF7FFF7FFF7FFF7FFF7FFF7FFF7FFF7FFF7FFF7FFF7FFF7FFF7FFF7FFF7FFF7FFF7FFF7FFF7FFF7FFF7FFF7FFF7FFF7FFF7FFF7FFF7FFF7FFF7FFF7FFF7FFF7FFF7FFF7FFF7FFF7FFF7FFF7FFF7FFF7FFF
310
7FFF7FFF7FFF7FFF7FFF7FFF7FFF7FFF7FFF7FFF7FFF7FFF7FFF7FFF7FFF7FFF7FFF7FFF7FFF7FFF7FFF7FFF7FFF7FFF7FFF7FFF7FFF7FFF7FFF7FFF7FFF7FFF7FFF7FFF7FFF7FFF7FFF7FFF7FFF7FFF7FFF7FFF7FFF7FFF7FFF7FFF7FFF7FFF7FFF7FFF7FFF7FFF7FFF7FFF7FFF7FFF7FFF7FFF7FFF7FFF7FFF7FFF7FFF7F
310
FF7FFF7FFF7FFF7FFF7FFF7FFF7FFF7FFF7FFF7FFF7FFF7FFF7FFF7FFF7FFF7FFF7FFF7FFF7FFF7FFF7FFF7FFF7FFF7FFF7FFF7FFF7FFF7FFF7FFF7FFF7FFF7FFF7FFF7FFF7FFF7FFF7FFF7FFF7FFF7FFF7FFF7FFF7FFF7FFF7FFF7FFF7FFF7FFF7FFF7FFF7FFF7FFF7FFF7FFF7FFF7FFF7FFF7FFF7FFF7FFF7FFF7FFF7FFF
310
7FFF7FFF7FFF7FFF7FFF7FFF7FFF7FFF7FFF7FFF7FFF7FFF7FFF7FFF7FFF7FFF7FFF7FFF7FFF7FFF7FFF7FFF7FFF7FFF7FFF7FFF7FFF7FFF7FFF7FFF7FFF7FFF7FFF7FFF7FFF7FFF7FFF7FFF7FFF7FFF7FFF7FFF7FFF7FFF7FFF7FFF7FFF7FFF7FFF7FFF7FFF7FFF7FFF7FFF7FFF7FFF7FFF7FFF7FFF7FFF7FFF7FFF7FFF7F
310
FF7FFF7FFF7FFF7FFF7FFF7FFF7FFF7FFF7FFF7FFF7FFF7FFF7FFF7FFF7FFF7FFF7FFF7FFF7FFF7FFF7FFF7FFF7FFF7FFF7FFF7FFF7FFF7FFF7FFF7FFF7FFF7FFF7FFF7FFF7FFF7FFF7FFF7FFF7FFF7FFF7FFF7FFF7FFF7FFF7FFF7FFF7FFF7FFF7FFF7FFF7FFF7FFF7FFF7FFF7FFF7FFF7FFF7FFF7FFF7FFF7FFF7FFF7FFF
310
7FFF7FFF7FFF7FFF7FFF7FFF7FFF7FFF7FFF7FFF7FFF7FFF7FFF7FFF7FFF7FFF7FFF7FFF7FFF7FFF7FFF7FFF7FFF7FFF7FFF7FFF7FFF7FFF7FFF7FFF7FFF7FFF7FFF7FFF7FFF7FFF7FFF7FFF7FFF7FFF7FFF7FFF7FFF7FFF7FFF7FFF7FFF7FFF7FFF7FFF7FFF7FFF7FFF7FFF7FFF7FFF7FFF7FFF7FFF7FFF7FFF7FFF7FFF7F
310
FF7FFF7FFF7FFF7FFF7FFF7FFF7FFF7FFF7FFF7FFF7FFF7FFF7FFF7FFF7FFF7FFF7FFF7FFF7FFF7FFF7FFF7FFF7FFF7FFF7FFF7FFF7FFF7FFF7FFF7FFF7FFF7FFF7FFF7FFF7FFF7FFF7FFF7FFF7FFF7FFF7FFF7FFF7FFF7FFF7FFF7FFF7FFF7FFF7FFF7FFF7FFF7FFF7FFF7FFF7FFF7FFF7FFF7FFF7FFF7FFF7FFF7FFF7FFF
310
7FFF7FFF7FFF7FFF7FFF7FFF7FFF7FFF7FFF7FFF7FFF7FFF7FFF7FFF7FFF7FFF7FFF7FFF7FFF7FFF7FFF7FFF7FFF7FFF7FFF7FFF7FFF7FFF7FFF7FFF7FFF7FFF7FFF7FFF7FFF7FFF7FFF7FFF7FFF7FFF7FFF7FFF7FFF7FFF7FFF7FFF7FFF7FFF7FFF7FFF7FFF7FFF7FFF7FFF7FFF7FFF7FFF7FFF7FFF7FFF7FFF7FFF7FFF7F
310
FF7FFF7FFF7FFF7FFF7FFF7FFF7FFF7FFF7FFF7FFF7FFF7FFF7FFF7FFF7FFF7FFF7FFF7FFF7FFF7FFF7FFF7FFF7FFF7FFF7FFF7FFF7FFF7FFF7FFF7FFF7FFF7FFF7FFF7FFF7FFF7FFF7FFF7FFF7FFF7FFF7FFF7FFF7FFF7FFF7FFF7FFF7FFF7FFF7FFF7FFF7FFF7FFF7FFF7FFF7FFF7FFF7FFF7FFF7FFF7FFF7FFF7FFF7FFF
310
7FFF7FFF7FFF7FFF7FFF7FFF7FFF7FFF7FFF7FFF7FFF7FFF7FFF7FFF7FFF7FFF7FFF7FFF7FFF7FFF7FFF7FFF7FFF7FFF7FFF7FFF7FFF7FFF7FFF7FFF7FFF7FFF7FFF7FFF7FFF7FFF7FFF7FFF7FFF7FFF7FFF7FFF7FFF7FFF7FFF7FFF7FFF7FFF7FFF7FFF7FFF7FFF7FFF7FFF7FFF7FFF7FFF7FFF7FFF7FFF7FFF7FFF7FFF7F
310
FF7FFF7FFF7FFF7FFF7FFF7FFF7FFF7FFF7FFF7FFF7FFF7FFF7FFF7FFF7FFF7FFF7FFF7FFF7FFF7FFF7FFF7FFF7FFF7FFF7FFF7FFF7FFF7FFF7FFF7FFF7FFF7FFF7FFF7FFF7FFF7FFF7FFF7FFF7FFF7FFF7FFF7FFF7FFF7FFF7FFF7FFF7FFF7FFF7FFF7FFF7FFF7FFF7FFF7FFF7FFF7FFF7FFF7FFF7FFF7FFF7FFF7FFF7FFF
310
7FFF7FFF7FFF7FFF7FFF7FFF7FFF7FFF7FFF7FFF7FFF7FFF7FFF7FFF7FFF7FFF7FFF7FFF7FFF7FFF7FFF7FFF7FFF7FFF7FFF7FFF7FFF7FFF7FFF7FFF7FFF7FFF7FFF7FFF7FFF7FFF7FFF7FFF7FFF7FFF7FFF7FFF7FFF7FFF7FFF7FFF7FFF7FFF7FFF7FFF7FFF7FFF7FFF7FFF7FFF7FFF7FFF7FFF7FFF7FFF7FFF7FFF7FFF7F
310
FF7FFF7FFF7FFF7FFF7FFF7FFF7FFF7FFF7FFF7FFF7FFF7FFF7FFF7FFF7FFF7FFF7FFF7FFF7FFF7FFF7FFF7FFF7FFF7FFF7FFF7FFF7FFF7FFF7FFF7FFF7FFF7FFF7FFF7FFF7FFF7FFF7FFF7FFF7FFF7FFF7FFF7FFF7FFF7FFF7FFF7FFF7FFF7FFF7FFF7FFF7FFF7FFF7FFF7FFF7FFF7FFF7FFF7FFF7FFF7FFF7FFF7FFF7FFF
310
7FFF7FFF7FFF7FFF7FFF7FFF7FFF7FFF7FFF7FFF7FFF7FFF7FFF7FFF7FFF7FFF7FFF7FFF7FFF7FFF7FFF7FFF7FFF7FFF7FFF7FFF7FFF7FFF7FFF7FFF7FFF7FFF7FFF7FFF7FFF7FFF7FFF7FFF7FFF7FFF7FFF7FFF7FFF7FFF7FFF7FFF7FFF7FFF7FFF7FFF7FFF7FFF7FFF7FFF7FFF7FFF7FFF7FFF7FFF7FFF7FFF7FFF7FFF7F
310
FF7FFF7FFF7FFF7FFF7FFF7FFF7FFF7FFF7FFF7FFF7FFF7FFF7FFF7FFF7FFF7FFF7FFF7FFF7FFF7FFF7FFF7FFF7FFF7FFF7FFF7FFF7FFF7FFF7FFF7FFF7FFF7FFF7FFF7FFF7FFF7FFF7FFF7FFF7FFF7FFF7FFF7FFF7FFF7FFF7FFF7FFF7FFF7FFF7FFF7FFF7FFF7FFF7FFF7FFF7FFF7FFF7FFF7FFF7FFF7FFF7FFF7FFF7FFF
310
7FFF7FFF7FFF7FFF7FFF7FFF7FFF7FFF7FFF7FFF7FFF7FFF7FFF7FFF7FFF7FFF7FFF7FFF7FFF7FFF7FFF7FFF7FFF7FFF7FFF7FFF7FFF7FFF7FFF7FFF7FFF7FFF7FFF7FFF7FFF7FFF7FFF7FFF7FFF7FFF7FFF7FFF7FFF7FFF7FFF7FFF7FFF7FFF7FFF7FFF7FFF7FFF7FFF7FFF7FFF7FFF7FFF7FFF7FFF7FFF7FFF7FFF7FFF7F
310
FF7FFF7FFF7FFF7FFF7FFF7FFF7FFF7FFF7FFF7FFF7FFF7FFF7FFF7FFF7FFF7FFF7FFF7FFF7FFF7FFF7FFF7FFF7FFF7FFF7FFF7FFF7FFF7FFF7FFF7FFF7FFF7FFF7FFF7FFF7FFF7FFF7FFF7FFF7FFF7FFF7FFF7FFF7FFF7FFF7FFF7FFF7FFF7FFF7FFF7FFF7FFF7FFF7FFF7FFF7FFF7FFF7FFF7FFF7FFF7FFF7FFF7FFF7FFF
310
7FFF7FFF7FFF7FFF7FFF7FFF7FFF7FFF7FFF7FFF7FFF7FFF7FFF7FFF7FFF7FFF7FFF7FFF7FFF7FFF7FFF7FFF7FFF7FFF7FFF7FFF7FFF7FFF7FFF7FFF7FFF7FFF7FFF7FFF7FFF7FFF7FFF7FFF7FFF7FFF7FFF7FFF7FFF7FFF7FFF7FFF7FFF7FFF7FFF7FFF7FFF7FFF7FFF7FFF7FFF7FFF7FFF7FFF7FFF7FFF7FFF7FFF7FFF7F
310
FF7FFF7FFF7FFF7FFF7FFF7FFF7FFF7FFF7FFF7FFF7FFF7FFF7FFF7FFF7FFF7FFF7FFF7FFF7FFF7FFF7FFF7FFF7FFF7FFF7FFF7FFF7FFF7FFF7FFF7FFF7FFF7FFF7FFF7FFF7FFF7FFF7FFF7FFF7FFF7FFF7FFF7FFF7FFF7FFF7FFF7FFF7FFF7FFF7FFF7FFF7FFF7FFF7FFF7FFF7FFF7FFF7FFF7FFF7FFF7FFF7FFF7FFF7FFF
310
7FFF7FFF7FFF7FFF7FFF7FFF7FFF7FFF7FFF7FFF7FFF7FFF7FFF7FFF7FFF7FFF7FFF7FFF7FFF7FFF7FFF7FFF7FFF7FFF7FFF7FFF7FFF7FFF7FFF7FFF7FFF7FFF7FFF7FFF7FFF7FFF7FFF7FFF7FFF7FFF7FFF7FFF7FFF7FFF7FFF7FFF7FFF7FFF7FFF7FFF7FFF7FFF7FFF7FFF7FFF7FFF7FFF7FFF7FFF7FFF7FFF7FFF7FFF7F
310
FF7FFF7FFF7FFF7FFF7FFF7FFF7FFF7FFF7FFF7FFF7FFF7FFF7FFF7FFF7FFF7FFF7FFF7FFF7FFF7FFF7FFF7FFF7FFF7FFF7FFF7FFF7FFF7FFF7FFF7FFF7FFF7FFF7FFF7FFF7FFF7FFF7FFF7FFF7FFF7FFF7FFF7FFF7FFF7FFF7FFF7FFF7FFF7FFF7FFF7FFF7FFF7FFF7FFF7FFF7FFF7FFF7FFF7FFF7FFF7FFF7FFF7FFF7FFF
310
7FFF7FFF7FFF7FFF7FFF7FFF7FFF7FFF7FFF7FFF7FFF7FFF7FFF7FFF7FFF7FFF7FFF7FFF7FFF7FFF7FFF7FFF7FFF7FFF7FFF7FFF7FFF7FFF7FFF7FFF7FFF7FFF7FFF7FFF7FFF7FFF7FFF7FFF7FFF7FFF7FFF7FFF7FFF7FFF7FFF7FFF7FFF7FFF7FFF7FFF7FFF7FFF7FFF7FFF7FFF7FFF7FFF7FFF7FFF7FFF7FFF7FFF7FFF7F
310
FF7FFF7FFF7FFF7FFF7FFF7FFF7FFF7FFF7FFF7FFF7FFF7FFF7FFF7FFF7FFF7FFF7FFF7FFF7FFF7FFF7FFF7FFF7FFF7FFF7FFF7FFF7FFF7FFF7FFF7FFF7FFF7FFF7FFF7FFF7FFF7FFF7FFF7FFF7FFF7FFF7FFF7FFF7FFF7FFF7FFF7FFF7FFF7FFF7FFF7FFF7FFF7FFF7FFF7FFF7FFF7FFF7FFF7FFF7FFF7FFF7FFF7FFF7FFF
310
7FFF7FFF7FFF7FFF7FFF7FFF7FFF7FFF7FFF7FFF7FFF7FFF7FFF7FFF7FFF7FFF7FFF7FFF7FFF7FFF7FFF7FFF7FFF7FFF7FFF7FFF7FFF7FFF7FFF7FFF7FFF7FFF7FFF7FFF7FFF7FFF7FFF7FFF7FFF7FFF7FFF7FFF7FFF7FFF7FFF7FFF7FFF7FFF7FFF7FFF7FFF7FFF7FFF7FFF7FFF7FFF7FFF7FFF7FFF7FFF7FFF7FFF7FFF7F
310
FF7FFF7FFF7FFF7FFF7FFF7FFF7FFF7FFF7FFF7FFF7FFF7FFF7FFF7FFF7FFF7FFF7FFF7FFF7FFF7FFF7FFF7FFF7FFF7FFF7FFF7FFF7FFF7FFF7FFF7FFF7FFF7FFF7FFF7FFF7FFF7FFF7FFF7FFF7FFF7FFF7FFF7FFF7FFF7FFF7FFF7FFF7FFF7FFF7FFF7FFF7FFF7FFF7FFF7FFF7FFF7FFF7FFF7FFF7FFF7FFF7FFF7FFF7FFF
310
7FFF7FFF7FFF7FFF7FFF7FFF7FFF7FFF7FFF7FFF7FFF7FFF7FFF7FFF7FFF7FFF7FFF7FFF7FFF7FFF7FFF7FFF7FFF7FFF7FFF7FFF7FFF7FFF7FFF7FFF7FFF7FFF7FFF7FFF7FFF7FFF7FFF7FFF7FFF7FFF7FFF7FFF7FFF7FFF7FFF7FFF7FFF7FFF7FFF7FFF7FFF7FFF7FFF7FFF7FFF7FFF7FFF7FFF7FFF7FFF7FFF7FFF7FFF7F
310
FF7FFF7FFF7FFF7FFF7FFF7FFF7FFF7FFF7FFF7FFF7FFF7FFF7FFF7FFF7FFF7FFF7FFF7FFF7FFF7FFF7FFF7FFF7FFF7FFF7FFF7FFF7FFF7FFF7FFF7FFF7FFF7FFF7FFF7FFF7FFF7FFF7FFF7FFF7FFF7FFF7FFF7FFF7FFF7FFF7FFF7FFF7FFF7FFF7FFF7FFF7FFF7FFF7FFF7FFF7FFF7FFF7FFF7FFF7FFF7FFF7FFF7FFF7FFF
310
7FFF7FFF7FFF7FFF7FFF7FFF7FFF7FFF7FFF7FFF7FFF7FFF7FFF7FFF7FFF7FFF7FFF7FFF7FFF7FFF7FFF7FFF7FFF7FFF7FFF7FFF7FFF7FFF7FFF7FFF7FFF7FFF7FFF7FFF7FFF7FFF7FFF7FFF7FFF7FFF7FFF7FFF7FFF7FFF7FFF7FFF7FFF7FFF7FFF7FFF7FFF7FFF7FFF7FFF7FFF7FFF7FFF7FFF7FFF7FFF7FFF7FFF7FFF7F
310
FF7FFF7FFF7FFF7FFF7FFF7FFF7FFF7FFF7FFF7FFF7FFF7FFF7FFF7FFF7FFF7FFF7FFF7FFF7FFF7FFF7FFF7FFF7FFF7FFF7FFF7FFF7FFF7FFF7FFF7FFF7FFF7FFF7FFF7FFF7FFF7FFF7FFF7FFF7FFF7FFF7FFF7FFF7FFF7FFF7FFF7FFF7FFF7FFF7FFF7FFF7FFF7FFF7FFF7FFF7FFF7FFF7FFF7FFF7FFF7FFF7FFF7FFF7FFF
310
7FFF7FFF7FFF7FFF7FFF7FFF7FFF7FFF7FFF7FFF7FFF7FFF7FFF7FFF7FFF7FFF7FFF7FFF7FFF7FFF7FFF7FFF7FFF7FFF7FFF7FFF7FFF7FFF7FFF7FFF7FFF7FFF7FFF7FFF7FFF7FFF7FFF7FFF7FFF7FFF7FFF7FFF7FFF7FFF7FFF7FFF7FFF7FFF7FFF7FFF7FFF7FFF7FFF7FFF7FFF7FFF7FFF7FFF7FFF7FFF7FFF7FFF7FFF7F
310
FF7FFF7FFF7FFF7FFF7FFF7FFF7FFF7FFF7FFF7FFF7FFF7FFF7FFF7FFF7FFF7FFF7FFF7FFF7FFF7FFF7FFF7FFF7FFF7FFF7FFF7FFF7FFF7FFF7FFF7FFF7FFF7FFF7FFF7FFF7FFF7FFF7FFF7FFF7FFF7FFF7FFF7FFF7FFF7FFF7FFF7FFF7FFF7FFF7FFF7FFF7FFF7FFF7FFF7FFF7FFF7FFF7FFF7FFF7FFF7FFF7FFF7FFF7FFF
310
7FFF7FFF7FFF7FFF7FFF7FFF7FFF7FFF7FFF7FFF7FFF7FFF7FFF7FFF7FFF7FFF7FFF7FFF7FFF7FFF7FFF7FFF7FFF7FFF7FFF7FFF7FFF7FFF7FFF7FFF7FFF7FFF7FFF7FFF7FFF7FFF7FFF7FFF7FFF7FFF7FFF7FFF7FFF7FFF7FFF7FFF7FFF7FFF7FFF7FFF7FFF7FFF7FFF7FFF7FFF7FFF7FFF7FFF7FFF7FFF7FFF7FFF7FFF7F
310
FF7FFF7FFF7FFF7FFF7FFF7FFF7FFF7FFF7FFF7FFF7FFF7FFF7FFF7FFF7FFF7FFF7FFF7FFF7FFF7FFF7FFF7FFF7FFF7FFF7FFF7FFF7FFF7FFF7FFF7FFF7FFF7FFF7FFF7FFF7FFF7FFF7FFF7FFF7FFF7FFF7FFF7FFF7FFF7FFF7FFF7FFF7FFF7FFF7FFF7FFF7FFF7FFF7FFF7FFF7FFF7FFF7FFF7FFF7FFF7FFF7FFF7FFF7FFF
310
7FFF7FFF7FFF7FFF7FFF7FFF7FFF7FFF7FFF7FFF7FFF7FFF7FFF7FFF7FFF7FFF7FFF7FFF7FFF7FFF7FFF7FFF7FFF7FFF7FFF7FFF7FFF7FFF7FFF7FFF7FFF7FFF7FFF7FFF7FFF7FFF7FFF7FFF7FFF7FFF7FFF7FFF7FFF7FFF7FFF7FFF7FFF7FFF7FFF7FFF7FFF7FFF7FFF7FFF7FFF7FFF7FFF7FFF7FFF7FFF7FFF7FFF7FFF7F
310
FF7FFF7FFF7FFF7FFF7FFF7FFF7FFF7FFF7FFF7FFF7FFF7FFF7FFF7FFF7FFF7FFF7FFF7FFF7FFF7FFF7FFF7FFF7FFF7FFF7FFF7FFF7FFF7FFF7FFF7FFF7FFF7FFF7FFF7FFF7FFF7FFF7FFF7FFF7FFF7FFF7FFF7FFF7FFF7FFF7FFF7FFF7FFF7FFF7FFF7FFF7FFF7FFF7FFF7FFF7FFF7FFF7FFF7FFF7FFF7FFF7FFF7FFF7FFF
310
7FFF7FFF7FFF7FFF7FFF7FFF7FFF7FFF7FFF7FFF7FFF7FFF7FFF7FFF7FFF7FFF7FFF7FFF7FFF7FFF7FFF7FFF7FFF7FFF7FFF7FFF7FFF7FFF7FFF7FFF7FFF7FFF7FFF7FFF7FFF7FFF7FFF7FFF7FFF7FFF7FFF7FFF7FFF7FFF7FFF7FFF7FFF7FFF7FFF7FFF7FFF7FFF7FFF7FFF7FFF7FFF7FFF7FFF7FFF7FFF7FFF7FFF7FFF7F
310
FF7FFF7FFF7FFF7FFF7FFF7FFF7FFF7FFF7FFF7FFF7FFF7FFF7FFF7FFF7FFF7FFF7FFF7FFF7FFF7FFF7FFF7FFF7FFF7FFF7FFF7FFF7FFF7FFF7FFF7FFF7FFF7FFF7FFF7FFF7FFF7FFF7FFF7FFF7FFF7FFF7FFF7FFF7FFF7FFF7FFF7FFF7FFF7FFF7FFF7FFF7FFF7FFF7FFF7FFF7FFF7FFF7FFF7FFF7FFF7FFF7FFF7FFF7FFF
310
7FFF7FFF7FFF7FFF7FFF7FFF7FFF7FFF7FFF7FFF7FFF7FFF7FFF7FFF7FFF7FFF7FFF7FFF7FFF7FFF7FFF7FFF7FFF7FFF7FFF7FFF7FFF7FFF7FFF7FFF7FFF7FFF7FFF7FFF7FFF7FFF7FFF7FFF7FFF7FFF7FFF7FFF7FFF7FFF7FFF7FFF7FFF7FFF7FFF7FFF7FFF7FFF7FFF7FFF7FFF7FFF7FFF7FFF7FFF7FFF7FFF7FFF7FFF7F
310
FF7FFF7FFF7FFF7FFF7FFF7FFF7FFF7FFF7FFF7FFF7FFF7FFF7FFF7FFF7FFF7FFF7FFF7FFF7FFF7FFF7FFF7FFF7FFF7FFF7FFF7FFF7FFF7FFF7FFF7FFF7FFF7FFF7FFF7FFF7FFF7FFF7FFF7FFF7FFF7FFF7FFF7FFF7FFF7FFF7FFF7FFF7FFF7FFF7FFF7FFF7FFF7FFF7FFF7FFF7FFF7FFF7FFF7FFF7FFF7FFF7FFF7FFF7FFF
310
7FFF7FFF7FFF7FFF7FFF7FFF7FFF7FFF7FFF7FFF7FFF7FFF7FFF7FFF7FFF7FFF7FFF7FFF7FFF7FFF7FFF7FFF7FFF7FFF7FFF7FFF7FFF7FFF7FFF7FFF7FFF7FFF7FFF7FFF7FFF7FFF7FFF7FFF7FFF7FFF7FFF7FFF7FFF7FFF7FFF7FFF7FFF7FFF7FFF7FFF7FFF7FFF7FFF7FFF7FFF7FFF7FFF7FFF7FFF7FFF7FFF7FFF7FFF7F
310
FF7FFF7FFF7FFF7FFF7FFF7FFF7FFF7FFF7FFF7FFF7FFF7FFF7FFF7FFF7FFF7FFF7FFF7FFF7FFF7FFF7FFF7FFF7FFF7FFF7FFF7FFF7FFF7FFF7FFF7FFF7FFF7FFF7FFF7FFF7FFF7FFF7FFF7FFF7FFF7FFF7FFF7FFF7FFF7FFF7FFF7FFF7FFF7FFF7FFF7FFF7FFF7FFF7FFF7FFF7FFF7FFF7FFF7FFF7FFF7FFF7FFF7FFF7FFF
310
7FFF7FFF7FFF7FFF7FFF7FFF7FFF7FFF7FFF7FFF7FFF7FFF7FFF7FFF7FFF7FFF7FFF7FFF7FFF7FFF7FFF7FFF7FFF7FFF7FFF7FFF7FFF7FFF7FFF7FFF7FFF7FFF7FFF7FFF7FFF7FFF7FFF7FFF7FFF7FFF7FFF7FFF7FFF7FFF7FFF7FFF7FFF7FFF7FFF7FFF7FFF7FFF7FFF7FFF7FFF7FFF7FFF7FFF7FFF7FFF7FFF7FFF7FFF7F
310
FF7FFF7FFF7FFF7FFF7FFF7FFF7FFF7FFF7FFF7FFF7FFF7FFF7FFF7FFF7FFF7FFF7FFF7FFF7FFF7FFF7FFF7FFF7FFF7FFF7FFF7FFF7FFF7FFF7FFF7FFF7FFF7FFF7FFF7FFF7FFF7FFF7FFF7FFF7FFF7FFF7FFF7FFF7FFF7FFF7FFF7FFF7FFF7FFF7FFF7FFF7FFF7FFF7FFF7FFF7FFF7FFF7FFF7FFF7FFF7FFF7FFF7FFF7FFF
310
7FFF7FFF7FFF7FFF7FFF7FFF7FFF7FFF7FFF7FFF7FFF7FFF7FFF7FFF7FFF7FFF7FFF7FFF7FFF7FFF7FFF7FFF7FFF7FFF7FFF7FFF7FFF7FFF7FFF7FFF7FFF7FFF7FFF7FFF7FFF7FFF7FFF7FFF7FFF7FFF7FFF7FFF7FFF7FFF7FFF7FFF7FFF7FFF7FFF7FFF7FFF7FFF7FFF7FFF7FFF7FFF7FFF7FFF7FFF7FFF7FFF7FFF7FFF7F
310
FF7FFF7FFF7FFF7FFF7FFF7FFF7FFF7FFF7FFF7FFF7FFF7FFF7FFF7FFF7FFF7FFF7FFF7FFF7FFF7FFF7FFF7FFF7FFF7FFF7FFF7FFF7FFF7FFF7FFF7FFF7FFF7FFF7FFF7FFF7FFF7FFF7FFF7FFF7FFF7FFF7FFF7FFF7FFF7FFF7FFF7FFF7FFF7FFF7FFF7FFF7FFF7FFF7FFF7FFF7FFF7FFF7FFF7FFF7FFF7FFF7FFF7FFF7FFF
310
7FFF7FFF7FFF7FFF7FFF7FFF7FFF7FFF7FFF7FFF7FFF7FFF7FFF7FFF7FFF7FFF7FFF7FFF7FFF7FFF7FFF7FFF7FFF7FFF7FFF7FFF7FFF7FFF7FFF7FFF7FFF7FFF7FFF7FFF7FFF7FFF7FFF7FFF7FFF7FFF7FFF7FFF7FFF7FFF7FFF7FFF7FFF7FFF7FFF7FFF7FFF7FFF7FFF7FFF7FFF7FFF7FFF7FFF7FFF7FFF7FFF7FFF7FFF7F
310
FF7FFF7FFF7FFF7FFF7FFF7FFF7FFF7FFF7FFF7FFF7FFF7FFF7FFF7FFF7FFF7FFF7FFF7FFF7FFF7FFF7FFF7FFF7FFF7FFF7FFF7FFF7FFF7FFF7FFF7FFF7FFF7FFF7FFF7FFF7FFF7FFF7FFF7FFF7FFF7FFF7FFF7FFF7FFF7FFF7FFF7FFF7FFF7FFF7FFF7FFF7FFF7FFF7FFF7FFF7FFF7FFF7FFF7FFF7FFF7FFF7FFF7FFF7FFF
310
7FFF7FFF7FFF7FFF7FFF7FFF7FFF7FFF7FFF7FFF7FFF7FFF7FFF7FFF7FFF7FFF7FFF7FFF7FFF7FFF7FFF7FFF7FFF7FFF7FFF7FFF7FFF7FFF7FFF7FFF7FFF7FFF7FFF7FFF7FFF7FFF7FFF7FFF7FFF7FFF7FFF7FFF7FFF7FFF7FFF7FFF7FFF7FFF7FFF7FFF7FFF7FFF7FFF7FFF7FFF7FFF7FFF7FFF7FFF7FFF7FFF7FFF7FFF7F
310
FF7FFF7FFF7FFF7FFF7FFF7FFF7FFF7FFF7FFF7FFF7FFF7FFF7FFF7FFF7FFF7FFF7FFF7FFF7FFF7FFF7FFF7FFF7FFF7FFF7FFF7FFF7FFF7FFF7FFF7FFF7FFF7FFF7FFF7FFF7FFF7FFF7FFF7FFF7FFF7FFF7FFF7FFF7FFF7FFF7FFF7FFF7FFF7FFF7FFF7FFF7FFF7FFF7FFF7FFF7FFF7FFF7FFF7FFF7FFF7FFF7FFF7FFF7FFF
310
7FFF7FFF7FFF7FFF7FFF7FFF7FFF7FFF7FFF7FFF7FFF7FFF7FFF7FFF7FFF7FFF7FFF7FFF7FFF7FFF7FFF7FFF7FFF7FFF7FFF7FFF7FFF7FFF7FFF7FFF7FFF7FFF7FFF7FFF7FFF7FFF7FFF7FFF7FFF7FFF7FFF7FFF7FFF7FFF7FFF7FFF7FFF7FFF7FFF7FFF7FFF7FFF7FFF7FFF7FFF7FFF7FFF7FFF7FFF7FFF7FFF7FFF7FFF7F
310
FF7FFF7FFF7FFF7FFF7FFF7FFF7FFF7FFF7FFF7FFF7FFF7FFF7FFF7FFF7FFF7FFF7FFF7FFF7FFF7FFF7FFF7FFF7FFF7FFF7FFF7FFF7FFF7FFF7FFF7FFF7FFF7FFF7FFF7FFF7FFF7FFF7FFF7FFF7FFF7FFF7FFF7FFF7FFF7FFF7FFF7FFF7FFF7FFF7FFF7FFF7FFF7FFF7FFF7FFF7FFF7FFF7FFF7FFF7FFF7FFF7FFF7FFF7FFF
310
7FFF7FFF7FFF7FFF7FFF7FFF7FFF7FFF7FFF7FFF7FFF7FFF7FFF7FFF7FFF7FFF7FFF7FFF7FFF7FFF7FFF7FFF7FFF7FFF7FFF7FFF7FFF7FFF7FFF7FFF7FFF7FFF7FFF7FFF7FFF7FFF7FFF7FFF7FFF7FFF7FFF7FFF7FFF7FFF7FFF7FFF7FFF7FFF7FFF7FFF7FFF7FFF7FFF7FFF7FFF7FFF7FFF7FFF7FFF7FFF7FFF7FFF7FFF7F
310
FF7FFF7FFF7FFF7FFF7FFF7FFF7FFF7FFF7FFF7FFF7FFF7FFF7FFF7FFF7FFF7FFF7FFF7FFF7FFF7FFF7FFF7FFF7FFF7FFF7FFF7FFF7FFF7FFF7FFF7FFF7FFF7FFF7FFF7FFF7FFF7FFF7FFF7FFF7FFF7FFF7FFF7FFF7FFF7FFF7FFF7FFF7FFF7FFF7FFF7FFF7FFF7FFF7FFF7FFF7FFF7FFF7FFF7FFF7FFF7FFF7FFF7FFF7FFF
310
7FFF7FFF7FFF7FFF7FFF7FFF7FFF7FFF7FFF7FFF7FFF7FFF7FFF7FFF7FFF7FFF7FFF7FFF7FFF7FFF7FFF7FFF7FFF7FFF7FFF7FFF7FFF7FFF7FFF7FFF7FFF7FFF7FFF7FFF7FFF7FFF7FFF7FFF7FFF7FFF7FFF7FFF7FFF7FFF7FFF7FFF7FFF7FFF7FFF7FFF7FFF7FFF7FFF7FFF7FFF7FFF7FFF7FFF7FFF7FFF7FFF7FFF7FFF7F
310
FF7FFF7FFF7FFF7FFF7FFF7FFF7FFF7FFF7FFF7FFF7FFF7FFF7FFF7FFF7FFF7FFF7FFF7FFF7FFF7FFF7FFF7FFF7FFF7FFF7FFF7FFF7FFF7FFF7FFF7FFF7FFF7FFF7FFF7FFF7FFF7FFF7FFF7FFF7FFF7FFF7FFF7FFF7FFF7FFF7FFF7FFF7FFF7FFF7FFF7FFF7FFF7FFF7FFF7FFF7FFF7FFF7FFF7FFF7FFF7FFF7FFF7FFF7FFF
310
7FFF7FFF7FFF7FFF7FFF7FFF7FFF7FFF7FFF7FFF7FFF7FFF7FFF7FFF7FFF7FFF7FFF7FFF7FFF7FFF7FFF7FFF7FFF7FFF7FFF7FFF7FFF7FFF7FFF7FFF7FFF7FFF7FFF7FFF7FFF7FFF7FFF7FFF7FFF7FFF7FFF7FFF7FFF7FFF7FFF7FFF7FFF7FFF7FFF7FFF7FFF7FFF7FFF7FFF7FFF7FFF7FFF7FFF7FFF7FFF7FFF7FFF7FFF7F
310
FF7FFF7FFF7FFF7FFF7FFF7FFF7FFF7FFF7FFF7FFF7FFF7FFF7FFF7FFF7FFF7FFF7FFF7FFF7FFF7FFF7FFF7FFF7FFF7FFF7FFF7FFF7FFF7FFF7FFF7FFF7FFF7FFF7FFF7FFF7FFF7FFF7FFF7FFF7FFF7FFF7FFF7FFF7FFF7FFF7FFF7FFF7FFF7FFF7FFF7FFF7FFF7FFF7FFF7FFF7FFF7FFF7FFF7FFF7FFF7FFF7FFF7FFF7FFF
310
7FFF7FFF7FFF7FFF7FFF7FFF7FFF7FFF7FFF7FFF7FFF7FFF7FFF7FFF7FFF7FFF7FFF7FFF7FFF7FFF7FFF7FFF7FFF7FFF7FFF7FFF7FFF7FFF7FFF7FFF7FFF7FFF7FFF7FFF7FFF7FFF7FFF7FFF7FFF7FFF7FFF7FFF7FFF7FFF7FFF7FFF7FFF7FFF7FFF7FFF7FFF7FFF7FFF7FFF7FFF7FFF7FFF7FFF7FFF7FFF7FFF7FFF7FFF7F
310
FF7FFF7FFF7FFF7FFF7FFF7FFF7FFF7FFF7FFF7FFF7FFF7FFF7FFF7FFF7FFF7FFF7FFF7FFF7FFF7FFF7FFF7FFF7FFF7FFF7FFF7FFF7FFF7FFF7FFF7FFF7FFF7FFF7FFF7FFF7FFF7FFF7FFF7FFF7FFF7FFF7FFF7FFF7FFF7FFF7FFF7FFF7FFF7FFF7FFF7FFF7FFF7FFF7FFF7FFF7FFF7FFF7FFF7FFF7FFF7FFF7FFF7FFF7FFF
310
7FFF7FFF7FFF7FFF7FFF7FFF7FFF7FFF7FFF7FFF7FFF7FFF7FFF7FFF7FFF7FFF7FFF7FFF7FFF7FFF7FFF7FFF7FFF7FFF7FFF7FFF7FFF7FFF7FFF7FFF7FFF7FFF7FFF7FFF7FFF7FFF7FFF7FFF7FFF7FFF7FFF7FFF7FFF7FFF7FFF7FFF7FFF7FFF7FFF7FFF7FFF7FFF7FFF7FFF7FFF7FFF7FFF7FFF7FFF7FFF7FFF7FFF7FFF7F
310
FF7FFF7FFF7FFF7FFF7FFF7FFF7FFF7FFF7FFF7FFF7FFF7FFF7FFF7FFF7FFF7FFF7FFF7FFF7FFF7FFF7FFF7FFF7FFF7FFF7FFF7FFF7FFF7FFF7FFF7FFF7FFF7FFF7FFF7FFF7FFF7FFF7FFF7FFF7FFF7FFF7FFF7FFF7FFF7FFF7FFF7FFF7FFF7FFF7FFF7FFF7FFF7FFF7FFF7FFF7FFF7FFF7FFF7FFF7FFF7FFF7FFF7FFF7FFF
310
7FFF7FFF7FFF7FFF7FFF7FFF7FFF7FFF7FFF7FFF7FFF7FFF7FFF7FFF7FFF7FFF7FFF7FFF7FFF7FFF7FFF7FFF7FFF7FFF7FFF7FFF7FFF7FFF7FFF7FFF7FFF7FFF7FFF7FFF7FFF7FFF7FFF7FFF7FFF7FFF7FFF7FFF7FFF7FFF7FFF7FFF7FFF7FFF7FFF7FFF7FFF7FFF7FFF7FFF7FFF7FFF7FFF7FFF7FFF7FFF7FFF7FFF7FFF7F
310
FF7FFF7FFF7FFF7FFF7FFF7FFF7FFF7FFF7FFF7FFF7FFF7FFF7FFF7FFF7FFF7FFF7FFF7FFF7FFF7FFF7FFF7FFF7FFF7FFF7FFF7FFF7FFF7FFF7FFF7FFF7FFF7FFF7FFF7FFF7FFF7FFF7FFF7FFF7FFF7FFF7FFF7FFF7FFF7FFF7FFF7FFF7FFF7FFF7FFF7FFF7FFF7FFF7FFF7FFF7FFF7FFF7FFF7FFF7FFF7FFF7FFF7FFF7FFF
310
7FFF7FFF7FFF7FFF7FFF7FFF7FFF7FFF7FFF7FFF7FFF7FFF7FFF7FFF7FFF7FFF7FFF7FFF7FFF7FFF7FFF7FFF7FFF7FFF7FFF7FFF7FFF7FFF7FFF7FFF7FFF7FFF7FFF7FFF7FFF7FFF7FFF7FFF7FFF7FFF7FFF7FFF7FFF7FFF7FFF7FFF7FFF7FFF7FFF7FFF7FFF7FFF7FFF7FFF7FFF7FFF7FFF7FFF7FFF7FFF7FFF7FFF7FFF7F
310
FF7FFF7FFF7FFF7FFF7FFF7FFF7FFF7FFF7FFF7FFF7FFF7FFF7FFF7FFF7FFF7FFF7FFF7FFF7FFF7FFF7FFF7FFF7FFF7FFF7FFF7FFF7FFF7FFF7FFF7FFF7FFF7FFF7FFF7FFF7FFF7FFF7FFF7FFF7FFF7FFF7FFF7FFF7FFF7FFF7FFF7FFF7FFF7FFF7FFF7FFF7FFF7FFF7FFF7FFF7FFF7FFF7FFF7FFF7FFF7FFF7FFF7FFF7FFF
310
7FFF7FFF7FFF7FFF7FFF7FFF7FFF7FFF7FFF7FFF7FFF7FFF7FFF7FFF7FFF7FFF7FFF7FFF7FFF7FFF7FFF7FFF7FFF7FFF7FFF7FFF7FFF7FFF7FFF7FFF7FFF7FFF7FFF7FFF7FFF7FFF7FFF7FFF7FFF7FFF7FFF7FFF7FFF7FFF7FFF7FFF7FFF7FFF7FFF7FFF7FFF7FFF7FFF7FFF7FFF7FFF7FFF7FFF7FFF7FFF7FFF7FFF7FFF7F
310
FF7FFF7FFF7FFF7FFF7FFF7FFF7FFF7FFF7FFF7FFF7FFF7FFF7FFF7FFF7FFF7FFF7FFF7FFF7FFF7FFF7FFF7FFF7FFF7FFF7FFF7FFF7FFF7FFF7FFF7FFF7FFF7FFF7FFF7FFF7FFF7FFF7FFF7FFF7FFF7FFF7FFF7FFF7FFF7FFF7FFF7FFF7FFF7FFF7FFF7FFF7FFF7FFF7FFF7FFF7FFF7FFF7FFF7FFF7FFF7FFF7FFF7FFF7FFF
310
7FFF7FFF7FFF7FFF7FFF7FFF7FFF7FFF7FFF7FFF7FFF7FFF7FFF7FFF7FFF7FFF7FFF7FFF7FFF7FFF7FFF7FFF7FFF7FFF7FFF7FFF7FFF7FFF7FFF7FFF7FFF7FFF7FFF7FFF7FFF7FFF7FFF7FFF7FFF7FFF7FFF7FFF7FFF7FFF7FFF7FFF7FFF7FFF7FFF7FFF7FFF7FFF7FFF7FFF7FFF7FFF7FFF7FFF7FFF7FFF7FFF7FFF7FFF7F
310
FF7FFF7FFF7FFF7FFF7FFF7FFF7FFF7FFF7FFF7FFF7FFF7FFF7FFF7FFF7FFF7FFF7FFF7FFF7FFF7FFF7FFF7FFF7FFF7FFF7FFF7FFF7FFF7FFF7FFF7FFF7FFF7FFF7FFF7FFF7FFF7FFF7FFF7FFF7FFF7FFF7FFF7FFF7FFF7FFF7FFF7FFF7FFF7FFF7FFF7FFF7FFF7FFF7FFF7FFF7FFF7FFF7FFF7FFF7FFF7FFF7FFF7FFF7FFF
310
7FFF7FFF7FFF7FFF7FFF7FFF7FFF7FFF7FFF7FFF7FFF7FFF7FFF7FFF7FFF7FFF7FFF7FFF7FFF7FFF7FFF7FFF7FFF7FFF7FFF7FFF7FFF7FFF7FFF7FFF7FFF7FFF7FFF7FFF7FFF7FFF7FFF7FFF7FFF7FFF7FFF7FFF7FFF7FFF7FFF7FFF7FFF7FFF7FFF7FFF7FFF7FFF7FFF7FFF7FFF7FFF7FFF7FFF7FFF7FFF7FFF7FFF7FFF7F
310
FF7FFF7FFF7FFF7FFF7FFF7FFF7FFF7FFF7FFF7FFF7FFF7FFF7FFF7FFF7FFF7FFF7FFF7FFF7FFF7FFF7FFF7FFF7FFF7FFF7FFF7FFF7FFF7FFF7FFF7FFF7FFF7FFF7FFF7FFF7FFF7FFF7FFF7FFF7FFF7FFF7FFF7FFF7FFF7FFF7FFF7FFF7FFF7FFF7FFF7FFF7FFF7FFF7FFF7FFF7FFF7FFF7FFF7FFF7FFF7FFF7FFF7FFF7FFF
310
7FFF7FFF7FFF7FFF7FFF7FFF7FFF7FFF7FFF7FFF7FFF7FFF7FFF7FFF7FFF7FFF7FFF7FFF7FFF7FFF7FFF7FFF7FFF7FFF7FFF7FFF7FFF7FFF7FFF7FFF7FFF7FFF7FFF7FFF7FFF7FFF7FFF7FFF7FFF7FFF7FFF7FFF7FFF7FFF7FFF7FFF7FFF7FFF7FFF7FFF7FFF7FFF7FFF7FFF7FFF7FFF7FFF7FFF7FFF7FFF7FFF7FFF7FFF7F
310
FF7FFF7FFF7FFF7FFF7FFF7FFF7FFF7FFF7FFF7FFF7FFF7FFF7FFF7FFF7FFF7FFF7FFF7FFF7FFF7FFF7FFF7FFF7FFF7FFF7FFF7FFF7FFF7FFF7FFF7FFF7FFF7FFF7FFF7FFF7FFF7FFF7FFF7FFF7FFF7FFF7FFF7FFF7FFF7FFF7FFF7FFF7FFF7FFF7FFF7FFF7FFF7FFF7FFF7FFF7FFF7FFF7FFF7FFF7FFF7FFF7FFF7FFF7FFF
310
7FFF7FFF7FFF7FFF7FFF7FFF7FFF7FFF7FFF7FFF7FFF7FFF7FFF7FFF7FFF7FFF7FFF7FFF7FFF7FFF7FFF7FFF7FFF7FFF7FFF7FFF7FFF7FFF7FFF7FFF7FFF7FFF7FFF7FFF7FFF7FFF7FFF7FFF7FFF7FFF7FFF7FFF7FFF7FFF7FFF7FFF7FFF7FFF7FFF7FFF7FFF7FFF7FFF7FFF7FFF7FFF7FFF7FFF7FFF7FFF7FFF7FFF7FFF7F
310
FF7FFF7FFF7FFF7FFF7FFF7FFF7FFF7FFF7FFF7FFF7FFF7FFF7FFF7FFF7FFF7FFF7FFF7FFF7FFF7FFF7FFF7FFF7FFF7FFF7FFF7FFF7FFF7FFF7FFF7FFF7FFF7FFF7FFF7FFF7FFF7FFF7FFF7FFF7FFF7FFF7FFF7F00000000000000000000000000000000000000000000000000000000000000000000000000000000000000
310
0000000000000000000000000000000000000000000000000000000000000000000000000000000000000000000000000000000000000000000000FF7FFF7FFF7FFF7FFF7FFF7FFF7FFF7FFF7FFF7FFF7F000000000000000000000000000000000000000000000000000000000000000000000000FF7FFF7FFF7FFF7FFF7F
310
FF7FFF7FFF7FFF7FFF7FFF7FFF7FFF7FFF7FFF7F000000000000000000000000000000000000FF7FFF7FFF7FFF7FFF7FFF7FFF7FFF7FFF7FFF7FFF7F000000000000000000000000000000000000FF7FFF7FFF7FFF7FFF7FFF7FFF7FFF7FFF7FFF7FFF7FFF7FFF7FFF7FFF7FFF7FFF7FFF7FFF7FFF7FFF7FFF7FFF7FFF7FFF
310
7FFF7FFF7FFF7FFF7FFF7FFF7FFF7FFF7FFF7FFF7FFF7FFF7FFF7FFF7FFF7FFF7FFF7FFF7FFF7FFF7FFF7FFF7F00000000000000000000000000000000000000000000000000000000000000000000000000000000000000000000000000000000000000000000000000000000000000000000000000000000000000000000
310
000000000000000000000000000000000000E003E003E003E003E003E003E003FF7FFF7FFF7FFF7FFF7F00000000E003E003E003E003E003E003E003E003E003E003E003E003E003E003E003E003000000000000FF7FFF7FFF7FFF7FFF7FFF7FFF7FFF7FFF7FFF7FFF7FFF7F000000000000000000000000000000000000E0
310
030000FF7FFF7FFF7FFF7FFF7FFF7FFF7FFF7FFF7F0000E003000000000000000000000000000000000000FF7FFF7FFF7FFF7FFF7FFF7FFF7FFF7FFF7FFF7FFF7FFF7FFF7FFF7FFF7FFF7FFF7FFF7FFF7FFF7FFF7FFF7FFF7FFF7FFF7FFF7FFF7FFF7FFF7FFF7FFF7FFF7FFF7FFF7FFF7FFF7FFF7FFF7FFF7FFF7FFF7FFF7F
310
FF7FFF7FFF7FFF7F00000000000000000000E00300000000000000000000000000000000000000000000000000000000E0030000000000000000000000000000000000000000000000000000000000000000000000000000000000000000000000000000E003000000000000000000000000FF7FFF7FE003FF7FFF7FFF7FFF
310
7FFF7FFF7F00000000E00300000000000000000000E00300000000E0030000000000000000E003E003000000000000FF7FFF7FFF7FFF7FFF7FFF7FFF7FFF7FFF7FFF7FFF7FFF7F000000000000000000000000000000000000E003E003E003E003E003E003E003E003E003E003E003E003E003000000000000000000000000
310
000000000000FF7FFF7FFF7FFF7FFF7FFF7FFF7FFF7FFF7FFF7FFF7FFF7FFF7FFF7FFF7FFF7FFF7FFF7FFF7FFF7FFF7FFF7FFF7FFF7FFF7FFF7FFF7FFF7FFF7FFF7FFF7FFF7FFF7FFF7FFF7FFF7FFF7FFF7FFF7FFF7FFF7FFF7FFF7FFF7FFF7FFF7F000000000000FF7FFF7FE003E003E003E003E003E003E003E003E003E0
310
03E003E003E003E003E003E003E003E003E003E003E003E003E003E003E003E003E003E003E003E003E003E003E003E003E003E003E003E003E003E003E003E003FF7FFF7FFF7F000000000000FF7FFF7FE003FF7FFF7FFF7FFF7FFF7FFF7F00000000E0030000E003E003FF7FFF7FE003E003E003E003FF7FFF7FFF7F0000
310
FF7FE003000000000000FF7FFF7FFF7FFF7FFF7FFF7FFF7FFF7FFF7FFF7FFF7FFF7F000000000000FF7FFF7FFF7FFF7FFF7FFF7FE00300000000FF7FFF7FFF7FE003E003FF7FFF7F00000000E003FF7FFF7FFF7FE003E003E003E003E003E003FF7FFF7FFF7FFF7FFF7FFF7FFF7FFF7FFF7FFF7FFF7FFF7FFF7FFF7FFF7FFF
310
7FFF7FFF7FFF7FFF7FFF7FFF7FFF7FFF7FFF7FFF7FFF7FFF7FFF7FFF7FFF7FFF7FFF7FFF7FFF7FFF7FFF7FFF7FFF7FFF7FFF7FFF7FFF7FFF7FFF7FFF7F000000000000FF7FFF7FE003FF7FFF7FFF7FFF7FFF7FE003FF7FFF7FE003FF7FFF7FFF7FFF7FFF7FE003FF7FFF7FFF7FFF7FFF7FFF7FFF7FFF7FFF7FFF7F00000000
310
E003E00300000000FF7FFF7FFF7FFF7FFF7FFF7FFF7FFF7FFF7FE003FF7FFF7FFF7F000000000000FF7FFF7FE003FF7FFF7FFF7FFF7FFF7F000000000000E003FF7FE003FF7FFF7FFF7F0000000000000000FF7FFF7FFF7FFF7FFF7FE0030000000000000000FF7FFF7FFF7FFF7FFF7FFF7FFF7F0000000000000000000000
310
000000FF7FFF7FFF7FFF7FFF7FFF7F000000000000FF7FFF7FFF7FFF7FFF7FFF7FFF7F000000000000FF7FFF7FFF7FFF7FFF7FFF7F0000E00300000000000000000000FF7FFF7FFF7FFF7FFF7FFF7FFF7FFF7FFF7FFF7FFF7FFF7FFF7FFF7FFF7FFF7FFF7FFF7FFF7FFF7FFF7FFF7FFF7FFF7FFF7FFF7FFF7FFF7FFF7FFF7F
310
FF7FFF7FFF7FFF7FFF7FFF7FFF7FFF7FFF7FFF7FFF7FFF7F000000000000FF7FFF7FE003FF7FFF7FFF7FFF7FFF7FE003E003E003E003FF7FFF7FFF7FFF7FFF7FE0030000FF7FFF7FFF7FFF7FFF7FFF7FFF7FFF7FFF7F00000000E003E00300000000FF7FFF7FFF7FFF7FFF7FFF7FFF7FFF7FFF7FE0030000FF7FFF7F000000
310
000000FF7FFF7FE003FF7FFF7FFF7FFF7FFF7FE003E003E003E003FF7FE003FF7FFF7FFF7F000000000000E003E003E003E003E003FF7FE0030000000000000000FF7FFF7FFF7FFF7FFF7FFF7F00000000000000000000000000000000FF7FFF7FFF7FFF7FFF7F0000000000000000FF7FFF7FFF7FFF7FFF7FFF7FFF7FFF7F
310
000000000000FF7FFF7FFF7FFF7FFF7F0000E003000000000000000000000000FF7FFF7FFF7FFF7FFF7FFF7FFF7FFF7FFF7FFF7FFF7FFF7FFF7FFF7FFF7FFF7FFF7FFF7FFF7FFF7FFF7FFF7FFF7FFF7FFF7FFF7FFF7FFF7FFF7FFF7FFF7FFF7FFF7FFF7FFF7FFF7FFF7FFF7FFF7FFF7FFF7F000000000000FF7FFF7FE003FF
310
7FFF7FFF7FFF7FFF7FFF7FFF7FFF7FFF7FFF7FE003E003E003E003E003E003E003E003E0030000FF7FFF7FFF7FFF7FFF7FFF7F0000000000000000FF7FFF7FFF7FFF7FFF7FFF7FFF7FFF7FFF7FFF7FE003E003E003E003000000000000FF7FFF7FE003FF7FFF7FFF7FFF7FFF7FFF7FE00300000000FF7FE003FF7FFF7F0000
310
000000000000000000000000E003FF7FFF7FFF7F000000000000FF7FFF7FFF7FFF7FFF7FFF7FFF7F000000000000E003000000000000FF7FFF7FFF7FFF7FFF7FFF7F000000000000FF7FFF7FFF7FFF7FFF7FFF7FFF7FFF7FFF7F000000000000FF7FFF7FFF7FFF7FFF7FFF7FE003E0030000E003000000000000FF7FFF7FFF
310
7FFF7FFF7FFF7FFF7FFF7FFF7FFF7FFF7FFF7FFF7FFF7FFF7FFF7FFF7FFF7FFF7FFF7FFF7FFF7FFF7FFF7FFF7FFF7FFF7FFF7FFF7FFF7FFF7FFF7FFF7FFF7FFF7FFF7FFF7FFF7FFF7FFF7FFF7F000000000000FF7FFF7FE003FF7FFF7FFF7FFF7FFF7FFF7FFF7FE003E003E003E003FF7FFF7FE003E003E003FF7FE003E003
310
FF7FFF7FFF7FE003FF7FFF7FFF7FFF7FFF7FFF7FFF7FFF7FFF7FFF7FFF7FE003FF7FFF7FFF7FFF7FFF7FFF7FFF7FE003FF7F000000000000FF7FFF7FE003FF7FFF7FFF7FFF7FFF7FFF7FE00300000000FF7FE003FF7FFF7F000000000000FF7F000000000000E003FF7FFF7FFF7F000000000000FF7FFF7FFF7FFF7FFF7FFF
310
7FFF7F000000000000E003E003E003E003E003E003E003E003E003E003E003E003E003E003E003E003E003E003E003E003E003E003E003E003E003E003E003E003E003E003E003E003E003E003E003000000000000FF7FFF7FFF7FFF7FFF7FFF7FFF7FFF7FFF7FFF7FFF7FFF7FFF7FFF7FFF7FFF7FFF7FFF7FFF7FFF7FFF7F
310
FF7FFF7FFF7FFF7FFF7FFF7FFF7FFF7FFF7FFF7FFF7FFF7FFF7FFF7FFF7FFF7FFF7FFF7FFF7FFF7F000000000000FF7FFF7FE003FF7FFF7FFF7FFF7FFF7FFF7FFF7FE003FF7FFF7FFF7FFF7FFF7FE003E003E003FF7FFF7FFF7FFF7FFF7FFF7FE003E003E003E003E003E003E003E003E003E003E003E003E0030000FF7FFF
310
7FFF7FFF7FFF7FFF7FE003FF7F000000000000FF7FFF7FE003FF7FFF7FFF7FFF7FFF7FFF7FE00300000000FF7FE003FF7FFF7F000000000000FF7F0000E003E003E003FF7FFF7FFF7F000000000000FF7FFF7FFF7FFF7FFF7FFF7FFF7F000000000000FF7FE003FF7FFF7FFF7FFF7FFF7F000000000000000000000000FF7F
310
FF7FFF7FE003E003E003FF7FFF7FFF7F00000000000000000000FF7FFF7FFF7FFF7FE003FF7FFF7FFF7F000000000000FF7FFF7FFF7FFF7FFF7FFF7FFF7FFF7FFF7FFF7FFF7FFF7FFF7FFF7FFF7FFF7FFF7FFF7FFF7FFF7FFF7FFF7FFF7FFF7FFF7FFF7FFF7FFF7FFF7FFF7FFF7FFF7FFF7FFF7FFF7FFF7FFF7FFF7FFF7FFF
310
7FFF7F000000000000FF7FFF7FE0030000FF7FFF7FFF7FFF7FFF7FFF7FE003FF7FFF7FFF7FFF7FE003E003FF7FFF7FFF7FE003FF7FFF7FFF7FFF7FE003E00300000000FF7FE003E003FF7FFF7FFF7FFF7FFF7FE003FF7FFF7FFF7FFF7F00000000FF7FE003FF7F000000000000FF7FFF7FE003FF7FFF7FFF7FFF7FE003E003
310
E00300000000E003E003FF7FFF7F000000000000FF7F0000E0030000E003FF7FFF7FFF7F000000000000FF7FFF7FFF7FFF7FFF7FFF7FFF7F000000000000FF7FE003FF7FFF7FFF7FE003E003E003E003E003000000000000FF7FFF7FFF7FFF7FFF7FFF7FFF7FFF7FFF7F0000000000000000FF7FFF7FFF7FFF7FFF7FE003FF
310
7FFF7FFF7F000000000000FF7FFF7FFF7FFF7FFF7FFF7FFF7FFF7FFF7FFF7FFF7FFF7FFF7FFF7FFF7FFF7FFF7FFF7FFF7FFF7FFF7FFF7FFF7FFF7FFF7FFF7FFF7FFF7FFF7FFF7FFF7FFF7FFF7FFF7FFF7FE003E003E003E003E003E003E003E003E003E003E003E003FF7FFF7FFF7FFF7F000000000000E003000000000000
310
FF7FE003E003E003E003E003E003FF7FFF7FFF7FFF7FE003FF7F0000FF7FFF7FE003E003FF7FFF7FFF7FFF7FFF7FFF7FFF7FFF7FFF7FFF7F0000FF7FFF7FE003FF7F000000000000FF7FFF7FE003FF7FFF7FFF7FFF7FE003E003E00300000000E003E003FF7FFF7F000000000000FF7F0000E0030000E003FF7FFF7FFF7F00
310
0000000000FF7FFF7FFF7FFF7FFF7FFF7FFF7F000000000000FF7FE003FF7FFF7FFF7FFF7FE003FF7FFF7FFF7F000000000000FF7FFF7FFF7FFF7FFF7FFF7FFF7FFF7FFF7F000000000000FF7FFF7FFF7FFF7FFF7FFF7FE003FF7FFF7FFF7F000000000000FF7FFF7FFF7FFF7FFF7FFF7FFF7FFF7FFF7FFF7FFF7FFF7FFF7F
310
FF7FFF7FFF7FFF7FFF7FFF7FFF7FFF7FFF7FFF7FFF7FFF7FFF7FFF7FFF7FFF7FFF7FFF7FFF7FFF7FFF7FFF7FE003FF7FFF7FFF7FFF7FFF7F00000000000000000000E003FF7FFF7FFF7F0000000000000000E0030000000000000000E003E003FF7FFF7FE003E003FF7FFF7FFF7FFF7FE003FF7FFF7FFF7FFF7FFF7FFF7FFF
310
7FFF7FFF7FFF7FFF7FFF7FFF7FFF7FFF7FFF7FFF7FFF7FFF7FE003FF7F000000000000FF7FFF7FE003FF7FFF7FFF7FFF7FFF7FFF7FE00300000000FF7FE003E003E003E003E003E003E003E003E003E003E003FF7FFF7FFF7F000000000000FF7FFF7FFF7FFF7FFF7FFF7FFF7F000000000000FF7FE003FF7FFF7FFF7FFF7F
310
E003FF7FE003E003E003E003E003E003E003E003E003E003E003E003E003E003E003E003E003E003E003E0030000E003E003E003FF7FFF7FFF7F000000000000FF7FFF7FFF7FFF7FFF7FFF7FFF7FFF7FFF7FFF7FFF7FFF7FFF7FFF7FFF7FFF7FFF7FFF7FFF7FFF7FFF7FFF7FFF7FFF7FFF7FFF7FFF7FFF7FFF7FFF7FFF7FFF
310
7FFF7FFF7FFF7FE003FF7FFF7FFF7FE003E003E003E003E003E003FF7FE003FF7FFF7FFF7F0000000000000000E0030000000000000000E003E003E003E003E003FF7FFF7FFF7FFF7FFF7FE003FF7FFF7FFF7FFF7FFF7FFF7FFF7FFF7FFF7FFF7FFF7FFF7FFF7FFF7FFF7FFF7FFF7FFF7FFF7FE003FF7F000000000000FF7F
310
FF7FE003FF7FFF7FFF7FFF7FFF7FFF7FE00300000000FF7FE003FF7FE0030000E003E003E0030000E0030000E003FF7FFF7FFF7F000000000000FF7FFF7FFF7FFF7FFF7FFF7FFF7F000000000000FF7FE003FF7FFF7FFF7FFF7FE003FF7FE003FF7F000000000000FF7FFF7FE003E003E003E003E003FF7FFF7F0000000000
310
00E003FF7FE003E003E003FF7FE003FF7FFF7FFF7F000000000000FF7FFF7FFF7FFF7FFF7FFF7FFF7FFF7FFF7FFF7FFF7FFF7FFF7FFF7FFF7FFF7FFF7FFF7FFF7FFF7FFF7FFF7FFF7FFF7FFF7FFF7FFF7FFF7FFF7FFF7FFF7FFF7FFF7FFF7FFF7FE003FF7FFF7FFF7FFF7FE003000000000000E003FF7FE003FF7FFF7FFF7F
310
000000000000FF7FE003FF7F0000E003E003E003FF7FFF7FFF7FFF7FFF7FFF7FFF7FFF7FFF7FE003FF7FFF7FFF7FFF7FFF7FFF7FFF7FFF7FFF7FFF7FFF7FFF7FFF7FFF7FFF7FFF7FFF7FFF7FFF7FE003FF7F000000000000FF7FFF7FE003FF7FFF7FFF7FFF7FFF7FFF7FE00300000000FF7FE003FF7FFF7F0000E003E003E0
310
03000000000000E003FF7FFF7FFF7F000000000000FF7FFF7FFF7FFF7FFF7FFF7FFF7F00000000E003E003E003FF7FFF7FFF7FFF7FE003FF7FFF7FFF7F00000000000000000000E003E003E003E003E00300000000000000000000FF7FFF7FFF7FE003E003FF7FE003FF7FFF7FFF7F000000000000FF7FFF7FFF7FFF7FFF7F
310
FF7FFF7FFF7FFF7FFF7FFF7FFF7FFF7FFF7FFF7FFF7FFF7FFF7FFF7FFF7FFF7FFF7FFF7FFF7FFF7FFF7FFF7FFF7FFF7FFF7FFF7FFF7FFF7FFF7FFF7FE003FF7FFF7FFF7FFF7FE003000000000000E003FF7FE003FF7FFF7FFF7F000000000000FF7FE003FF7F0000E003E003E003FF7FFF7FFF7FFF7FFF7FFF7FFF7FFF7FFF
310
7FE003FF7FFF7FFF7FFF7FFF7FFF7FFF7FFF7FFF7FFF7FFF7FFF7F00000000FF7FFF7FFF7FFF7FFF7FE003FF7F000000000000FF7FFF7FE003FF7FFF7FFF7FFF7FFF7FE003E003E003E003FF7FE003FF7FFF7FFF7F000000000000E003E003E003E003E003FF7F0000FF7F000000000000FF7FFF7FFF7FFF7FFF7FFF7F0000
310
0000E003FF7FE003FF7FFF7FFF7FFF7FE003FF7FFF7FFF7F000000000000000000000000000000000000000000000000000000000000FF7FFF7FFF7FE003E003E003E003FF7FFF7FFF7F000000000000FF7FFF7FFF7FFF7FFF7FFF7FFF7FFF7FFF7FFF7FFF7FFF7FFF7FFF7FFF7FFF7FFF7FFF7FFF7FFF7FFF7FFF7FFF7FFF
310
7FFF7FFF7FFF7FFF7FFF7FFF7FFF7FFF7FFF7FFF7FFF7FE003FF7FFF7FFF7FFF7FE003E003E003E003E003E003E003E003E003E003E00300000000FF7FE003FF7F000000000000E003FF7FFF7FFF7FFF7FFF7FFF7FFF7FFF7FFF7FE003FF7FFF7FFF7FFF7FFF7FFF7FFF7FFF7FFF7FFF7FFF7FFF7F0000FF7FFF7FFF7FFF7F
310
FF7FFF7FE003FF7F000000000000FF7FFF7FE003FF7FFF7FFF7FFF7FFF7F000000000000FF7F0000E003FF7FFF7FFF7F0000000000000000FF7FFF7FFF7F0000E003FF7F0000000000000000FF7FFF7FFF7FFF7FFF7FFF7F00000000E003E003E003FF7FFF7FFF7FE003E003FF7FFF7FFF7FFF7F0000000000000000000000
310
000000000000000000000000000000FF7FFF7FFF7FE003E003FF7FFF7FE003FF7FFF7FFF7F000000000000FF7FFF7FFF7FFF7FFF7FFF7FFF7FFF7FFF7FFF7FFF7FFF7FFF7FFF7FFF7FFF7FFF7FFF7FFF7FFF7FFF7FFF7FFF7FFF7FFF7FFF7FFF7FFF7FFF7FFF7FFF7FFF7FFF7FFF7FE003E003FF7FFF7FFF7FFF7FE0030000
310
E0030000E003FF7FE003FF7FE003E003E00300000000FF7FE003FF7F000000000000E003FF7FFF7FFF7FFF7FFF7FFF7FFF7FE003E003E003FF7FFF7FFF7FFF7FFF7FFF7FFF7FFF7FFF7FFF7FFF7FFF7FFF7FFF7FFF7FFF7FFF7FFF7FFF7FE003FF7F000000000000FF7FFF7FE003FF7FFF7FFF7FFF7FFF7FFF7F0000000000
310
00FF7FE003E003E003E003E003E003E003E003E003E003E003E003E003FF7F000000000000FF7FFF7FFF7FFF7FFF7FFF7FFF7F000000000000FF7FE003FF7FFF7FFF7FE003E003FF7FFF7FFF7FFF7FFF7FFF7FFF7FFF7FFF7FFF7FFF7FFF7FFF7FFF7FFF7FFF7FFF7FFF7FFF7FFF7FE003E003FF7FFF7FE003FF7FFF7FFF7F
310
000000000000FF7FFF7FFF7FFF7FFF7FFF7FFF7FFF7FFF7FFF7FFF7FFF7FFF7FFF7FFF7FFF7FFF7FFF7FFF7FFF7FFF7FFF7FFF7FFF7FFF7FFF7FFF7FFF7FFF7FFF7FFF7FFF7FFF7FFF7FE003E003FF7FFF7FE003E003E003000000000000FF7FFF7FFF7FFF7FE003E003E00300000000E003E003FF7F000000000000E003FF
310
7FFF7FFF7FFF7FFF7FFF7FFF7FE003FF7FE003FF7FFF7FFF7FFF7FFF7F0000FF7FFF7FFF7FFF7FFF7FFF7FFF7FFF7FFF7FFF7FFF7FE003E003E003FF7F000000000000E003E003E003FF7FFF7FFF7FFF7FFF7FFF7F0000000000000000E0030000000000000000E003E00300000000000000000000E0030000000000000000
310
FF7FFF7FFF7FFF7FFF7FFF7FFF7F000000000000FF7FE003FF7FFF7FFF7FE003E003FF7FFF7FFF7FFF7FFF7FFF7FFF7FFF7FFF7FFF7FFF7FFF7FFF7FFF7FFF7FFF7FFF7FFF7FFF7FFF7FE003E003FF7FFF7FE003FF7FFF7FFF7F000000000000FF7FFF7FFF7FFF7FFF7FFF7FFF7FFF7FFF7FFF7FFF7FFF7FFF7FFF7FFF7FFF
310
7FFF7FFF7FFF7FFF7FFF7FFF7FFF7FFF7FFF7FFF7FFF7FFF7FFF7FFF7FFF7FFF7FFF7FFF7FE003E003FF7FFF7FE003E003E003000000000000FF7FFF7FFF7FFF7FFF7FFF7F000000000000E003E003FF7F000000000000E003E003FF7FFF7FFF7F0000FF7FFF7FE003FF7FE003FF7FFF7FFF7FFF7F000000000000FF7FFF7F
310
FF7FFF7FFF7FFF7FFF7FFF7FFF7FFF7FE003E003E003FF7F000000000000E003E003E003FF7FFF7FFF7FFF7FFF7FFF7F000000000000000000000000000000000000000000000000000000000000000000000000000000000000FF7FFF7FFF7FFF7FFF7FFF7FFF7F000000000000FF7FE003FF7FFF7FFF7FE003E003FF7FFF
310
7FFF7FFF7FFF7FFF7FFF7FFF7FFF7FFF7FFF7FFF7FFF7FFF7FFF7FFF7FFF7FFF7FFF7FFF7FE003E003FF7FFF7FE003FF7FFF7FFF7F000000000000FF7FFF7FFF7FFF7FFF7FFF7FFF7FFF7FFF7FFF7FFF7FFF7FFF7FFF7FFF7FFF7FFF7FFF7FFF7FFF7FFF7FFF7FFF7FFF7FFF7FFF7FFF7FFF7FFF7FFF7FFF7FFF7FFF7FFF7F
310
E003E003FF7FFF7FFF7FFF7FE003000000000000FF7FFF7FFF7FFF7FFF7FFF7F000000000000FF7FE003FF7F000000000000E003FF7FFF7FFF7FFF7FFF7FFF7FFF7FE003E003E003FF7FFF7FFF7FFF7F000000000000FF7FFF7FFF7FFF7FFF7FFF7FFF7FFF7FFF7FFF7FFF7FFF7FE003FF7F000000000000FF7FFF7FE003FF
310
7FFF7FFF7FFF7FFF7FFF7FFF7F000000000000000000000000000000000000000000000000000000000000000000000000FF7FFF7FFF7FFF7FFF7FFF7FFF7FFF7FFF7F000000000000FF7FE003FF7FFF7FFF7FFF7FE0030000FF7FFF7FFF7FFF7FFF7FFF7FFF7FFF7FFF7FFF7FFF7FFF7FFF7FFF7FFF7FFF7FFF7FFF7FFF7F
310
FF7FE003FF7FFF7FE003FF7FFF7FFF7F000000000000FF7FFF7FFF7FFF7FFF7FFF7FFF7FFF7FFF7FFF7FFF7FFF7FFF7FFF7FFF7FFF7FFF7FFF7FFF7FFF7FFF7FFF7FFF7FFF7FFF7FFF7FFF7FFF7FFF7FFF7FFF7FFF7FFF7FFF7FFF7FE003FF7FFF7FFF7FFF7FE003000000000000FF7FFF7FFF7FFF7FFF7FFF7F0000000000
310
00FF7FE003FF7F000000000000E003FF7FFF7FFF7FFF7FFF7FFF7FFF7FFF7FFF7FE003FF7FFF7FFF7FFF7FFF7F0000FF7FFF7FFF7FFF7FFF7FFF7F00000000FF7FFF7FFF7FFF7FFF7FE003FF7F000000000000FF7FFF7FE003FF7FFF7FFF7FFF7FFF7FFF7FFF7FFF7FFF7FFF7FFF7FFF7FFF7FFF7FFF7FFF7FFF7FFF7FFF7F
310
FF7FFF7FFF7FFF7FFF7FFF7FFF7FFF7FFF7FFF7FFF7FFF7FFF7FFF7FFF7F0000000000000000E003FF7FFF7FFF7FFF7FE00300000000FF7FFF7FFF7FFF7FFF7FFF7FFF7FFF7FFF7FFF7FFF7FFF7FFF7FFF7FFF7FFF7FFF7FFF7F0000E003FF7FFF7FE003FF7FFF7F0000000000000000FF7FFF7FFF7FFF7FFF7FFF7FFF7FFF
310
7FFF7FFF7FFF7FFF7FFF7FFF7FFF7FFF7FFF7FFF7FFF7FFF7FFF7FFF7FFF7FFF7FFF7FFF7FFF7FFF7FFF7FFF7FFF7FFF7FFF7FFF7FFF7FE003FF7FFF7FFF7FFF7FE003000000000000FF7FFF7FFF7FFF7FFF7FFF7F000000000000FF7FE003FF7F000000000000E003FF7FFF7FFF7FFF7FFF7FFF7FFF7FFF7FFF7FE003FF7F
310
FF7FFF7FFF7FFF7FFF7FFF7FFF7FFF7FFF7FFF7FFF7F0000FF7FFF7FFF7FFF7FFF7FFF7FE003FF7F000000000000FF7FFF7FE003FF7FFF7FFF7FFF7FFF7FFF7FFF7FFF7FFF7FFF7FFF7FFF7FFF7FFF7FFF7FFF7FFF7FFF7FFF7FFF7FFF7FFF7FFF7FFF7FFF7FFF7FFF7FFF7FFF7FFF7FFF7FFF7FFF7FFF7F000000000000E0
310
03E003E003FF7FFF7FFF7FE003000000000000FF7FFF7FFF7FFF7FFF7FFF7FFF7FFF7FFF7FFF7FFF7FFF7FFF7FFF7FFF7FFF7FFF7FE003E003E003FF7FE003FF7FFF7F0000000000000000FF7FFF7FFF7FFF7FFF7FFF7FFF7FFF7FFF7FFF7FFF7FFF7FFF7FFF7FFF7FFF7FFF7FFF7FFF7FFF7FFF7FFF7FFF7FFF7FFF7FFF7F
310
FF7FFF7FFF7FFF7FFF7FFF7FFF7FFF7FFF7FE003FF7FFF7FFF7FFF7FE00300000000000000000000FF7FFF7FFF7FFF7F000000000000FF7FE003FF7F0000E003E003E003FF7FFF7FFF7FFF7FFF7FFF7FFF7FFF7FFF7FE003FF7FFF7FFF7FFF7FFF7FFF7FFF7FFF7FFF7FFF7FFF7FFF7FFF7FFF7FFF7FFF7FFF7FFF7FFF7FE0
310
03FF7F000000000000FF7FFF7FE003FF7FFF7FFF7FFF7FFF7FFF7FFF7FFF7FFF7FFF7FFF7FFF7FFF7FFF7FFF7FFF7FFF7FFF7FFF7FFF7FFF7FFF7FFF7FFF7FFF7FFF7FFF7FFF7FFF7FFF7FFF7FFF7FFF7FFF7F000000000000000000000000000000000000E0030000000000000000FF7FFF7FFF7F00000000000000000000
310
000000000000FF7FFF7FFF7F00000000FF7FE003E003E003E003E00300000000000000000000FF7FFF7FFF7FFF7FFF7FFF7FFF7FFF7FFF7FFF7FFF7FFF7FFF7FFF7FFF7FFF7FFF7FFF7FFF7FFF7FFF7FFF7FFF7FFF7FFF7FFF7FFF7FFF7FFF7FFF7FFF7FFF7FFF7FFF7FFF7FE003FF7FFF7FFF7FE003E003E003E003E003E0
310
03FF7FFF7FFF7FFF7FFF7F000000000000FF7FE003FF7F0000E003E003E003FF7FFF7FFF7FFF7FFF7FFF7FFF7FFF7FFF7FE003FF7FFF7FFF7FFF7FFF7FFF7FFF7FFF7FFF7FFF7FFF7FFF7FFF7FFF7FFF7FFF7FFF7FFF7FFF7FE003FF7F000000000000FF7FFF7FE003FF7FFF7FFF7FFF7FFF7FFF7FFF7FFF7FFF7FFF7FFF7F
310
FF7FFF7FFF7FFF7FFF7FFF7FFF7FFF7FFF7FFF7FFF7FFF7FFF7FFF7FFF7FFF7FFF7FFF7FFF7FFF7FFF7FFF7FFF7F00000000000000000000000000000000E003E003E003E003E003FF7FFF7FFF7F0000000000000000000000000000000000000000FF7FFF7FE003FF7FFF7F00000000000000000000000000000000000000
310
00FF7FFF7FFF7FFF7FFF7FFF7FFF7FFF7FFF7FFF7FFF7FFF7FFF7FFF7FFF7FFF7FFF7FFF7FFF7FFF7FFF7FFF7FFF7FFF7FFF7FFF7FFF7FFF7FFF7FFF7FFF7FFF7FFF7FFF7FFF7FE003FF7FFF7FFF7FFF7FFF7F000000000000FF7FFF7FFF7FFF7FFF7FFF7F0000000000000000E0030000000000000000E003FF7FFF7FFF7F
310
FF7FFF7FFF7FFF7FFF7FFF7FE003FF7F00000000FF7FFF7FFF7FFF7FFF7FFF7FFF7FFF7FFF7FFF7FFF7FFF7FFF7FFF7FFF7FFF7FE003FF7F000000000000FF7FFF7FE003FF7FFF7FFF7FFF7FFF7FFF7FFF7FFF7FFF7FFF7FFF7FFF7FFF7FFF7FFF7FFF7FFF7FFF7FFF7FFF7FFF7FFF7FFF7FFF7FFF7FFF7FFF7FFF7FFF7FFF
310
7FFF7FFF7FFF7FFF7FFF7F00000000000000000000000000000000000000000000E003000000000000000000000000000000000000000000000000000000000000E00300000000000000000000000000000000000000000000FF7FFF7FFF7FFF7FFF7FFF7FFF7FFF7FFF7FFF7FFF7FFF7FFF7FFF7FFF7FFF7FFF7FFF7FFF7F
310
FF7FFF7FFF7FFF7FFF7FFF7FFF7FFF7FFF7FFF7FFF7FFF7FFF7FFF7FFF7FFF7FFF7FE003FF7FFF7FFF7FFF7FFF7F000000000000FF7FFF7F00000000FF7FFF7F0000000000000000E0030000000000000000E003FF7FFF7FFF7FFF7FFF7FFF7FFF7FFF7FFF7FE003FF7F0000FF7FFF7FFF7FFF7FFF7FFF7FFF7FFF7FFF7FFF
310
7FFF7FFF7FFF7FFF7F00000000FF7FE003FF7F000000000000FF7FFF7FE003FF7FFF7FFF7FFF7FFF7FFF7FFF7FFF7FFF7FFF7FFF7FFF7FFF7FFF7FFF7FFF7FFF7FFF7FFF7FFF7FFF7FFF7FFF7FFF7FFF7FFF7FFF7FFF7FFF7FFF7FFF7FFF7FFF7FFF7FFF7FFF7FFF7FFF7FFF7FFF7FFF7FFF7F0000000000000000E0030000
310
0000000000000000FF7FFF7FFF7FFF7FFF7FFF7F0000000000000000E0030000000000000000FF7FFF7FFF7FFF7FFF7FFF7FFF7FFF7FFF7FFF7FFF7FFF7FFF7FFF7FFF7FFF7FFF7FFF7FFF7FFF7FFF7FFF7FFF7FFF7FFF7FFF7FFF7FFF7FFF7FFF7FFF7FFF7FFF7FFF7FFF7FFF7FFF7FFF7FFF7FFF7FFF7FFF7FFF7FE003E0
310
03E003E003E003E003E003E003E003E003E003E003FF7FFF7FFF7FFF7F000000000000E003000000000000FF7FE003FF7FFF7FFF7FFF7FFF7FFF7FFF7FFF7FFF7FE0030000FF7FFF7FFF7FFF7FFF7FFF7FFF7FFF7FFF7FFF7F00000000FF7FFF7FFF7F0000FF7FFF7FE003FF7F000000000000FF7FFF7FE003FF7FFF7FFF7F
310
FF7FFF7FFF7FFF7FFF7FFF7FFF7FFF7FFF7FFF7FFF7FFF7FFF7FFF7FFF7FFF7FFF7FFF7FFF7FFF7FFF7FFF7FFF7FFF7FFF7FFF7FFF7FFF7FFF7FFF7FFF7FFF7FFF7FFF7FFF7FFF7FFF7FFF7FFF7FFF7F000000000000E0030000000000000000FF7FFF7FFF7FFF7FFF7FFF7FFF7FFF7F000000000000E003000000000000FF
310
7FFF7FFF7FFF7FFF7FFF7FFF7FFF7FFF7FFF7FFF7FFF7FFF7FFF7FFF7FFF7FFF7FFF7FFF7FFF7FFF7FFF7FFF7FFF7FFF7FFF7FFF7FFF7FFF7FFF7FFF7FFF7FFF7FFF7FFF7FFF7FFF7FFF7FFF7FFF7FFF7FFF7FFF7FFF7FFF7FFF7FFF7FFF7FFF7FFF7F000000000000FF7FFF7FFF7FFF7FFF7FFF7FFF7FFF7FFF7FFF7FE003
310
FF7FFF7FFF7FFF7FE003E003FF7FFF7FFF7F0000FF7FFF7FFF7FFF7FE003E003FF7FFF7FFF7FFF7FFF7FFF7FFF7FFF7FFF7FFF7F0000FF7FFF7FFF7FFF7FFF7FFF7FFF7FE003FF7F000000000000FF7FFF7FE003FF7FFF7FFF7FFF7FFF7FFF7FFF7FFF7FFF7FFF7FFF7FFF7FFF7FFF7FFF7FFF7FFF7FFF7FFF7FFF7FFF7FFF
310
7FFF7FFF7FFF7FFF7FFF7FFF7FFF7FFF7FFF7FFF7FFF7FFF7FFF7FFF7FFF7FFF7FFF7FFF7FFF7FFF7FFF7FFF7FFF7FFF7FE003E003E003E003E003E003E003E003E003E003E003E003E003E003E003E003E003FF7FFF7FFF7FFF7FFF7FFF7FFF7FFF7FFF7FFF7FFF7FFF7FFF7FFF7FFF7FFF7FFF7FFF7FFF7FFF7FFF7FFF7F
310
FF7FFF7FFF7FFF7FFF7FFF7FFF7FFF7FFF7FFF7FFF7FFF7FFF7FFF7FFF7FFF7FFF7FFF7FFF7FFF7FFF7FFF7FFF7FFF7FFF7FFF7FFF7FFF7FFF7FFF7FFF7F000000000000FF7FFF7FFF7FFF7FFF7FFF7FFF7FFF7FFF7FFF7FE003FF7FFF7F00000000FF7FFF7FFF7FFF7FFF7FFF7F00000000FF7FFF7FFF7FFF7FFF7FFF7FFF
310
7FFF7FFF7FFF7FFF7FFF7FFF7FFF7FFF7FFF7FFF7FFF7FFF7FFF7FFF7FFF7FE003FF7F000000000000FF7FFF7FE003FF7FFF7FFF7FFF7FFF7FFF7FFF7FFF7FFF7FFF7FFF7FFF7FFF7FFF7FFF7FFF7FFF7FFF7FFF7FFF7FFF7FFF7FFF7FFF7FFF7FFF7FFF7FFF7FFF7FFF7FFF7FFF7FFF7FFF7FFF7FFF7FFF7FFF7FFF7FFF7F
310
FF7FFF7FFF7FFF7FFF7FFF7FE003FF7FFF7FFF7FFF7FFF7FFF7FE003FF7FFF7FE003FF7FFF7FFF7FFF7FFF7FE003FF7FFF7FFF7FFF7FFF7FFF7FFF7FFF7FFF7FFF7FFF7FFF7FFF7FFF7FFF7FFF7FFF7FFF7FFF7FFF7FFF7FFF7FFF7FFF7FFF7FFF7FFF7FFF7FFF7FFF7FFF7FFF7FFF7FFF7FFF7FFF7FFF7FFF7FFF7FFF7FFF
310
7FFF7FFF7FFF7FFF7FFF7FFF7FFF7FFF7FFF7FFF7FFF7FFF7F000000000000FF7FFF7FFF7FFF7FFF7FFF7FFF7FFF7FFF7FFF7FE003E003E003E003FF7FFF7FFF7F00000000FF7FFF7F0000FF7FFF7FFF7FFF7FFF7FFF7FFF7F0000000000000000FF7FFF7FFF7FFF7FFF7FFF7FFF7FFF7FFF7FFF7F00000000E003FF7F0000
310
00000000FF7FFF7FE003FF7FFF7FFF7FFF7FFF7FFF7FFF7FFF7FFF7FFF7FFF7FFF7FFF7FFF7FFF7FFF7FFF7FFF7FFF7FFF7FFF7FFF7FFF7FFF7FFF7FFF7FFF7FFF7FFF7FFF7FFF7FFF7FFF7FFF7FFF7FFF7FFF7FFF7FFF7FFF7FFF7FFF7FFF7FFF7FFF7FFF7FFF7FFF7FFF7FFF7FFF7FFF7FFF7FE003E003E003E003FF7FFF
310
7FFF7FFF7FFF7FFF7FFF7FFF7FFF7FFF7FFF7FFF7FFF7FFF7FFF7FFF7FFF7FFF7FFF7FFF7FFF7FFF7FFF7FFF7FFF7FFF7FFF7FFF7FFF7FFF7FFF7FFF7FFF7FFF7FFF7FFF7FFF7FFF7FFF7FFF7FFF7FFF7FFF7FFF7FFF7FFF7FFF7FFF7FFF7FFF7FFF7FFF7FFF7FFF7FFF7FFF7FFF7FFF7FFF7F000000000000FF7FFF7FFF7F
310
FF7FFF7FFF7FFF7FFF7FFF7FFF7FFF7FFF7FFF7FFF7FFF7FFF7FFF7F0000FF7FFF7FFF7FFF7FFF7FFF7FFF7FFF7FFF7FFF7F000000000000000000000000FF7FFF7FFF7FFF7FFF7FFF7FFF7FFF7FFF7FE003E003E003E003000000000000FF7FFF7FE003FF7FFF7FFF7FFF7FFF7FFF7FFF7FFF7FFF7FFF7FFF7FFF7FFF7FFF
310
7FFF7FFF7FFF7FFF7FFF7FFF7FFF7FFF7FFF7FFF7FFF7FFF7FFF7FFF7FFF7FFF7FFF7FFF7FFF7FFF7FFF7FFF7FFF7FFF7FFF7FFF7FFF7FFF7FFF7FFF7FFF7FFF7FFF7FFF7FFF7FFF7FFF7FFF7FFF7FFF7FFF7FFF7FFF7FFF7FFF7FFF7FFF7FFF7FFF7FFF7FFF7FFF7FFF7FFF7FFF7FFF7FFF7FFF7FFF7FFF7FFF7FFF7FFF7F
310
FF7FFF7FFF7FFF7FFF7FFF7FFF7FFF7FFF7FFF7FFF7FFF7FFF7FFF7FFF7FFF7FFF7FFF7FFF7FFF7FFF7FFF7FFF7FFF7FFF7FFF7FFF7FFF7FFF7FFF7FFF7FFF7FFF7FFF7FFF7FFF7FFF7FFF7FFF7F000000000000FF7FFF7FFF7FFF7FFF7FFF7FFF7FFF7FFF7FFF7FFF7FFF7FFF7FFF7FFF7FFF7FFF7FFF7FFF7FFF7FFF7FFF
310
7FFF7FFF7FFF7FFF7FFF7FFF7F000000000000000000000000FF7FFF7FFF7FFF7FFF7FFF7FFF7FFF7FFF7FFF7FFF7FFF7FFF7F000000000000FF7FFF7FE003FF7FFF7FFF7FFF7FFF7FFF7FFF7FFF7FFF7FFF7FFF7FFF7FFF7FFF7FFF7FFF7FFF7FFF7FFF7FFF7FFF7FFF7FFF7FFF7FFF7FFF7FFF7FFF7FFF7FFF7FFF7FFF7F
310
FF7FFF7FFF7FFF7FFF7FFF7FFF7FFF7FFF7FFF7FFF7FFF7FFF7FFF7FFF7FFF7FFF7FFF7FFF7FFF7FFF7FFF7FFF7FFF7FFF7FFF7FFF7FFF7FFF7FFF7FFF7FFF7FFF7FFF7FFF7FFF7FFF7FFF7FFF7FFF7FFF7FFF7FFF7FFF7FFF7FFF7FFF7FFF7FFF7FFF7FFF7FFF7FFF7FFF7FFF7FFF7FFF7FFF7FFF7FFF7FFF7FFF7FFF7FFF
310
7FFF7FFF7FFF7FFF7FFF7FFF7FFF7FFF7FFF7FFF7FFF7FFF7FFF7FFF7FFF7FFF7FFF7FFF7FFF7FFF7F000000000000FF7FFF7FFF7FFF7FFF7FFF7FFF7FFF7FFF7FFF7FFF7FFF7FFF7FFF7FFF7FFF7FFF7FFF7FFF7FFF7FFF7FFF7FFF7FFF7FFF7FFF7FFF7FFF7F000000000000000000000000FF7FFF7FFF7FFF7FFF7FFF7F
310
FF7FFF7FFF7FFF7FFF7FFF7FFF7F000000000000FF7FFF7FE003FF7FFF7FFF7FFF7FFF7FFF7FFF7FFF7FFF7FFF7FFF7FFF7FFF7FFF7FFF7FFF7FFF7FFF7FFF7FFF7FFF7FFF7FFF7FFF7FFF7FFF7FFF7FFF7FFF7FFF7FFF7FFF7FFF7FFF7FFF7FFF7FFF7FFF7FFF7FFF7FFF7FFF7FFF7FFF7FFF7FFF7FFF7FFF7FFF7FFF7FFF
310
7FFF7FFF7FFF7FFF7FFF7FFF7FFF7FFF7FFF7FFF7FFF7FFF7FFF7FFF7FFF7FFF7FFF7FFF7FFF7FFF7FFF7FFF7FFF7FFF7FFF7FFF7FFF7FFF7FFF7FFF7FFF7FFF7FFF7FFF7FFF7FFF7FFF7FFF7FFF7FFF7FFF7FFF7FFF7FFF7FFF7FFF7FFF7FFF7FFF7FFF7FFF7FFF7FFF7FFF7FFF7FFF7FFF7FFF7FFF7FFF7FFF7FFF7FFF7F
310
FF7FFF7F000000000000FF7FFF7FFF7FFF7FFF7FFF7FFF7FFF7FFF7FFF7FFF7FFF7FFF7FFF7FFF7FFF7FFF7FFF7FFF7FFF7FFF7FFF7FFF7FFF7FFF7FFF7FFF7FFF7F000000000000000000000000FF7FFF7FFF7FFF7FFF7FFF7FFF7FFF7FFF7FFF7FFF7FFF7FFF7F000000000000FF7FFF7FE003FF7FFF7FFF7FFF7FFF7FFF
310
7FFF7FFF7FFF7FFF7FFF7FFF7FFF7FFF7FFF7FFF7FFF7FFF7FFF7FFF7FFF7FFF7FFF7FFF7FFF7FFF7FFF7FFF7FFF7FFF7FFF7FFF7FFF7FFF7FFF7FFF7FFF7FFF7FFF7FFF7FFF7FFF7FFF7FFF7FFF7FFF7FFF7FFF7FFF7FFF7FFF7FFF7FFF7FFF7FFF7FFF7FFF7FFF7FFF7FFF7FFF7FFF7FFF7FFF7FFF7FFF7FFF7FFF7FFF7F
310
FF7FFF7FFF7FFF7FFF7FFF7FFF7FFF7FFF7FFF7FFF7FFF7FFF7FFF7FFF7FFF7FFF7FFF7FFF7FFF7FFF7FFF7FFF7FFF7FFF7FFF7FFF7FFF7FFF7FFF7FFF7FFF7FFF7FFF7FFF7FFF7FFF7FFF7FFF7FFF7FFF7FFF7FFF7FFF7FFF7FFF7FFF7F0000E0030000000000000000000000000000000000000000000000000000000000
310
000000000000000000000000000000000000000000000000000000000000000000000000000000000000000000000000000000000000000000000000000000000000000000E0030000FF7FFF7FE003FF7FFF7FFF7FFF7FFF7FFF7FFF7FFF7FFF7FFF7FFF7FFF7FFF7FFF7FFF7FFF7FFF7FFF7FFF7FFF7FFF7FFF7FFF7FFF7F
310
FF7FFF7FFF7FFF7FFF7FFF7FFF7FFF7FFF7FFF7FFF7FFF7FFF7FFF7FFF7FFF7FFF7FFF7FFF7FFF7FFF7FFF7FFF7FFF7FFF7FFF7FFF7FFF7FFF7FFF7FFF7FFF7FFF7FFF7FFF7FFF7FFF7FFF7FFF7FFF7FFF7FFF7FFF7FFF7FFF7FFF7FFF7FFF7FFF7FFF7FFF7FFF7FFF7FFF7FFF7FFF7FFF7FFF7FFF7FFF7FFF7FFF7FFF7FFF
310
7FFF7FFF7FFF7FFF7FFF7FFF7FFF7FFF7FFF7FFF7FFF7FFF7FFF7FFF7FFF7FFF7FFF7FFF7FFF7FFF7FFF7FFF7FFF7FFF7FFF7FFF7FFF7FFF7F0000E003000000000000000000000000000000000000000000000000000000000000000000000000000000000000000000000000000000000000000000000000000000000000
310
000000000000000000000000000000000000000000000000000000000000E003E003E003E003E003E003E003FF7FFF7FFF7FFF7FFF7FFF7FFF7FFF7FFF7FFF7FFF7FFF7FFF7FFF7FFF7FFF7FFF7FFF7FFF7FFF7FFF7FFF7FFF7FFF7FFF7FFF7FFF7FFF7FFF7FFF7FFF7FFF7FFF7FFF7FFF7FFF7FFF7FFF7FFF7FFF7FFF7FFF
310
7FFF7FFF7FFF7FFF7FFF7FFF7FFF7FFF7FFF7FFF7FFF7FFF7FFF7FFF7FFF7FFF7FFF7FFF7FFF7FFF7FFF7FFF7FFF7FFF7FFF7FFF7FFF7FFF7FFF7FFF7FFF7FFF7FFF7FFF7FFF7FFF7FFF7FFF7FFF7FFF7FFF7FFF7FFF7FFF7FFF7FFF7FFF7FFF7FFF7FFF7FFF7FFF7FFF7FFF7FFF7FFF7FFF7FFF7FFF7FFF7FFF7FFF7FFF7F
310
FF7FFF7FFF7FFF7FFF7FFF7FFF7FFF7FFF7FFF7FFF7FE0030000000000000000000000000000000000000000000000000000000000000000000000000000000000000000000000000000000000000000000000000000000000000000000000000000000000000000000000000000000000000000000000000000E003FF7FFF
310
7FFF7FFF7FFF7FFF7FFF7FFF7FFF7FFF7FFF7FFF7FFF7FFF7FFF7FFF7FFF7FFF7FFF7FFF7FFF7FFF7FFF7FFF7FFF7FFF7FFF7FFF7FFF7FFF7FFF7FFF7FFF7FFF7FFF7FFF7FFF7FFF7FFF7FFF7FFF7FFF7FFF7FFF7FFF7FFF7FFF7FFF7FFF7FFF7FFF7FFF7FFF7FFF7FFF7FFF7FFF7FFF7FFF7FFF7FFF7FFF7FFF7FFF7FFF7F
310
FF7FFF7FFF7FFF7FFF7FFF7FFF7FFF7FFF7FFF7FFF7FFF7FFF7FFF7FFF7FFF7FFF7FFF7FFF7FFF7FFF7FFF7FFF7FFF7FFF7FFF7FFF7FFF7FFF7FFF7FFF7FFF7FFF7FFF7FFF7FFF7FFF7FFF7FFF7FFF7FFF7FFF7FFF7FFF7FFF7FFF7FFF7FFF7FFF7FFF7FFF7FFF7FFF7FFF7FFF7FFF7FE003FF7FFF7FFF7FFF7FFF7FFF7FFF
310
7FFF7FFF7FFF7FFF7FFF7FFF7FFF7FFF7FFF7FFF7FFF7FFF7FFF7FFF7FFF7FFF7FFF7FFF7FFF7FFF7FFF7FFF7FFF7FFF7FFF7FFF7FFF7FFF7FFF7FFF7FFF7FFF7FFF7FFF7FFF7FFF7FFF7FFF7FFF7FFF7FFF7FFF7FE003FF7FFF7FFF7FFF7FFF7FFF7FFF7FFF7FFF7FFF7FFF7FFF7FFF7FFF7FFF7FFF7FFF7FFF7FFF7FFF7F
310
FF7FFF7FFF7FFF7FFF7FFF7FFF7FFF7FFF7FFF7FFF7FFF7FFF7FFF7FFF7FFF7FFF7FFF7FFF7FFF7FFF7FFF7FFF7FFF7FFF7FFF7FFF7FFF7FFF7FFF7FFF7FFF7FFF7FFF7FFF7FFF7FFF7FFF7FFF7FFF7FFF7FFF7FFF7FFF7FFF7FFF7FFF7FFF7FFF7FFF7FFF7FFF7FFF7FFF7FFF7FFF7FFF7FFF7FFF7FFF7FFF7FFF7FFF7FFF
310
7FFF7FFF7FFF7FFF7FFF7FFF7FFF7FFF7FFF7FFF7FFF7FFF7FFF7FFF7FFF7FFF7FFF7FFF7FFF7FFF7FFF7FFF7FFF7FFF7FFF7FFF7FFF7FFF7FFF7FFF7FFF7FFF7FFF7FFF7FFF7FFF7FFF7FE003FF7FFF7FFF7FFF7FFF7FFF7FFF7FFF7FFF7FFF7FFF7FFF7FFF7FFF7FFF7FFF7FFF7FFF7FFF7FFF7FFF7FFF7FFF7FFF7FFF7F
310
FF7FFF7FFF7FFF7FFF7FFF7FFF7FFF7FFF7FFF7FFF7FFF7FFF7FFF7FFF7FFF7FFF7FFF7FFF7FFF7FFF7FFF7FFF7FFF7FE003FF7FFF7FFF7FFF7FFF7FFF7FFF7FFF7FFF7FFF7FFF7FFF7FFF7FFF7FFF7FFF7FFF7FFF7FFF7FFF7FFF7FFF7FFF7FFF7FFF7FFF7FFF7FFF7FFF7FFF7FFF7FFF7FFF7FFF7FFF7FFF7FFF7FFF7FFF
310
7FFF7FFF7FFF7FFF7FFF7FFF7FFF7FFF7FFF7FFF7FFF7FFF7FFF7FFF7FFF7FFF7FFF7FFF7FFF7FFF7FFF7FFF7FFF7FFF7FFF7FFF7FFF7FFF7FFF7FFF7FFF7FFF7FFF7FFF7FFF7FFF7FFF7FFF7FFF7FFF7FFF7FFF7FFF7FFF7FFF7FFF7FFF7FFF7FFF7FFF7FFF7FFF7FFF7FFF7FFF7FFF7FFF7FFF7FFF7FFF7FFF7FFF7FFF7F
310
FF7FFF7FFF7FFF7FFF7FFF7FFF7FFF7FFF7FFF7FFF7FFF7FFF7FFF7FFF7FFF7FFF7FFF7FFF7FE003E003E003E003E003E003E003E003E003E003E003E003E003E003E003E003E003E003E003E003E003E003E003E003E003E003E003E003E003E003E003E003E003E003E003E003E003E003E003E003E003E003E003E003E0
310
03E003E003E003E003E003E003FF7FFF7FFF7FFF7FFF7FFF7FFF7FFF7FFF7FFF7FFF7FFF7FFF7FFF7FFF7FFF7FFF7FFF7FFF7FFF7FFF7FFF7FFF7FFF7FFF7FFF7FFF7FFF7FFF7FFF7FFF7FFF7FFF7FFF7FFF7FFF7FFF7FFF7FFF7FFF7FFF7FFF7FFF7FFF7FFF7FFF7FFF7FFF7FFF7FFF7FFF7FFF7FFF7FFF7FFF7FFF7FFF7F
310
FF7FFF7FFF7FFF7FFF7FFF7FFF7FFF7FFF7FFF7FFF7FFF7FFF7FFF7FFF7FFF7FFF7FFF7FFF7FFF7FFF7FFF7FFF7FFF7FFF7FFF7FFF7FFF7FFF7FFF7FFF7FFF7FFF7FFF7FFF7FFF7FFF7FFF7FFF7FFF7FFF7FFF7FFF7FFF7FFF7FFF7FFF7FFF7FFF7FFF7FFF7FFF7FFF7FFF7FFF7FFF7FFF7FFF7FFF7FFF7FFF7FFF7FFF7FFF
310
7FE003FF7FFF7FFF7FFF7FFF7FFF7FFF7FFF7FFF7FFF7FFF7FFF7FFF7FFF7FFF7FFF7FFF7FFF7FFF7FFF7FFF7FFF7FE003FF7FFF7FFF7FE003FF7FFF7FFF7FFF7FFF7FFF7FFF7FFF7FFF7FFF7FFF7FFF7FFF7FFF7FFF7FFF7FFF7FFF7FFF7FFF7FFF7FFF7FE003FF7FFF7FFF7FFF7FFF7FFF7FFF7FFF7FFF7FFF7FFF7FFF7F
310
FF7FFF7FFF7FFF7FFF7FFF7FFF7FFF7FFF7FFF7FFF7FFF7FFF7FFF7FFF7FFF7FFF7FFF7FFF7FFF7FFF7FFF7FFF7FFF7FFF7FFF7FFF7FFF7FFF7FFF7FFF7FFF7FFF7FFF7FFF7FFF7FFF7FFF7FFF7FFF7FFF7FFF7FFF7FFF7FFF7FFF7FFF7FFF7FFF7FFF7FFF7FFF7FFF7FFF7FFF7FFF7FFF7FFF7FFF7FFF7FFF7FFF7FFF7FFF
310
7FFF7FFF7FFF7FFF7FFF7FFF7FFF7FFF7FFF7FFF7FFF7FFF7FFF7FFF7FFF7FFF7FFF7FFF7FFF7FFF7FFF7FFF7FFF7FFF7FFF7FFF7FFF7FFF7FFF7FFF7FFF7FFF7FFF7FFF7FFF7FFF7FFF7FFF7FFF7FFF7FFF7FFF7FFF7FFF7FFF7FFF7FFF7FFF7FFF7FFF7FFF7FFF7FFF7FFF7FFF7FFF7FFF7FFF7FFF7FFF7FFF7FFF7FFF7F
310
FF7FFF7FFF7FFF7FFF7FE003E003E003E003E003FF7FFF7FFF7FFF7FFF7FFF7FFF7FFF7FFF7FFF7FFF7FFF7FFF7FFF7FFF7FFF7FFF7FFF7FFF7FFF7FFF7FFF7FFF7FFF7FFF7FFF7FFF7FFF7FFF7FFF7FFF7FFF7FFF7FFF7FFF7FFF7FFF7FFF7FFF7FFF7FFF7FFF7FFF7FFF7FFF7FFF7FFF7FFF7FFF7FFF7FFF7FFF7FFF7FFF
310
7FFF7FFF7FFF7FFF7FFF7FFF7FFF7FFF7FFF7FFF7FFF7FFF7FFF7FFF7FFF7FFF7FFF7FFF7FFF7FFF7FFF7FFF7FFF7FFF7FFF7FFF7FFF7FFF7FFF7FFF7FFF7FFF7FFF7FFF7FFF7FFF7FFF7FFF7FFF7FFF7FFF7FFF7FFF7FFF7FFF7FFF7FFF7FFF7FFF7FFF7FFF7FFF7FFF7FFF7FFF7FFF7FFF7FFF7FFF7FFF7FFF7FFF7FFF7F
310
FF7FFF7FFF7FFF7FFF7FFF7FFF7FFF7FFF7FFF7FFF7FFF7FFF7FFF7FFF7FFF7FFF7FFF7FFF7FFF7FFF7FFF7FFF7FFF7FFF7FFF7FFF7FFF7FFF7FFF7FFF7FFF7FFF7FFF7FFF7FFF7FFF7FFF7FFF7FFF7FFF7FFF7FFF7FFF7FFF7FFF7FFF7FFF7FFF7FFF7FFF7FFF7FFF7FFF7FFF7FFF7FFF7FFF7FFF7FFF7FFF7FFF7FFF7FFF
310
7FFF7FFF7FFF7FFF7FFF7FFF7FFF7FFF7FFF7FFF7FFF7FFF7FFF7FFF7FFF7FFF7FFF7FFF7FFF7FFF7FFF7FFF7FFF7FFF7FFF7FFF7FFF7FFF7FFF7FFF7FFF7FFF7FFF7FFF7FFF7FFF7FFF7FFF7FFF7FFF7FFF7FFF7FFF7FFF7FFF7FFF7FFF7FFF7FFF7FFF7FFF7FFF7FFF7FFF7FFF7FFF7FFF7FFF7FFF7FFF7FFF7FFF7FFF7F
310
FF7FFF7FFF7FFF7FFF7FFF7FFF7FFF7FFF7FFF7FFF7FFF7FFF7FFF7FFF7FFF7FFF7FFF7FFF7FFF7FFF7FFF7FFF7FFF7FFF7FFF7FFF7FFF7FFF7FFF7FFF7FFF7FFF7FFF7FFF7FFF7FFF7FFF7FFF7FFF7FFF7FFF7FFF7FFF7FFF7FFF7FFF7FFF7FFF7FFF7FFF7FFF7FFF7FFF7FFF7FFF7FFF7FFF7FFF7FFF7FFF7FFF7FFF7FFF
310
7FFF7FFF7FFF7FFF7FFF7FFF7FFF7FFF7FFF7FFF7FFF7FFF7FFF7FFF7FFF7FFF7FFF7FFF7FFF7FFF7FFF7FFF7FFF7FFF7FFF7FFF7FFF7FFF7FFF7FFF7FFF7FFF7FFF7FFF7FFF7FFF7FFF7FFF7FFF7FFF7FFF7FFF7FFF7FFF7FFF7FFF7FFF7FFF7FFF7FFF7FFF7FFF7FFF7FFF7FFF7FFF7FFF7FFF7FFF7FFF7FFF7FFF7FFF7F
310
FF7FFF7FFF7FFF7FFF7FFF7FFF7FFF7FFF7FFF7FFF7FFF7FFF7FFF7FFF7FFF7FFF7FFF7FFF7FFF7FFF7FFF7FFF7FFF7FFF7FFF7FFF7FFF7FFF7FFF7FFF7FFF7FFF7FFF7FFF7FFF7FFF7FFF7FFF7FFF7FFF7FFF7FFF7FFF7FFF7FFF7FFF7FFF7FFF7FFF7FFF7FFF7FFF7FFF7FFF7FFF7FFF7FFF7FFF7FFF7FFF7FFF7FFF7FFF
310
7FFF7FFF7FFF7FFF7FFF7FFF7FFF7FFF7FFF7FFF7FFF7FFF7FFF7FFF7FFF7FFF7FFF7FFF7FFF7FFF7FFF7FFF7FFF7FFF7FFF7FFF7FFF7FFF7FFF7FFF7FFF7FFF7FFF7FFF7FFF7FFF7FFF7FFF7FFF7FFF7FFF7FFF7FFF7FFF7FFF7FFF7FFF7FFF7FFF7FFF7FFF7FFF7FFF7FFF7FFF7FFF7FFF7FFF7FFF7FFF7FFF7FFF7FFF7F
310
FF7FFF7FFF7FFF7FFF7FFF7FFF7FFF7FFF7FFF7FFF7FFF7FFF7FFF7FFF7FFF7FFF7FFF7FFF7FFF7FFF7FFF7FFF7FFF7FFF7FFF7FFF7FFF7FFF7FFF7FFF7FFF7FFF7FFF7FFF7FFF7FFF7FFF7FFF7FFF7FFF7FFF7FFF7FFF7FFF7FFF7FFF7FFF7FFF7FFF7FFF7FFF7FFF7FFF7FFF7FFF7FFF7FFF7FFF7FFF7FFF7FFF7FFF7FFF
310
7FFF7FFF7FFF7FFF7FFF7FFF7FFF7FFF7FFF7FFF7FFF7FFF7FFF7FFF7FFF7FFF7FFF7FFF7FFF7FFF7FFF7FFF7FFF7FFF7FFF7FFF7FFF7FFF7FFF7FFF7FFF7FFF7FFF7FFF7FFF7FFF7FFF7FFF7FFF7FFF7FFF7FFF7FFF7FFF7FFF7FFF7FFF7FFF7FFF7FFF7FFF7FFF7FFF7FFF7FFF7FFF7FFF7FFF7FFF7FFF7FFF7FFF7FFF7F
310
FF7FFF7FFF7FFF7FFF7FFF7FFF7FFF7FFF7FFF7FFF7FFF7FFF7FFF7FFF7FFF7FFF7FFF7FFF7FFF7FFF7FFF7FFF7FFF7FFF7FFF7FFF7FFF7FFF7FFF7FFF7FFF7FFF7FFF7FFF7FFF7FFF7FFF7FFF7FFF7FFF7FFF7FFF7FFF7FFF7FFF7FFF7FFF7FFF7FFF7FFF7FFF7FFF7FFF7FFF7FFF7FFF7FFF7FFF7FFF7FFF7FFF7FFF7FFF
310
7FFF7FFF7FFF7FFF7FFF7FFF7FFF7FFF7FFF7FFF7FFF7FFF7FFF7FFF7FFF7FFF7FFF7FFF7FFF7FFF7FFF7FFF7FFF7FFF7FFF7FFF7FFF7FFF7FFF7FFF7FFF7FFF7FFF7FFF7FFF7FFF7FFF7FFF7FFF7FFF7FFF7FFF7FFF7FFF7FFF7FFF7FFF7FFF7FFF7FFF7FFF7FFF7FFF7FFF7FFF7FFF7FFF7FFF7FFF7FFF7FFF7FFF7FFF7F
310
FF7FFF7FFF7FFF7FFF7FFF7FFF7FFF7FFF7FFF7FFF7FFF7FFF7FFF7FFF7FFF7FFF7FFF7FFF7FFF7FFF7FFF7FFF7FFF7FFF7FFF7FFF7FFF7FFF7FFF7FFF7FFF7FFF7FFF7FFF7FFF7FFF7FFF7FFF7FFF7FFF7FFF7FFF7FFF7FFF7FFF7FFF7FFF7FFF7FFF7FFF7FFF7FFF7FFF7FFF7FFF7FFF7FFF7FFF7FFF7FFF7FFF7FFF7FFF
310
7FFF7FFF7FFF7FFF7FFF7FFF7FFF7FFF7FFF7FFF7FFF7FFF7FFF7FFF7FFF7FFF7FFF7FFF7FFF7FFF7FFF7FFF7FFF7FFF7FFF7FFF7FFF7FFF7FFF7FFF7FFF7FFF7FFF7FFF7FFF7FFF7FFF7FFF7FFF7FFF7FFF7FFF7FFF7FFF7FFF7FFF7FFF7FFF7FFF7FFF7FFF7FFF7FFF7FFF7FFF7FFF7FFF7FFF7FFF7FFF7FFF7FFF7FFF7F
310
FF7FFF7FFF7FFF7FFF7FFF7FFF7FFF7FFF7FFF7FFF7FFF7FFF7FFF7FFF7FFF7FFF7FFF7FFF7FFF7FFF7FFF7FFF7FFF7FFF7FFF7FFF7FFF7FFF7FFF7FFF7FFF7FFF7FFF7FFF7FFF7FFF7FFF7FFF7FFF7FFF7FFF7FFF7FFF7FFF7FFF7FFF7FFF7FFF7FFF7FFF7FFF7FFF7FFF7FFF7FFF7FFF7FFF7FFF7FFF7FFF7FFF7FFF7FFF
310
7FFF7FFF7FFF7FFF7FFF7FFF7FFF7FFF7FFF7FFF7FFF7FFF7FFF7FFF7FFF7FFF7FFF7FFF7FFF7FFF7FFF7FFF7FFF7FFF7FFF7FFF7FFF7FFF7FFF7FFF7FFF7FFF7FFF7FFF7FFF7FFF7FFF7FFF7FFF7FFF7FFF7FFF7FFF7FFF7FFF7FFF7FFF7FFF7FFF7FFF7FFF7FFF7FFF7FFF7FFF7FFF7FFF7FFF7FFF7FFF7FFF7FFF7FFF7F
310
FF7FFF7FFF7FFF7FFF7FFF7FFF7FFF7FFF7FFF7FFF7FFF7FFF7FFF7FFF7FFF7FFF7FFF7FFF7FFF7FFF7FFF7FFF7FFF7FFF7FFF7FFF7FFF7FFF7FFF7FFF7FFF7FFF7FFF7FFF7FFF7FFF7FFF7FFF7FFF7FFF7FFF7FFF7FFF7FFF7FFF7FFF7FFF7FFF7FFF7FFF7FFF7FFF7FFF7FFF7FFF7FFF7FFF7FFF7FFF7FFF7FFF7FFF7FFF
310
7FFF7FFF7FFF7FFF7FFF7FFF7FFF7FFF7FFF7FFF7FFF7FFF7FFF7FFF7FFF7FFF7FFF7FFF7FFF7FFF7FFF7FFF7FFF7FFF7FFF7FFF7FFF7FFF7FFF7FFF7FFF7FFF7FFF7FFF7FFF7FFF7FFF7FFF7FFF7FFF7FFF7FFF7FFF7FFF7FFF7FFF7FFF7FFF7FFF7FFF7FFF7FFF7FFF7FFF7FFF7FFF7FFF7FFF7FFF7FFF7FFF7FFF7FFF7F
310
FF7FFF7FFF7FFF7FFF7FFF7FFF7FFF7FFF7FFF7FFF7FFF7FFF7FFF7FFF7FFF7FFF7FFF7FFF7FFF7FFF7FFF7FFF7FFF7FFF7FFF7FFF7FFF7FFF7FFF7FFF7FFF7FFF7FFF7FFF7FFF7FFF7FFF7FFF7FFF7FFF7FFF7FFF7FFF7FFF7FFF7FFF7FFF7FFF7FFF7FFF7FFF7FFF7FFF7FFF7FFF7FFF7FFF7FFF7FFF7FFF7FFF7FFF7FFF
310
7FFF7FFF7FFF7FFF7FFF7FFF7FFF7FFF7FFF7FFF7FFF7FFF7FFF7FFF7FFF7FFF7FFF7FFF7FFF7FFF7FFF7FFF7FFF7FFF7FFF7FFF7FFF7FFF7FFF7FFF7FFF7FFF7FFF7FFF7FFF7FFF7FFF7FFF7FFF7FFF7FFF7FFF7FFF7FFF7FFF7FFF7FFF7FFF7FFF7FFF7FFF7FFF7FFF7FFF7FFF7FFF7FFF7FFF7FFF7FFF7FFF7FFF7FFF7F
310
FF7FFF7FFF7FFF7FFF7FFF7FFF7FFF7FFF7FFF7FFF7FFF7FFF7FFF7FFF7FFF7FFF7FFF7FFF7FFF7FFF7FFF7FFF7FFF7FFF7FFF7FFF7FFF7FFF7FFF7FFF7FFF7FFF7FFF7FFF7FFF7FFF7FFF7FFF7FFF7FFF7FFF7FFF7FFF7FFF7FFF7FFF7FFF7FFF7FFF7FFF7FFF7FFF7FFF7FFF7FFF7FFF7FFF7FFF7FFF7FFF7FFF7FFF7FFF
310
7FFF7FFF7FFF7FFF7FFF7FFF7FFF7FFF7FFF7FFF7FFF7FFF7FFF7FFF7FFF7FFF7FFF7FFF7FFF7FFF7FFF7FFF7FFF7FFF7FFF7FFF7FFF7FFF7FFF7FFF7FFF7FFF7FFF7FFF7FFF7FFF7FFF7FFF7FFF7FFF7FFF7FFF7FFF7FFF7FFF7FFF7FFF7FFF7FFF7FFF7FFF7FFF7FFF7FFF7FFF7FFF7FFF7FFF7FFF7FFF7FFF7FFF7FFF7F
310
FF7FFF7FFF7FFF7FFF7FFF7FFF7FFF7FFF7FFF7FFF7FFF7FFF7FFF7FFF7FFF7FFF7FFF7FFF7FFF7FFF7FFF7FFF7FFF7FFF7FFF7FFF7FFF7FFF7FFF7FFF7FFF7FFF7FFF7FFF7FFF7FFF7FFF7FFF7FFF7FFF7FFF7FFF7FFF7FFF7FFF7FFF7FFF7FFF7FFF7FFF7FFF7FFF7FFF7FFF7FFF7FFF7FFF7FFF7FFF7FFF7FFF7FFF7FFF
310
7FFF7FFF7FFF7FFF7FFF7FFF7FFF7FFF7FFF7FFF7FFF7FFF7FFF7FFF7FFF7FFF7FFF7FFF7FFF7FFF7FFF7FFF7FFF7FFF7FFF7FFF7FFF7FFF7FFF7FFF7FFF7FFF7FFF7FFF7FFF7FFF7FFF7FFF7FFF7FFF7FFF7FFF7FFF7FFF7FFF7FFF7FFF7FFF7FFF7FFF7FFF7FFF7FFF7FFF7FFF7FFF7FFF7FFF7FFF7FFF7FFF7FFF7FFF7F
310
FF7FFF7FFF7FFF7FFF7FFF7FFF7FFF7FFF7FFF7FFF7FFF7FFF7FFF7FFF7FFF7FFF7FFF7FFF7FFF7FFF7FFF7FFF7FFF7FFF7FFF7FFF7FFF7FFF7FFF7FFF7FFF7FFF7FFF7FFF7FFF7FFF7FFF7FFF7FFF7FFF7FFF7FFF7FFF7FFF7FFF7FFF7FFF7FFF7FFF7FFF7FFF7FFF7FFF7FFF7FFF7FFF7FFF7FFF7FFF7FFF7FFF7FFF7FFF
310
7FFF7FFF7FFF7FFF7FFF7FFF7FFF7FFF7FFF7FFF7FFF7FFF7FFF7FFF7FFF7FFF7FFF7FFF7FFF7FFF7FFF7FFF7FFF7FFF7FFF7FFF7FFF7FFF7FFF7FFF7FFF7FFF7FFF7FFF7FFF7FFF7FFF7FFF7FFF7FFF7FFF7FFF7FFF7FFF7FFF7FFF7FFF7FFF7FFF7FFF7FFF7FFF7FFF7FFF7FFF7FFF7FFF7FFF7FFF7FFF7FFF7FFF7FFF7F
310
FF7FFF7FFF7FFF7FFF7FFF7FFF7FFF7FFF7FFF7FFF7FFF7FFF7FFF7FFF7FFF7FFF7FFF7FFF7FFF7FFF7FFF7FFF7FFF7FFF7FFF7FFF7FFF7FFF7FFF7FFF7FFF7FFF7FFF7FFF7FFF7FFF7FFF7FFF7FFF7FFF7FFF7FFF7FFF7FFF7FFF7FFF7FFF7FFF7FFF7FFF7FFF7FFF7FFF7FFF7FFF7FFF7FFF7FFF7FFF7FFF7FFF7FFF7FFF
310
7FFF7FFF7FFF7FFF7FFF7FFF7FFF7FFF7FFF7FFF7FFF7FFF7FFF7FFF7FFF7FFF7FFF7FFF7FFF7FFF7FFF7FFF7FFF7FFF7FFF7FFF7FFF7FFF7FFF7FFF7FFF7FFF7FFF7FFF7FFF7FFF7FFF7FFF7FFF7FFF7FFF7FFF7FFF7FFF7FFF7FFF7FFF7FFF7FFF7FFF7FFF7FFF7FFF7FFF7FFF7FFF7FFF7FFF7FFF7FFF7FFF7FFF7FFF7F
310
FF7FFF7FFF7FFF7FFF7FFF7FFF7FFF7FFF7FFF7FFF7FFF7FFF7FFF7FFF7FFF7FFF7FFF7FFF7FFF7FFF7FFF7FFF7FFF7FFF7FFF7FFF7FFF7FFF7FFF7FFF7FFF7FFF7FFF7FFF7FFF7FFF7FFF7FFF7FFF7FFF7FFF7FFF7FFF7FFF7FFF7FFF7FFF7FFF7FFF7FFF7FFF7FFF7FFF7FFF7FFF7FFF7FFF7FFF7FFF7FFF7FFF7FFF7FFF
310
7FFF7FFF7FFF7FFF7FFF7FFF7FFF7FFF7FFF7FFF7FFF7FFF7FFF7FFF7FFF7FFF7FFF7FFF7FFF7FFF7FFF7FFF7FFF7FFF7FFF7FFF7FFF7FFF7FFF7FFF7FFF7FFF7FFF7FFF7FFF7FFF7FFF7FFF7FFF7FFF7FFF7FFF7FFF7FFF7FFF7FFF7FFF7FFF7FFF7FFF7FFF7FFF7FFF7FFF7FFF7FFF7FFF7FFF7FFF7FFF7FFF7FFF7FFF7F
310
FF7FFF7FFF7FFF7FFF7FFF7FFF7FFF7FFF7FFF7FFF7FFF7FFF7FFF7FFF7FFF7FFF7FFF7FFF7FFF7FFF7FFF7FFF7FFF7FFF7FFF7FFF7FFF7FFF7FFF7FFF7FFF7FFF7FFF7FFF7FFF7FFF7FFF7FFF7FFF7FFF7FFF7FFF7FFF7FFF7FFF7FFF7FFF7FFF7FFF7FFF7FFF7FFF7FFF7FFF7FFF7FFF7FFF7FFF7FFF7FFF7FFF7FFF7FFF
310
7FFF7FFF7FFF7FFF7FFF7FFF7FFF7FFF7FFF7FFF7FFF7FFF7FFF7FFF7FFF7FFF7FFF7FFF7FFF7FFF7FFF7FFF7FFF7FFF7FFF7FFF7FFF7FFF7FFF7FFF7FFF7FFF7FFF7FFF7FFF7FFF7FFF7FFF7FFF7FFF7FFF7FFF7FFF7FFF7FFF7FFF7FFF7FFF7FFF7FFF7FFF7FFF7FFF7FFF7FFF7FFF7FFF7FFF7FFF7FFF7FFF7FFF7FFF7F
310
FF7FFF7FFF7FFF7FFF7FFF7FFF7FFF7FFF7FFF7FFF7FFF7FFF7FFF7FFF7FFF7FFF7FFF7FFF7FFF7FFF7FFF7FFF7FFF7FFF7FFF7FFF7FFF7FFF7FFF7FFF7FFF7FFF7FFF7FFF7FFF7FFF7FFF7FFF7FFF7FFF7FFF7FFF7FFF7FFF7FFF7FFF7FFF7FFF7FFF7FFF7FFF7FFF7FFF7FFF7FFF7FFF7FFF7FFF7FFF7FFF7FFF7FFF7FFF
310
7FFF7FFF7FFF7FFF7FFF7FFF7FFF7FFF7FFF7FFF7FFF7FFF7FFF7FFF7FFF7FFF7FFF7FFF7FFF7FFF7FFF7FFF7FFF7FFF7FFF7FFF7FFF7FFF7FFF7FFF7FFF7FFF7FFF7FFF7FFF7FFF7FFF7FFF7FFF7FFF7FFF7FFF7FFF7FFF7FFF7FFF7FFF7FFF7FFF7FFF7FFF7FFF7FFF7FFF7FFF7FFF7FFF7FFF7FFF7FFF7FFF7FFF7FFF7F
310
FF7FFF7FFF7FFF7FFF7FFF7FFF7FFF7FFF7FFF7FFF7FFF7FFF7FFF7FFF7FFF7FFF7FFF7FFF7FFF7FFF7FFF7FFF7FFF7FFF7FFF7FFF7FFF7FFF7FFF7FFF7FFF7FFF7FFF7FFF7FFF7FFF7FFF7FFF7FFF7FFF7FFF7FFF7FFF7FFF7FFF7FFF7FFF7FFF7FFF7FFF7FFF7FFF7FFF7FFF7FFF7FFF7FFF7FFF7FFF7FFF7FFF7FFF7FFF
310
7FFF7FFF7FFF7FFF7FFF7FFF7FFF7FFF7FFF7FFF7FFF7FFF7FFF7FFF7FFF7FFF7FFF7FFF7FFF7FFF7FFF7FFF7FFF7FFF7FFF7FFF7FFF7FFF7FFF7FFF7FFF7FFF7FFF7FFF7FFF7FFF7FFF7FFF7FFF7FFF7FFF7FFF7FFF7FFF7FFF7FFF7FFF7FFF7FFF7FFF7FFF7FFF7FFF7FFF7FFF7FFF7FFF7FFF7FFF7FFF7FFF7FFF7FFF7F
310
FF7FFF7FFF7FFF7FFF7FFF7FFF7FFF7FFF7FFF7FFF7FFF7FFF7FFF7FFF7FFF7FFF7FFF7FFF7FFF7FFF7FFF7FFF7FFF7FFF7FFF7FFF7FFF7FFF7FFF7FFF7FFF7FFF7FFF7FFF7FFF7FFF7FFF7FFF7FFF7FFF7FFF7FFF7FFF7FFF7FFF7FFF7FFF7FFF7FFF7FFF7FFF7FFF7FFF7FFF7FFF7FFF7FFF7FFF7FFF7FFF7FFF7FFF7FFF
310
7FFF7FFF7FFF7FFF7FFF7FFF7FFF7FFF7FFF7FFF7FFF7FFF7FFF7FFF7FFF7FFF7FFF7FFF7FFF7FFF7FFF7FFF7FFF7FFF7FFF7FFF7FFF7FFF7FFF7FFF7FFF7FFF7FFF7FFF7FFF7FFF7FFF7FFF7FFF7FFF7FFF7FFF7FFF7FFF7FFF7FFF7FFF7FFF7FFF7FFF7FFF7FFF7FFF7FFF7FFF7FFF7FFF7FFF7FFF7FFF7FFF7FFF7FFF7F
310
FF7FFF7FFF7FFF7FFF7FFF7FFF7FFF7FFF7FFF7FFF7FFF7FFF7FFF7FFF7FFF7FFF7FFF7FFF7FFF7FFF7FFF7FFF7FFF7FFF7FFF7FFF7FFF7FFF7FFF7FFF7FFF7FFF7FFF7FFF7FFF7FFF7FFF7FFF7FFF7FFF7FFF7FFF7FFF7FFF7FFF7FFF7FFF7FFF7FFF7FFF7FFF7FFF7FFF7FFF7FFF7FFF7FFF7FFF7FFF7FFF7FFF7FFF7FFF
310
7FFF7FFF7FFF7FFF7FFF7FFF7FFF7FFF7FFF7FFF7FFF7FFF7FFF7FFF7FFF7FFF7FFF7FFF7FFF7FFF7FFF7FFF7FFF7FFF7FFF7FFF7FFF7FFF7FFF7FFF7FFF7FFF7FFF7FFF7FFF7FFF7FFF7FFF7FFF7FFF7FFF7FFF7FFF7FFF7FFF7FFF7FFF7FFF7FFF7FFF7FFF7FFF7FFF7FFF7FFF7FFF7FFF7FFF7FFF7FFF7FFF7FFF7FFF7F
310
FF7FFF7FFF7FFF7FFF7FFF7FFF7FFF7FFF7FFF7FFF7FFF7FFF7FFF7FFF7FFF7FFF7FFF7FFF7FFF7FFF7FFF7FFF7FFF7FFF7FFF7FFF7FFF7FFF7FFF7FFF7FFF7FFF7FFF7FFF7FFF7FFF7FFF7FFF7FFF7FFF7FFF7FFF7FFF7FFF7FFF7FFF7FFF7FFF7FFF7FFF7FFF7FFF7FFF7FFF7FFF7FFF7FFF7FFF7FFF7FFF7FFF7FFF7FFF
310
7FFF7FFF7FFF7FFF7FFF7FFF7FFF7FFF7FFF7FFF7FFF7FFF7FFF7FFF7FFF7FFF7FFF7FFF7FFF7FFF7FFF7FFF7FFF7FFF7FFF7FFF7FFF7FFF7FFF7FFF7FFF7FFF7FFF7FFF7FFF7FFF7FFF7FFF7FFF7FFF7FFF7FFF7FFF7FFF7FFF7FFF7FFF7FFF7FFF7FFF7FFF7FFF7FFF7FFF7FFF7FFF7FFF7FFF7FFF7FFF7FFF7FFF7FFF7F
310
FF7FFF7FFF7FFF7FFF7FFF7FFF7FFF7FFF7FFF7FFF7FFF7FFF7FFF7FFF7FFF7FFF7FFF7FFF7FFF7FFF7FFF7FFF7FFF7FFF7FFF7FFF7FFF7FFF7FFF7FFF7FFF7FFF7FFF7FFF7FFF7FFF7FFF7FFF7FFF7FFF7FFF7FFF7FFF7FFF7FFF7FFF7FFF7FFF7FFF7FFF7FFF7FFF7FFF7FFF7FFF7FFF7FFF7FFF7FFF7FFF7FFF7FFF7FFF
310
7FFF7FFF7FFF7FFF7FFF7FFF7FFF7FFF7FFF7FFF7FFF7FFF7FFF7FFF7FFF7FFF7FFF7FFF7FFF7FFF7FFF7FFF7FFF7FFF7FFF7FFF7FFF7FFF7FFF7FFF7FFF7FFF7FFF7FFF7FFF7FFF7FFF7FFF7FFF7FFF7FFF7FFF7FFF7FFF7FFF7FFF7FFF7FFF7FFF7FFF7FFF7FFF7FFF7FFF7FFF7FFF7FFF7FFF7FFF7FFF7FFF7FFF7FFF7F
310
FF7FFF7FFF7FFF7FFF7FFF7FFF7FFF7FFF7FFF7FFF7FFF7FFF7FFF7FFF7FFF7FFF7FFF7FFF7FFF7FFF7FFF7FFF7FFF7FFF7FFF7FFF7FFF7FFF7FFF7FFF7FFF7FFF7FFF7FFF7FFF7FFF7FFF7FFF7FFF7FFF7FFF7FFF7FFF7FFF7FFF7FFF7FFF7FFF7FFF7FFF7FFF7FFF7FFF7FFF7FFF7FFF7FFF7FFF7FFF7FFF7FFF7FFF7FFF
310
7FFF7FFF7FFF7FFF7FFF7FFF7FFF7FFF7FFF7FFF7FFF7FFF7FFF7FFF7FFF7FFF7FFF7FFF7FFF7FFF7FFF7FFF7FFF7FFF7FFF7FFF7FFF7FFF7FFF7FFF7FFF7FFF7FFF7FFF7FFF7FFF7FFF7FFF7FFF7FFF7FFF7FFF7FFF7FFF7FFF7FFF7FFF7FFF7FFF7FFF7FFF7FFF7FFF7FFF7FFF7FFF7FFF7FFF7FFF7FFF7FFF7FFF7FFF7F
310
FF7FFF7FFF7FFF7FFF7FFF7FFF7FFF7FFF7FFF7FFF7FFF7FFF7FFF7FFF7FFF7FFF7FFF7FFF7FFF7FFF7FFF7FFF7FFF7FFF7FFF7FFF7FFF7FFF7FFF7FFF7FFF7FFF7FFF7FFF7FFF7FFF7FFF7FFF7FFF7FFF7FFF7FFF7FFF7FFF7FFF7FFF7FFF7FFF7FFF7FFF7FFF7FFF7FFF7FFF7FFF7FFF7FFF7FFF7FFF7FFF7FFF7FFF7FFF
310
7FFF7FFF7FFF7FFF7FFF7FFF7FFF7FFF7FFF7FFF7FFF7FFF7FFF7FFF7FFF7FFF7FFF7FFF7FFF7FFF7FFF7FFF7FFF7FFF7FFF7FFF7FFF7FFF7FFF7FFF7FFF7FFF7FFF7FFF7FFF7FFF7FFF7FFF7FFF7FFF7FFF7FFF7FFF7FFF7FFF7FFF7FFF7FFF7FFF7FFF7FFF7FFF7FFF7FFF7FFF7FFF7FFF7FFF7FFF7FFF7FFF7FFF7FFF7F
310
FF7FFF7FFF7FFF7FFF7FFF7FFF7FFF7FFF7FFF7FFF7FFF7FFF7FFF7FFF7FFF7FFF7FFF7FFF7FFF7FFF7FFF7FFF7FFF7FFF7FFF7FFF7FFF7FFF7FFF7FFF7FFF7FFF7FFF7FFF7FFF7FFF7FFF7FFF7FFF7FFF7FFF7FFF7FFF7FFF7FFF7FFF7FFF7FFF7FFF7FFF7FFF7FFF7FFF7FFF7FFF7FFF7FFF7FFF7FFF7FFF7FFF7FFF7FFF
310
7FFF7FFF7FFF7FFF7FFF7FFF7FFF7FFF7FFF7FFF7FFF7FFF7FFF7FFF7FFF7FFF7FFF7FFF7FFF7FFF7FFF7FFF7FFF7FFF7FFF7FFF7FFF7FFF7FFF7FFF7FFF7FFF7FFF7FFF7FFF7FFF7FFF7FFF7FFF7FFF7FFF7FFF7FFF7FFF7FFF7FFF7FFF7FFF7FFF7FFF7FFF7FFF7FFF7FFF7FFF7FFF7FFF7FFF7FFF7FFF7FFF7FFF7FFF7F
310
FF7FFF7FFF7FFF7FFF7FFF7FFF7FFF7FFF7FFF7FFF7FFF7FFF7FFF7FFF7FFF7FFF7FFF7FFF7FFF7FFF7FFF7FFF7FFF7FFF7FFF7FFF7FFF7FFF7FFF7FFF7FFF7FFF7FFF7FFF7FFF7FFF7FFF7FFF7FFF7FFF7FFF7FFF7FFF7FFF7FFF7FFF7FFF7FFF7FFF7FFF7FFF7FFF7FFF7FFF7FFF7FFF7FFF7FFF7FFF7FFF7FFF7FFF7FFF
310
7FFF7FFF7FFF7FFF7FFF7FFF7FFF7FFF7FFF7FFF7FFF7FFF7FFF7FFF7FFF7FFF7FFF7FFF7FFF7FFF7FFF7FFF7FFF7FFF7FFF7FFF7FFF7FFF7FFF7FFF7FFF7FFF7FFF7FFF7FFF7FFF7FFF7FFF7FFF7FFF7FFF7FFF7FFF7FFF7FFF7FFF7FFF7FFF7FFF7FFF7FFF7FFF7FFF7FFF7FFF7FFF7FFF7FFF7FFF7FFF7FFF7FFF7FFF7F
310
FF7FFF7FFF7FFF7FFF7FFF7FFF7FFF7FFF7FFF7FFF7FFF7FFF7FFF7FFF7FFF7FFF7FFF7FFF7FFF7FFF7FFF7FFF7FFF7FFF7FFF7FFF7FFF7FFF7FFF7FFF7FFF7FFF7FFF7FFF7FFF7FFF7FFF7FFF7FFF7FFF7FFF7FFF7FFF7FFF7FFF7FFF7FFF7FFF7FFF7FFF7FFF7FFF7FFF7FFF7FFF7FFF7FFF7FFF7FFF7FFF7FFF7FFF7FFF
310
7FFF7FFF7FFF7FFF7FFF7FFF7FFF7FFF7FFF7FFF7FFF7FFF7FFF7FFF7FFF7FFF7FFF7FFF7FFF7FFF7FFF7FFF7FFF7FFF7FFF7FFF7FFF7FFF7FFF7FFF7FFF7FFF7FFF7FFF7FFF7FFF7FFF7FFF7FFF7FFF7FFF7FFF7FFF7FFF7FFF7FFF7FFF7FFF7FFF7FFF7FFF7FFF7FFF7FFF7FFF7FFF7FFF7FFF7FFF7FFF7FFF7FFF7FFF7F
310
FF7FFF7FFF7FFF7FFF7FFF7FFF7FFF7FFF7FFF7FFF7FFF7FFF7FFF7FFF7FFF7FFF7FFF7FFF7FFF7FFF7FFF7FFF7FFF7FFF7FFF7FFF7FFF7FFF7FFF7FFF7FFF7FFF7FFF7FFF7FFF7FFF7FFF7FFF7FFF7FFF7FFF7FFF7FFF7FFF7FFF7FFF7FFF7FFF7FFF7FFF7FFF7FFF7FFF7FFF7FFF7FFF7FFF7FFF7FFF7FFF7FFF7FFF7FFF
310
7FFF7FFF7FFF7FFF7FFF7FFF7FFF7FFF7FFF7FFF7FFF7FFF7FFF7FFF7FFF7FFF7FFF7FFF7FFF7FFF7FFF7FFF7FFF7FFF7FFF7FFF7FFF7FFF7FFF7FFF7FFF7FFF7FFF7FFF7FFF7FFF7FFF7FFF7FFF7FFF7FFF7FFF7FFF7FFF7FFF7FFF7FFF7FFF7FFF7FFF7FFF7FFF7FFF7FFF7FFF7FFF7FFF7FFF7FFF7FFF7FFF7FFF7FFF7F
310
FF7FFF7FFF7FFF7FFF7FFF7FFF7FFF7FFF7FFF7FFF7FFF7FFF7FFF7FFF7FFF7FFF7FFF7FFF7FFF7FFF7FFF7FFF7FFF7FFF7FFF7FFF7FFF7FFF7FFF7FFF7FFF7FFF7FFF7FFF7FFF7FFF7FFF7FFF7FFF7FFF7FFF7FFF7FFF7FFF7FFF7FFF7FFF7FFF7FFF7FFF7FFF7FFF7FFF7FFF7FFF7FFF7FFF7FFF7FFF7FFF7FFF7FFF7FFF
310
7FFF7FFF7FFF7FFF7FFF7FFF7FFF7FFF7FFF7FFF7FFF7FFF7FFF7FFF7FFF7FFF7FFF7FFF7FFF7FFF7FFF7FFF7FFF7FFF7FFF7FFF7FFF7FFF7FFF7FFF7FFF7FFF7FFF7FFF7FFF7FFF7FFF7FFF7FFF7FFF7FFF7FFF7FFF7FFF7FFF7FFF7FFF7FFF7FFF7FFF7FFF7FFF7FFF7FFF7FFF7FFF7FFF7FFF7FFF7FFF7FFF7FFF7FFF7F
310
FF7FFF7FFF7FFF7FFF7FFF7FFF7FFF7FFF7FFF7FFF7FFF7FFF7FFF7FFF7FFF7FFF7FFF7FFF7FFF7FFF7FFF7FFF7FFF7FFF7FFF7FFF7FFF7FFF7FFF7FFF7FFF7FFF7FFF7FFF7FFF7FFF7FFF7FFF7FFF7FFF7FFF7FFF7FFF7FFF7FFF7FFF7FFF7FFF7FFF7FFF7FFF7FFF7FFF7FFF7FFF7FFF7FFF7FFF7FFF7FFF7FFF7FFF7FFF
310
7FFF7FFF7FFF7FFF7FFF7FFF7FFF7FFF7FFF7FFF7FFF7FFF7FFF7FFF7FFF7FFF7FFF7FFF7FFF7FFF7FFF7FFF7FFF7FFF7FFF7FFF7FFF7FFF7FFF7FFF7FFF7FFF7FFF7FFF7FFF7FFF7FFF7FFF7FFF7FFF7FFF7FFF7FFF7FFF7FFF7FFF7FFF7FFF7FFF7FFF7FFF7FFF7FFF7FFF7FFF7FFF7FFF7FFF7FFF7FFF7FFF7FFF7FFF7F
310
FF7FFF7FFF7FFF7FFF7FFF7FFF7FFF7FFF7FFF7FFF7FFF7FFF7FFF7FFF7FFF7FFF7FFF7FFF7FFF7FFF7FFF7FFF7FFF7FFF7FFF7FFF7FFF7FFF7FFF7FFF7FFF7FFF7FFF7FFF7FFF7FFF7FFF7FFF7FFF7FFF7FFF7FFF7FFF7FFF7FFF7FFF7FFF7FFF7FFF7FFF7FFF7FFF7FFF7FFF7FFF7FFF7FFF7FFF7FFF7FFF7FFF7FFF7FFF
310
7FFF7FFF7FFF7FFF7FFF7FFF7FFF7FFF7FFF7FFF7FFF7FFF7FFF7FFF7FFF7FFF7FFF7FFF7FFF7FFF7FFF7FFF7FFF7FFF7FFF7FFF7FFF7FFF7FFF7FFF7FFF7FFF7FFF7FFF7FFF7FFF7FFF7FFF7FFF7FFF7FFF7FFF7FFF7FFF7FFF7FFF7FFF7FFF7FFF7FFF7FFF7FFF7FFF7FFF7FFF7FFF7FFF7FFF7FFF7FFF7FFF7FFF7FFF7F
310
FF7FFF7FFF7FFF7FFF7FFF7FFF7FFF7FFF7FFF7FFF7FFF7FFF7FFF7FFF7FFF7FFF7FFF7FFF7FFF7FFF7FFF7FFF7FFF7FFF7FFF7FFF7FFF7FFF7FFF7FFF7FFF7FFF7FFF7FFF7FFF7FFF7FFF7FFF7FFF7FFF7FFF7FFF7FFF7FFF7FFF7FFF7FFF7FFF7FFF7FFF7FFF7FFF7FFF7FFF7FFF7FFF7FFF7FFF7FFF7FFF7FFF7FFF7FFF
310
7FFF7FFF7FFF7FFF7FFF7FFF7FFF7FFF7FFF7FFF7FFF7FFF7FFF7FFF7FFF7FFF7FFF7FFF7FFF7FFF7FFF7FFF7FFF7FFF7FFF7FFF7FFF7FFF7FFF7FFF7FFF7FFF7FFF7FFF7FFF7FFF7FFF7FFF7FFF7FFF7FFF7FFF7FFF7FFF7FFF7FFF7FFF7FFF7FFF7FFF7FFF7FFF7FFF7FFF7FFF7FFF7FFF7FFF7FFF7FFF7FFF7FFF7FFF7F
310
FF7FFF7FFF7FFF7FFF7FFF7FFF7FFF7FFF7FFF7FFF7FFF7FFF7FFF7FFF7FFF7FFF7FFF7FFF7FFF7FFF7FFF7FFF7FFF7FFF7FFF7FFF7FFF7FFF7FFF7FFF7FFF7FFF7FFF7FFF7FFF7FFF7FFF7FFF7FFF7FFF7FFF7FFF7FFF7FFF7FFF7FFF7FFF7FFF7FFF7FFF7FFF7FFF7FFF7FFF7FFF7FFF7FFF7FFF7FFF7FFF7FFF7FFF7FFF
310
7FFF7FFF7FFF7FFF7FFF7FFF7FFF7FFF7FFF7FFF7FFF7FFF7FFF7FFF7FFF7FFF7FFF7FFF7FFF7FFF7FFF7FFF7FFF7FFF7FFF7FFF7FFF7FFF7FFF7FFF7FFF7FFF7FFF7FFF7FFF7FFF7FFF7FFF7FFF7FFF7FFF7FFF7FFF7FFF7FFF7FFF7FFF7FFF7FFF7FFF7FFF7FFF7FFF7FFF7FFF7FFF7FFF7FFF7FFF7FFF7FFF7FFF7FFF7F
310
FF7FFF7FFF7FFF7FFF7FFF7FFF7FFF7FFF7FFF7FFF7FFF7FFF7FFF7FFF7FFF7FFF7FFF7FFF7FFF7FFF7FFF7FFF7FFF7FFF7FFF7FFF7FFF7FFF7FFF7FFF7FFF7FFF7FFF7FFF7FFF7FFF7FFF7FFF7FFF7FFF7FFF7FFF7FFF7FFF7FFF7FFF7FFF7FFF7FFF7FFF7FFF7FFF7FFF7FFF7FFF7FFF7FFF7FFF7FFF7FFF7FFF7FFF7FFF
310
7FFF7FFF7FFF7FFF7FFF7FFF7FFF7FFF7FFF7FFF7FFF7FFF7FFF7FFF7FFF7FFF7FFF7FFF7FFF7FFF7FFF7FFF7FFF7FFF7FFF7FFF7FFF7FFF7FFF7FFF7FFF7FFF7FFF7FFF7FFF7FFF7FFF7FFF7FFF7FFF7FFF7FFF7FFF7FFF7FFF7FFF7FFF7FFF7FFF7FFF7FFF7FFF7FFF7FFF7FFF7FFF7FFF7FFF7FFF7FFF7FFF7FFF7FFF7F
310
FF7FFF7FFF7FFF7FFF7FFF7FFF7FFF7FFF7FFF7FFF7FFF7FFF7FFF7FFF7FFF7FFF7FFF7FFF7FFF7FFF7FFF7FFF7FFF7FFF7FFF7FFF7FFF7FFF7FFF7FFF7FFF7FFF7FFF7FFF7FFF7FFF7FFF7FFF7FFF7FFF7FFF7FFF7FFF7FFF7FFF7FFF7FFF7FFF7FFF7FFF7FFF7FFF7FFF7FFF7FFF7FFF7FFF7FFF7FFF7FFF7FFF7FFF7FFF
310
7FFF7FFF7FFF7FFF7FFF7FFF7FFF7FFF7FFF7FFF7FFF7FFF7FFF7FFF7FFF7FFF7FFF7FFF7FFF7FFF7FFF7FFF7FFF7FFF7FFF7FFF7FFF7FFF7FFF7FFF7FFF7FFF7FFF7FFF7FFF7FFF7FFF7FFF7FFF7FFF7FFF7FFF7FFF7FFF7FFF7FFF7FFF7FFF7FFF7FFF7FFF7FFF7FFF7FFF7FFF7FFF7FFF7FFF7FFF7FFF7FFF7FFF7FFF7F
310
FF7FFF7FFF7FFF7FFF7FFF7FFF7FFF7FFF7FFF7FFF7FFF7FFF7FFF7FFF7FFF7FFF7FFF7FFF7FFF7FFF7FFF7FFF7FFF7FFF7FFF7FFF7FFF7FFF7FFF7FFF7FFF7FFF7FFF7FFF7FFF7FFF7FFF7FFF7FFF7FFF7FFF7FFF7FFF7FFF7FFF7FFF7FFF7FFF7FFF7FFF7FFF7FFF7FFF7FFF7FFF7FFF7FFF7FFF7FFF7FFF7FFF7FFF7FFF
310
7FFF7FFF7FFF7FFF7FFF7FFF7FFF7FFF7FFF7FFF7FFF7FFF7FFF7FFF7FFF7FFF7FFF7FFF7FFF7FFF7FFF7FFF7FFF7FFF7FFF7FFF7FFF7FFF7FFF7FFF7FFF7FFF7FFF7FFF7FFF7FFF7FFF7FFF7FFF7FFF7FFF7FFF7FFF7FFF7FFF7FFF7FFF7FFF7FFF7FFF7FFF7FFF7FFF7FFF7FFF7FFF7FFF7FFF7FFF7FFF7FFF7FFF7FFF7F
310
FF7FFF7FFF7FFF7FFF7FFF7FFF7FFF7FFF7FFF7FFF7FFF7FFF7FFF7FFF7FFF7FFF7FFF7FFF7FFF7FFF7FFF7FFF7FFF7FFF7FFF7FFF7FFF7FFF7FFF7FFF7FFF7FFF7FFF7FFF7FFF7FFF7FFF7FFF7FFF7FFF7FFF7FFF7FFF7FFF7FFF7FFF7FFF7FFF7FFF7FFF7FFF7FFF7FFF7FFF7FFF7FFF7FFF7FFF7FFF7FFF7FFF7FFF7FFF
310
7FFF7FFF7FFF7FFF7FFF7FFF7FFF7FFF7FFF7FFF7FFF7FFF7FFF7FFF7FFF7FFF7FFF7FFF7FFF7FFF7FFF7FFF7FFF7FFF7FFF7FFF7FFF7FFF7FFF7FFF7FFF7FFF7FFF7FFF7FFF7FFF7FFF7FFF7FFF7FFF7FFF7FFF7FFF7FFF7FFF7FFF7FFF7FFF7FFF7FFF7FFF7FFF7FFF7FFF7FFF7FFF7FFF7FFF7FFF7FFF7FFF7FFF7FFF7F
310
FF7FFF7FFF7FFF7FFF7FFF7FFF7FFF7FFF7FFF7FFF7FFF7FFF7FFF7FFF7FFF7FFF7FFF7FFF7FFF7FFF7FFF7FFF7FFF7FFF7FFF7FFF7FFF7FFF7FFF7FFF7FFF7FFF7FFF7FFF7FFF7FFF7FFF7FFF7FFF7FFF7FFF7FFF7FFF7FFF7FFF7FFF7FFF7FFF7FFF7FFF7FFF7FFF7FFF7FFF7FFF7FFF7FFF7FFF7FFF7FFF7FFF7FFF7FFF
310
7FFF7FFF7FFF7FFF7FFF7FFF7FFF7FFF7FFF7FFF7FFF7FFF7FFF7FFF7FFF7FFF7FFF7FFF7FFF7FFF7FFF7FFF7FFF7FFF7FFF7FFF7FFF7FFF7FFF7FFF7FFF7FFF7FFF7FFF7FFF7FFF7FFF7FFF7FFF7FFF7FFF7FFF7FFF7FFF7FFF7FFF7FFF7FFF7FFF7FFF7FFF7FFF7FFF7FFF7FFF7FFF7FFF7FFF7FFF7FFF7FFF7FFF7FFF7F
310
FF7FFF7FFF7FFF7FFF7FFF7FFF7FFF7FFF7FFF7FFF7FFF7FFF7FFF7FFF7FFF7FFF7FFF7FFF7FFF7FFF7FFF7FFF7FFF7FFF7FFF7FFF7FFF7FFF7FFF7FFF7FFF7FFF7FFF7FFF7FFF7FFF7FFF7FFF7FFF7FFF7FFF7FFF7FFF7FFF7FFF7FFF7FFF7FFF7FFF7FFF7FFF7FFF7FFF7FFF7FFF7FFF7FFF7FFF7FFF7FFF7FFF7FFF7FFF
310
7FFF7FFF7FFF7FFF7FFF7FFF7FFF7FFF7FFF7FFF7FFF7FFF7FFF7FFF7FFF7FFF7FFF7FFF7FFF7FFF7FFF7FFF7FFF7FFF7FFF7FFF7FFF7FFF7FFF7FFF7FFF7FFF7FFF7FFF7FFF7FFF7FFF7FFF7FFF7FFF7FFF7FFF7FFF7FFF7FFF7FFF7FFF7FFF7FFF7FFF7FFF7FFF7FFF7FFF7FFF7FFF7FFF7FFF7FFF7FFF7FFF7FFF7FFF7F
310
FF7FFF7FFF7FFF7FFF7FFF7FFF7FFF7FFF7FFF7FFF7FFF7FFF7FFF7FFF7FFF7FFF7FFF7FFF7FFF7FFF7FFF7FFF7FFF7FFF7FFF7FFF7FFF7FFF7FFF7FFF7FFF7FFF7FFF7FFF7FFF7FFF7FFF7FFF7FFF7FFF7FFF7FFF7FFF7FFF7FFF7FFF7FFF7FFF7FFF7FFF7FFF7FFF7FFF7FFF7FFF7FFF7FFF7FFF7FFF7FFF7FFF7FFF7FFF
310
7FFF7FFF7FFF7FFF7FFF7FFF7FFF7FFF7FFF7FFF7FFF7FFF7FFF7FFF7FFF7FFF7FFF7FFF7FFF7FFF7FFF7FFF7FFF7FFF7FFF7FFF7FFF7FFF7FFF7FFF7FFF7FFF7FFF7FFF7FFF7FFF7FFF7FFF7FFF7FFF7FFF7FFF7FFF7FFF7FFF7FFF7FFF7FFF7FFF7FFF7FFF7FFF7FFF7FFF7FFF7FFF7FFF7FFF7FFF7FFF7FFF7FFF7FFF7F
310
FF7FFF7FFF7FFF7FFF7FFF7FFF7FFF7FFF7FFF7FFF7FFF7FFF7FFF7FFF7FFF7FFF7FFF7FFF7FFF7FFF7FFF7FFF7FFF7FFF7FFF7FFF7FFF7FFF7FFF7FFF7FFF7FFF7FFF7FFF7FFF7FFF7FFF7FFF7FFF7FFF7FFF7FFF7FFF7FFF7FFF7FFF7FFF7FFF7FFF7FFF7FFF7FFF7FFF7FFF7FFF7FFF7FFF7FFF7FFF7FFF7FFF7FFF7FFF
310
7FFF7FFF7FFF7FFF7FFF7FFF7FFF7FFF7FFF7FFF7FFF7FFF7FFF7FFF7FFF7FFF7FFF7FFF7FFF7FFF7FFF7FFF7FFF7FFF7FFF7FFF7FFF7FFF7FFF7FFF7FFF7FFF7FFF7FFF7FFF7FFF7FFF7FFF7FFF7FFF7FFF7FFF7FFF7FFF7FFF7FFF7FFF7FFF7FFF7FFF7FFF7FFF7FFF7FFF7FFF7FFF7FFF7FFF7FFF7FFF7FFF7FFF7FFF7F
310
FF7FFF7FFF7FFF7FFF7FFF7FFF7FFF7FFF7FFF7FFF7FFF7FFF7FFF7FFF7FFF7FFF7FFF7FFF7FFF7FFF7FFF7FFF7FFF7FFF7FFF7FFF7FFF7FFF7FFF7FFF7FFF7FFF7FFF7FFF7FFF7FFF7FFF7FFF7FFF7FFF7FFF7FFF7FFF7FFF7FFF7FFF7FFF7FFF7FFF7FFF7FFF7FFF7FFF7FFF7FFF7FFF7FFF7FFF7FFF7FFF7FFF7FFF7FFF
310
7FFF7FFF7FFF7FFF7FFF7FFF7FFF7FFF7FFF7FFF7FFF7FFF7FFF7FFF7FFF7FFF7FFF7FFF7FFF7FFF7FFF7FFF7FFF7FFF7FFF7FFF7FFF7FFF7FFF7FFF7FFF7FFF7FFF7FFF7FFF7FFF7FFF7FFF7FFF7FFF7FFF7FFF7FFF7FFF7FFF7FFF7FFF7FFF7FFF7FFF7FFF7FFF7FFF7FFF7FFF7FFF7FFF7FFF7FFF7FFF7FFF7FFF7FFF7F
310
FF7FFF7FFF7FFF7FFF7FFF7FFF7FFF7FFF7FFF7FFF7FFF7FFF7FFF7FFF7FFF7FFF7FFF7FFF7FFF7FFF7FFF7FFF7FFF7FFF7FFF7FFF7FFF7FFF7FFF7FFF7FFF7FFF7FFF7FFF7FFF7FFF7FFF7FFF7FFF7FFF7FFF7FFF7FFF7FFF7FFF7FFF7FFF7FFF7FFF7FFF7FFF7FFF7FFF7FFF7FFF7FFF7FFF7FFF7FFF7FFF7FFF7FFF7FFF
310
7FFF7FFF7FFF7FFF7FFF7FFF7FFF7FFF7FFF7FFF7FFF7FFF7FFF7FFF7FFF7FFF7FFF7FFF7FFF7FFF7FFF7FFF7FFF7FFF7FFF7FFF7FFF7FFF7FFF7FFF7FFF7FFF7FFF7FFF7FFF7FFF7FFF7FFF7FFF7FFF7FFF7FFF7FFF7FFF7FFF7FFF7FFF7FFF7FFF7FFF7FFF7FFF7FFF7FFF7FFF7FFF7FFF7FFF7FFF7FFF7FFF7FFF7FFF7F
310
FF7FFF7FFF7FFF7FFF7FFF7FFF7FFF7FFF7FFF7FFF7FFF7FFF7FFF7FFF7FFF7FFF7FFF7FFF7FFF7FFF7FFF7FFF7FFF7FFF7FFF7FFF7FFF7FFF7FFF7FFF7FFF7FFF7FFF7FFF7FFF7FFF7FFF7FFF7FFF7FFF7FFF7FFF7FFF7FFF7FFF7FFF7FFF7FFF7FFF7FFF7FFF7FFF7FFF7FFF7FFF7FFF7FFF7FFF7FFF7FFF7FFF7FFF7FFF
310
7FFF7FFF7FFF7FFF7FFF7FFF7FFF7FFF7FFF7FFF7FFF7FFF7FFF7FFF7FFF7FFF7FFF7FFF7FFF7FFF7FFF7FFF7FFF7FFF7FFF7FFF7FFF7FFF7FFF7FFF7FFF7FFF7FFF7FFF7FFF7FFF7FFF7FFF7FFF7FFF7FFF7FFF7FFF7FFF7FFF7FFF7FFF7FFF7FFF7FFF7FFF7FFF7FFF7FFF7FFF7FFF7FFF7FFF7FFF7FFF7FFF7FFF7FFF7F
310
FF7FFF7FFF7FFF7FFF7FFF7FFF7FFF7FFF7FFF7FFF7FFF7FFF7FFF7FFF7FFF7FFF7FFF7FFF7FFF7FFF7FFF7FFF7FFF7FFF7FFF7FFF7FFF7FFF7FFF7FFF7FFF7FFF7FFF7FFF7FFF7FFF7FFF7FFF7FFF7FFF7FFF7FFF7FFF7FFF7FFF7FFF7FFF7FFF7FFF7FFF7FFF7FFF7FFF7FFF7FFF7FFF7FFF7FFF7FFF7FFF7FFF7FFF7FFF
310
7FFF7FFF7FFF7FFF7FFF7FFF7FFF7FFF7FFF7FFF7FFF7FFF7FFF7FFF7FFF7FFF7FFF7FFF7FFF7FFF7FFF7FFF7FFF7FFF7FFF7FFF7FFF7FFF7FFF7FFF7FFF7FFF7FFF7FFF7FFF7FFF7FFF7FFF7FFF7FFF7FFF7FFF7FFF7FFF7FFF7FFF7FFF7FFF7FFF7FFF7FFF7FFF7FFF7FFF7FFF7FFF7FFF7FFF7FFF7FFF7FFF7FFF7FFF7F
310
FF7FFF7FFF7FFF7FFF7FFF7FFF7FFF7FFF7FFF7FFF7FFF7FFF7FFF7FFF7FFF7FFF7FFF7FFF7FFF7FFF7FFF7FFF7FFF7FFF7FFF7FFF7FFF7FFF7FFF7FFF7FFF7FFF7FFF7FFF7FFF7FFF7FFF7FFF7FFF7FFF7FFF7FFF7FFF7FFF7FFF7FFF7FFF7FFF7FFF7FFF7FFF7FFF7FFF7FFF7FFF7FFF7FFF7FFF7FFF7FFF7FFF7FFF7FFF
310
7FFF7FFF7FFF7FFF7FFF7FFF7FFF7FFF7FFF7FFF7FFF7FFF7FFF7FFF7FFF7FFF7FFF7FFF7FFF7FFF7FFF7FFF7FFF7FFF7FFF7FFF7FFF7FFF7FFF7FFF7FFF7FFF7FFF7FFF7FFF7FFF7FFF7FFF7FFF7FFF7FFF7FFF7FFF7FFF7FFF7FFF7FFF7FFF7FFF7FFF7FFF7FFF7FFF7FFF7FFF7FFF7FFF7FFF7FFF7FFF7FFF7FFF7FFF7F
310
FF7FFF7FFF7FFF7FFF7FFF7FFF7FFF7FFF7FFF7FFF7FFF7FFF7FFF7FFF7FFF7FFF7FFF7FFF7FFF7FFF7FFF7FFF7FFF7FFF7FFF7FFF7FFF7FFF7FFF7FFF7FFF7FFF7FFF7FFF7FFF7FFF7FFF7FFF7FFF7FFF7FFF7FFF7FFF7FFF7FFF7FFF7FFF7FFF7FFF7FFF7FFF7FFF7FFF7FFF7FFF7FFF7FFF7FFF7FFF7FFF7FFF7FFF7FFF
310
7FFF7FFF7FFF7FFF7FFF7FFF7FFF7FFF7FFF7FFF7FFF7FFF7FFF7FFF7FFF7FFF7FFF7FFF7FFF7FFF7FFF7FFF7FFF7FFF7FFF7FFF7FFF7FFF7FFF7FFF7FFF7FFF7FFF7FFF7FFF7FFF7FFF7FFF7FFF7FFF7FFF7FFF7FFF7FFF7FFF7FFF7FFF7FFF7FFF7FFF7FFF7FFF7FFF7FFF7FFF7FFF7FFF7FFF7FFF7FFF7FFF7FFF7FFF7F
310
FF7FFF7FFF7FFF7FFF7FFF7FFF7FFF7FFF7FFF7FFF7FFF7FFF7FFF7FFF7FFF7FFF7FFF7FFF7FFF7FFF7FFF7FFF7FFF7FFF7FFF7FFF7FFF7FFF7FFF7FFF7FFF7FFF7FFF7FFF7FFF7FFF7FFF7FFF7FFF7FFF7FFF7FFF7FFF7FFF7FFF7FFF7FFF7FFF7FFF7FFF7FFF7FFF7FFF7FFF7FFF7FFF7FFF7FFF7FFF7FFF7FFF7FFF7FFF
310
7FFF7FFF7FFF7FFF7FFF7FFF7FFF7FFF7FFF7FFF7FFF7FFF7FFF7FFF7FFF7FFF7FFF7FFF7FFF7FFF7FFF7FFF7FFF7FFF7FFF7FFF7FFF7FFF7FFF7FFF7FFF7FFF7FFF7FFF7FFF7FFF7FFF7FFF7FFF7FFF7FFF7FFF7FFF7FFF7FFF7FFF7FFF7FFF7FFF7FFF7FFF7FFF7FFF7FFF7FFF7FFF7FFF7FFF7FFF7FFF7FFF7FFF7FFF7F
310
FF7FFF7FFF7FFF7FFF7FFF7FFF7FFF7FFF7FFF7FFF7FFF7FFF7FFF7FFF7FFF7FFF7FFF7FFF7FFF7FFF7FFF7FFF7FFF7FFF7FFF7FFF7FFF7FFF7FFF7FFF7FFF7FFF7FFF7FFF7FFF7FFF7FFF7FFF7FFF7FFF7FFF7FFF7FFF7FFF7FFF7FFF7FFF7FFF7FFF7FFF7FFF7FFF7FFF7FFF7FFF7FFF7FFF7FFF7FFF7FFF7FFF7FFF7FFF
310
7FFF7FFF7FFF7FFF7FFF7FFF7FFF7FFF7FFF7FFF7FFF7FFF7FFF7FFF7FFF7FFF7FFF7FFF7FFF7FFF7FFF7FFF7FFF7FFF7FFF7FFF7FFF7FFF7FFF7FFF7FFF7FFF7FFF7FFF7FFF7FFF7FFF7FFF7FFF7FFF7FFF7FFF7FFF7FFF7FFF7FFF7FFF7FFF7FFF7FFF7FFF7FFF7FFF7FFF7FFF7FFF7FFF7FFF7FFF7FFF7FFF7FFF7FFF7F
310
FF7FFF7FFF7FFF7FFF7FFF7FFF7FFF7FFF7FFF7FFF7FFF7FFF7FFF7FFF7FFF7FFF7FFF7FFF7FFF7FFF7FFF7FFF7FFF7FFF7FFF7FFF7FFF7FFF7FFF7FFF7FFF7FFF7FFF7FFF7FFF7FFF7FFF7FFF7FFF7FFF7FFF7FFF7FFF7FFF7FFF7FFF7FFF7FFF7FFF7FFF7FFF7FFF7FFF7FFF7FFF7FFF7FFF7FFF7FFF7FFF7FFF7FFF7FFF
310
7FFF7FFF7FFF7FFF7FFF7FFF7FFF7FFF7FFF7FFF7FFF7FFF7FFF7FFF7FFF7FFF7FFF7FFF7FFF7FFF7FFF7FFF7FFF7FFF7FFF7FFF7FFF7FFF7FFF7FFF7FFF7FFF7FFF7FFF7FFF7FFF7FFF7FFF7FFF7FFF7FFF7FFF7FFF7FFF7FFF7FFF7FFF7FFF7FFF7FFF7FFF7FFF7FFF7FFF7FFF7FFF7FFF7FFF7FFF7FFF7FFF7FFF7FFF7F
310
FF7FFF7FFF7FFF7FFF7FFF7FFF7FFF7FFF7FFF7FFF7FFF7FFF7FFF7FFF7FFF7FFF7FFF7FFF7FFF7FFF7FFF7FFF7FFF7FFF7FFF7FFF7FFF7FFF7FFF7FFF7FFF7FFF7FFF7FFF7FFF7FFF7FFF7FFF7FFF7FFF7FFF7FFF7FFF7FFF7FFF7FFF7FFF7FFF7FFF7FFF7FFF7FFF7FFF7FFF7FFF7FFF7FFF7FFF7FFF7FFF7FFF7FFF7FFF
310
7FFF7FFF7FFF7FFF7FFF7FFF7FFF7FFF7FFF7FFF7FFF7FFF7FFF7FFF7FFF7FFF7FFF7FFF7FFF7FFF7FFF7FFF7FFF7FFF7FFF7FFF7FFF7FFF7FFF7FFF7FFF7FFF7FFF7FFF7FFF7FFF7FFF7FFF7FFF7FFF7FFF7FFF7FFF7FFF7FFF7FFF7FFF7FFF7FFF7FFF7FFF7FFF7FFF7FFF7FFF7FFF7FFF7FFF7FFF7FFF7FFF7FFF7FFF7F
310
FF7FFF7FFF7FFF7FFF7FFF7FFF7FFF7FFF7FFF7FFF7FFF7FFF7FFF7FFF7FFF7FFF7FFF7FFF7FFF7FFF7FFF7FFF7FFF7FFF7FFF7FFF7FFF7FFF7FFF7FFF7FFF7FFF7FFF7FFF7FFF7FFF7FFF7FFF7FFF7FFF7FFF7FFF7FFF7FFF7FFF7FFF7FFF7FFF7FFF7FFF7FFF7FFF7FFF7FFF7FFF7FFF7FFF7FFF7FFF7FFF7FFF7FFF7FFF
310
7FFF7FFF7FFF7FFF7FFF7FFF7FFF7FFF7FFF7FFF7FFF7FFF7FFF7FFF7FFF7FFF7FFF7FFF7FFF7FFF7FFF7FFF7FFF7FFF7FFF7FFF7FFF7FFF7FFF7FFF7FFF7FFF7FFF7FFF7FFF7FFF7FFF7FFF7FFF7FFF7FFF7FFF7FFF7FFF7FFF7FFF7FFF7FFF7FFF7FFF7FFF7FFF7FFF7FFF7FFF7FFF7FFF7FFF7FFF7FFF7FFF7FFF7FFF7F
310
FF7FFF7FFF7FFF7FFF7FFF7FFF7FFF7FFF7FFF7FFF7FFF7FFF7FFF7FFF7FFF7FFF7FFF7FFF7FFF7FFF7FFF7FFF7FFF7FFF7FFF7FFF7FFF7FFF7FFF7FFF7FFF7FFF7FFF7FFF7FFF7FFF7FFF7FFF7FFF7FFF7FFF7FFF7FFF7FFF7FFF7FFF7FFF7FFF7FFF7FFF7FFF7FFF7FFF7FFF7FFF7FFF7FFF7FFF7FFF7FFF7FFF7FFF7FFF
310
7FFF7FFF7FFF7FFF7FFF7FFF7FFF7FFF7FFF7FFF7FFF7FFF7FFF7FFF7FFF7FFF7FFF7FFF7FFF7FFF7FFF7FFF7FFF7FFF7FFF7FFF7FFF7FFF7FFF7FFF7FFF7FFF7FFF7FFF7FFF7FFF7FFF7FFF7FFF7FFF7FFF7FFF7FFF7FFF7FFF7FFF7FFF7FFF7FFF7FFF7FFF7FFF7FFF7FFF7FFF7FFF7FFF7FFF7FFF7FFF7FFF7FFF7FFF7F
310
FF7FFF7FFF7FFF7FFF7FFF7FFF7FFF7FFF7FFF7FFF7FFF7FFF7FFF7FFF7FFF7FFF7FFF7FFF7FFF7FFF7FFF7FFF7FFF7FFF7FFF7FFF7FFF7FFF7FFF7FFF7FFF7FFF7FFF7FFF7FFF7FFF7FFF7FFF7FFF7FFF7FFF7FFF7FFF7FFF7FFF7FFF7FFF7FFF7FFF7FFF7FFF7FFF7FFF7FFF7FFF7FFF7FFF7FFF7FFF7FFF7FFF7FFF7FFF
310
7FFF7FFF7FFF7FFF7FFF7FFF7FFF7FFF7FFF7FFF7FFF7FFF7FFF7FFF7FFF7FFF7FFF7FFF7FFF7FFF7FFF7FFF7FFF7FFF7FFF7FFF7FFF7FFF7FFF7FFF7FFF7FFF7FFF7FFF7FFF7FFF7FFF7FFF7FFF7FFF7FFF7FFF7FFF7FFF7FFF7FFF7FFF7FFF7FFF7FFF7FFF7FFF7FFF7FFF7FFF7FFF7FFF7FFF7FFF7FFF7FFF7FFF7FFF7F
310
FF7FFF7FFF7FFF7FFF7FFF7FFF7FFF7FFF7FFF7FFF7FFF7FFF7FFF7FFF7FFF7FFF7FFF7FFF7FFF7FFF7FFF7FFF7FFF7FFF7FFF7FFF7FFF7FFF7FFF7FFF7FFF7FFF7FFF7FFF7FFF7FFF7FFF7FFF7FFF7FFF7FFF7FFF7FFF7FFF7FFF7FFF7FFF7FFF7FFF7FFF7FFF7FFF7FFF7FFF7FFF7FFF7FFF7FFF7FFF7FFF7FFF7FFF7FFF
310
7FFF7FFF7FFF7FFF7FFF7FFF7FFF7FFF7FFF7FFF7FFF7FFF7FFF7FFF7FFF7FFF7FFF7FFF7FFF7FFF7FFF7FFF7FFF7FFF7FFF7FFF7FFF7FFF7FFF7FFF7FFF7FFF7FFF7FFF7FFF7FFF7FFF7FFF7FFF7FFF7FFF7FFF7FFF7FFF7FFF7FFF7FFF7FFF7FFF7FFF7FFF7FFF7FFF7FFF7FFF7FFF7FFF7FFF7FFF7FFF7FFF7FFF7FFF7F
310
FF7FFF7FFF7FFF7FFF7FFF7FFF7FFF7FFF7FFF7FFF7FFF7FFF7FFF7FFF7FFF7FFF7FFF7FFF7FFF7FFF7FFF7FFF7FFF7FFF7FFF7FFF7FFF7FFF7FFF7FFF7FFF7FFF7FFF7FFF7FFF7FFF7FFF7FFF7FFF7FFF7FFF7FFF7FFF7FFF7FFF7FFF7FFF7FFF7FFF7FFF7FFF7FFF7FFF7FFF7FFF7FFF7FFF7FFF7FFF7FFF7FFF7FFF7FFF
310
7FFF7FFF7FFF7FFF7FFF7FFF7FFF7FFF7FFF7FFF7FFF7FFF7FFF7FFF7FFF7FFF7FFF7FFF7FFF7FFF7FFF7FFF7FFF7FFF7FFF7FFF7FFF7FFF7FFF7FFF7FFF7FFF7FFF7FFF7FFF7FFF7FFF7FFF7FFF7FFF7FFF7FFF7FFF7FFF7FFF7FFF7FFF7FFF7FFF7FFF7FFF7FFF7FFF7FFF7FFF7FFF7FFF7FFF7FFF7FFF7FFF7FFF7FFF7F
310
FF7FFF7FFF7FFF7FFF7FFF7FFF7FFF7FFF7FFF7FFF7FFF7FFF7FFF7FFF7FFF7FFF7FFF7FFF7FFF7FFF7FFF7FFF7FFF7FFF7FFF7FFF7FFF7FFF7FFF7FFF7FFF7FFF7FFF7FFF7FFF7FFF7FFF7FFF7FFF7FFF7FFF7FFF7FFF7FFF7FFF7FFF7FFF7FFF7FFF7FFF7FFF7FFF7FFF7FFF7FFF7FFF7FFF7FFF7FFF7FFF7FFF7FFF7FFF
310
7FFF7FFF7FFF7FFF7FFF7FFF7FFF7FFF7FFF7FFF7FFF7FFF7FFF7FFF7FFF7FFF7FFF7FFF7FFF7FFF7FFF7FFF7FFF7FFF7FFF7FFF7FFF7FFF7FFF7FFF7FFF7FFF7FFF7FFF7FFF7FFF7FFF7FFF7FFF7FFF7FFF7FFF7FFF7FFF7FFF7FFF7FFF7FFF7FFF7FFF7FFF7FFF7FFF7FFF7FFF7FFF7FFF7FFF7FFF7FFF7FFF7FFF7FFF7F
310
FF7FFF7FFF7FFF7FFF7FFF7FFF7FFF7FFF7FFF7FFF7FFF7FFF7FFF7FFF7FFF7FFF7FFF7FFF7FFF7FFF7FFF7FFF7FFF7FFF7FFF7FFF7FFF7FFF7FFF7FFF7FFF7FFF7FFF7FFF7FFF7FFF7FFF7FFF7FFF7FFF7FFF7FFF7FFF7FFF7FFF7FFF7FFF7FFF7FFF7FFF7FFF7FFF7FFF7FFF7FFF7FFF7FFF7FFF7FFF7FFF7FFF7FFF7FFF
310
7FFF7FFF7FFF7FFF7FFF7FFF7FFF7FFF7FFF7FFF7FFF7FFF7FFF7FFF7FFF7FFF7FFF7FFF7FFF7FFF7FFF7FFF7FFF7FFF7FFF7FFF7FFF7FFF7FFF7FFF7FFF7FFF7FFF7FFF7FFF7FFF7FFF7FFF7FFF7FFF7FFF7FFF7FFF7FFF7FFF7FFF7FFF7FFF7FFF7FFF7FFF7FFF7FFF7FFF7FFF7FFF7FFF7FFF7FFF7FFF7FFF7FFF7FFF7F
310
FF7FFF7FFF7FFF7FFF7FFF7FFF7FFF7FFF7FFF7FFF7FFF7FFF7FFF7FFF7FFF7FFF7FFF7FFF7FFF7FFF7FFF7FFF7FFF7FFF7FFF7FFF7FFF7FFF7FFF7FFF7FFF7FFF7FFF7FFF7FFF7FFF7FFF7FFF7FFF7FFF7FFF7FFF7FFF7FFF7FFF7FFF7FFF7FFF7FFF7FFF7FFF7FFF7FFF7FFF7FFF7FFF7FFF7FFF7FFF7FFF7FFF7FFF7FFF
310
7FFF7FFF7FFF7FFF7FFF7FFF7FFF7FFF7FFF7FFF7FFF7FFF7FFF7FFF7FFF7FFF7FFF7FFF7FFF7FFF7FFF7FFF7FFF7FFF7FFF7FFF7FFF7FFF7FFF7FFF7FFF7FFF7FFF7FFF7FFF7FFF7FFF7FFF7FFF7FFF7FFF7FFF7FFF7FFF7FFF7FFF7FFF7FFF7FFF7FFF7FFF7FFF7FFF7FFF7FFF7FFF7FFF7FFF7FFF7FFF7FFF7FFF7FFF7F
310
FF7FFF7FFF7FFF7FFF7FFF7FFF7FFF7FFF7FFF7FFF7FFF7FFF7FFF7FFF7FFF7FFF7FFF7FFF7FFF7FFF7FFF7FFF7FFF7FFF7FFF7FFF7FFF7FFF7FFF7FFF7FFF7FFF7FFF7FFF7FFF7FFF7FFF7FFF7FFF7FFF7FFF7FFF7FFF7FFF7FFF7FFF7FFF7FFF7FFF7FFF7FFF7FFF7FFF7FFF7FFF7FFF7FFF7FFF7FFF7FFF7FFF7FFF7FFF
310
7FFF7FFF7FFF7FFF7FFF7FFF7FFF7FFF7FFF7FFF7FFF7FFF7FFF7FFF7FFF7FFF7FFF7FFF7FFF7FFF7FFF7FFF7FFF7FFF7FFF7FFF7FFF7FFF7FFF7FFF7FFF7FFF7FFF7FFF7FFF7FFF7FFF7FFF7FFF7FFF7FFF7FFF7FFF7FFF7FFF7FFF7FFF7FFF7FFF7FFF7FFF7FFF7FFF7FFF7FFF7FFF7FFF7FFF7FFF7FFF7FFF7FFF7FFF7F
310
FF7FFF7FFF7FFF7FFF7FFF7FFF7FFF7FFF7FFF7FFF7FFF7FFF7FFF7FFF7FFF7FFF7FFF7FFF7FFF7FFF7FFF7FFF7FFF7FFF7FFF7FFF7FFF7FFF7FFF7FFF7FFF7FFF7FFF7FFF7FFF7FFF7FFF7FFF7FFF7FFF7FFF7FFF7FFF7FFF7FFF7FFF7FFF7FFF7FFF7FFF7FFF7FFF7FFF7FFF7FFF7FFF7FFF7FFF7FFF7FFF7FFF7FFF7FFF
310
7FFF7FFF7FFF7FFF7FFF7FFF7FFF7FFF7FFF7FFF7FFF7FFF7FFF7FFF7FFF7FFF7FFF7FFF7FFF7FFF7FFF7FFF7FFF7FFF7FFF7FFF7FFF7FFF7FFF7FFF7FFF7FFF7FFF7FFF7FFF7FFF7FFF7FFF7FFF7FFF7FFF7FFF7FFF7FFF7FFF7FFF7FFF7FFF7FFF7FFF7FFF7FFF7FFF7FFF7FFF7FFF7FFF7FFF7FFF7FFF7FFF7FFF7FFF7F
310
FF7FFF7FFF7FFF7FFF7FFF7FFF7FFF7FFF7FFF7FFF7FFF7FFF7FFF7FFF7FFF7FFF7FFF7FFF7FFF7FFF7FFF7FFF7FFF7FFF7FFF7FFF7FFF7FFF7FFF7FFF7FFF7FFF7FFF7FFF7FFF7FFF7FFF7FFF7FFF7FFF7FFF7FFF7FFF7FFF7FFF7FFF7FFF7FFF7FFF7FFF7FFF7FFF7FFF7FFF7FFF7FFF7FFF7FFF7FFF7FFF7FFF7FFF7FFF
310
7FFF7FFF7FFF7FFF7FFF7FFF7FFF7FFF7FFF7FFF7FFF7FFF7FFF7FFF7FFF7FFF7FFF7FFF7FFF7FFF7FFF7FFF7FFF7FFF7FFF7FFF7FFF7FFF7FFF7FFF7FFF7FFF7FFF7FFF7FFF7FFF7FFF7FFF7FFF7FFF7FFF7FFF7FFF7FFF7FFF7FFF7FFF7FFF7FFF7FFF7FFF7FFF7FFF7FFF7FFF7FFF7FFF7FFF7FFF7FFF7FFF7FFF7FFF7F
310
FF7FFF7FFF7FFF7FFF7FFF7FFF7FFF7FFF7FFF7FFF7FFF7FFF7FFF7FFF7FFF7FFF7FFF7FFF7FFF7FFF7FFF7FFF7FFF7FFF7FFF7FFF7FFF7FFF7FFF7FFF7FFF7FFF7FFF7FFF7FFF7FFF7FFF7FFF7FFF7FFF7FFF7FFF7FFF7FFF7FFF7FFF7FFF7FFF7FFF7FFF7FFF7FFF7FFF7FFF7FFF7FFF7FFF7FFF7FFF7FFF7FFF7FFF7FFF
310
7FFF7FFF7FFF7FFF7FFF7FFF7FFF7FFF7FFF7FFF7FFF7FFF7FFF7FFF7FFF7FFF7FFF7FFF7FFF7FFF7FFF7FFF7FFF7FFF7FFF7FFF7FFF7FFF7FFF7FFF7FFF7FFF7FFF7FFF7FFF7FFF7FFF7FFF7FFF7FFF7FFF7FFF7FFF7FFF7FFF7FFF7FFF7FFF7FFF7FFF7FFF7FFF7FFF7FFF7FFF7FFF7FFF7FFF7FFF7FFF7FFF7FFF7FFF7F
310
FF7FFF7FFF7FFF7FFF7FFF7FFF7FFF7FFF7FFF7FFF7FFF7FFF7FFF7FFF7FFF7FFF7FFF7FFF7FFF7FFF7FFF7FFF7FFF7FFF7FFF7FFF7FFF7FFF7FFF7FFF7FFF7FFF7FFF7FFF7FFF7FFF7FFF7FFF7FFF7FFF7FFF7FFF7FFF7FFF7FFF7FFF7FFF7FFF7FFF7FFF7FFF7FFF7FFF7FFF7FFF7FFF7FFF7FFF7FFF7FFF7FFF7FFF7FFF
310
7FFF7FFF7FFF7FFF7FFF7FFF7FFF7FFF7FFF7FFF7FFF7FFF7FFF7FFF7FFF7FFF7FFF7FFF7FFF7FFF7FFF7FFF7FFF7FFF7FFF7FFF7FFF7FFF7FFF7FFF7FFF7FFF7FFF7FFF7FFF7FFF7FFF7FFF7FFF7FFF7FFF7FFF7FFF7FFF7FFF7FFF7FFF7FFF7FFF7FFF7FFF7FFF7FFF7FFF7FFF7FFF7FFF7FFF7FFF7FFF7FFF7FFF7FFF7F
310
FF7FFF7FFF7FFF7FFF7FFF7FFF7FFF7FFF7FFF7FFF7FFF7FFF7FFF7FFF7FFF7FFF7FFF7FFF7FFF7FFF7FFF7FFF7FFF7FFF7FFF7FFF7FFF7FFF7FFF7FFF7FFF7FFF7FFF7FFF7FFF7FFF7FFF7FFF7FFF7FFF7FFF7FFF7FFF7FFF7FFF7FFF7FFF7FFF7FFF7FFF7FFF7FFF7FFF7FFF7FFF7FFF7FFF7FFF7FFF7FFF7FFF7FFF7FFF
310
7FFF7FFF7FFF7FFF7FFF7FFF7FFF7FFF7FFF7FFF7FFF7FFF7FFF7FFF7FFF7FFF7FFF7FFF7FFF7FFF7FFF7FFF7FFF7FFF7FFF7FFF7FFF7FFF7FFF7FFF7FFF7FFF7FFF7FFF7FFF7FFF7FFF7FFF7FFF7FFF7FFF7FFF7FFF7FFF7FFF7FFF7FFF7FFF7FFF7FFF7FFF7FFF7FFF7FFF7FFF7FFF7FFF7FFF7FFF7FFF7FFF7FFF7FFF7F
310
FF7FFF7FFF7FFF7FFF7FFF7FFF7FFF7FFF7FFF7FFF7FFF7FFF7FFF7FFF7FFF7FFF7FFF7FFF7FFF7FFF7FFF7FFF7FFF7FFF7FFF7FFF7FFF7FFF7FFF7FFF7FFF7FFF7FFF7FFF7FFF7FFF7FFF7FFF7FFF7FFF7FFF7FFF7FFF7FFF7FFF7FFF7FFF7FFF7FFF7FFF7FFF7FFF7FFF7FFF7FFF7FFF7FFF7FFF7FFF7FFF7FFF7FFF7FFF
310
7FFF7FFF7FFF7FFF7FFF7FFF7FFF7FFF7FFF7FFF7FFF7FFF7FFF7FFF7FFF7FFF7FFF7FFF7FFF7FFF7FFF7FFF7FFF7FFF7FFF7FFF7FFF7FFF7FFF7FFF7FFF7FFF7FFF7FFF7FFF7FFF7FFF7FFF7FFF7FFF7FFF7FFF7FFF7FFF7FFF7FFF7FFF7FFF7FFF7FFF7FFF7FFF7FFF7FFF7FFF7FFF7FFF7FFF7FFF7FFF7FFF7FFF7FFF7F
310
FF7FFF7FFF7FFF7FFF7FFF7FFF7FFF7FFF7FFF7FFF7FFF7FFF7FFF7FFF7FFF7FFF7FFF7FFF7FFF7FFF7FFF7FFF7FFF7FFF7FFF7FFF7FFF7FFF7FFF7FFF7FFF7FFF7FFF7FFF7FFF7FFF7FFF7FFF7FFF7FFF7FFF7FFF7FFF7FFF7FFF7FFF7FFF7FFF7FFF7FFF7FFF7FFF7FFF7FFF7FFF7FFF7FFF7FFF7FFF7FFF7FFF7FFF7FFF
310
7FFF7FFF7FFF7FFF7FFF7FFF7FFF7FFF7FFF7FFF7FFF7FFF7FFF7FFF7FFF7FFF7FFF7FFF7FFF7FFF7FFF7FFF7FFF7FFF7FFF7FFF7FFF7FFF7FFF7FFF7FFF7FFF7FFF7FFF7FFF7FFF7FFF7FFF7FFF7FFF7FFF7FFF7FFF7FFF7FFF7FFF7FFF7FFF7FFF7FFF7FFF7FFF7FFF7FFF7FFF7FFF7FFF7FFF7FFF7FFF7FFF7FFF7FFF7F
310
FF7FFF7FFF7FFF7FFF7FFF7FFF7FFF7FFF7FFF7FFF7FFF7FFF7FFF7FFF7FFF7FFF7FFF7FFF7FFF7FFF7FFF7FFF7FFF7FFF7FFF7FFF7FFF7FFF7FFF7FFF7FFF7FFF7FFF7FFF7FFF7FFF7FFF7FFF7FFF7FFF7FFF7FFF7FFF7FFF7FFF7FFF7FFF7FFF7FFF7FFF7FFF7FFF7FFF7FFF7FFF7FFF7FFF7FFF7FFF7FFF7FFF7FFF7FFF
310
7FFF7FFF7FFF7FFF7FFF7FFF7FFF7FFF7FFF7FFF7FFF7FFF7FFF7FFF7FFF7FFF7FFF7FFF7FFF7FFF7FFF7FFF7FFF7FFF7FFF7FFF7FFF7FFF7FFF7FFF7FFF7FFF7FFF7FFF7FFF7FFF7FFF7FFF7FFF7FFF7FFF7FFF7FFF7FFF7FFF7FFF7FFF7FFF7FFF7FFF7FFF7FFF7FFF7FFF7FFF7FFF7FFF7FFF7FFF7FFF7FFF7FFF7FFF7F
310
FF7FFF7FFF7FFF7FFF7FFF7FFF7FFF7FFF7FFF7FFF7FFF7FFF7FFF7FFF7FFF7FFF7FFF7FFF7FFF7FFF7FFF7FFF7FFF7FFF7FFF7FFF7FFF7FFF7FFF7FFF7FFF7FFF7FFF7FFF7FFF7FFF7FFF7FFF7FFF7FFF7FFF7FFF7FFF7FFF7FFF7FFF7FFF7FFF7FFF7FFF7FFF7FFF7FFF7FFF7FFF7FFF7FFF7FFF7FFF7FFF7FFF7FFF7FFF
310
7FFF7FFF7FFF7FFF7FFF7FFF7FFF7FFF7FFF7FFF7FFF7FFF7FFF7FFF7FFF7FFF7FFF7FFF7FFF7FFF7FFF7FFF7FFF7FFF7FFF7FFF7FFF7FFF7FFF7FFF7FFF7FFF7FFF7FFFFF16EA9FA495C1750A01000000
  0
ENDSEC
  0
EOF
